listener_artist,chart_appearances,match_type,match_score,mbid,artist_mb,matched_name,Simplified_Genres
Taylor Swift,1611,exact_text,1.0,20244d07-534f-4eff-b4d4-930878889970,Taylor Swift,Taylor Swift,"Country, Pop"
Morgan Wallen,1031,exact_text,1.0,2077273e-eaa1-4f49-903c-f286ededecb9,Morgan Wallen,Morgan Wallen,Country
Madonna,857,exact_text,1.0,79239441-bfd5-4981-a70c-55c3f15c1287,Madonna,Madonna,"Electronic, Pop"
Kenny Chesney,783,exact_text,1.0,5dca4d22-d6c8-4e70-8ca1-4543e43353c7,Kenny Chesney,Kenny Chesney,Country
Tim McGraw,749,exact_text,1.0,7e5cfc9a-e9e1-46f1-b81a-861b12049488,Tim McGraw,Tim McGraw,"Country, Rock"
Keith Urban,674,exact_text,1.0,f45da029-7b00-4bf3-962c-0eeb20309cc4,Keith Urban,Keith Urban,Country
Stevie Wonder,659,exact_text,1.0,1ee18fb3-18a6-4c7f-8ba0-bc41cdd0462e,Stevie Wonder,Stevie Wonder,"Pop, R&B"
Rod Stewart,657,exact_text,1.0,a35237a0-4f47-40a6-b6f3-1e786db23402,Rod Stewart,Rod Stewart,"Country, Pop, R&B, Rock"
Mariah Carey,649,exact_text,1.0,494e8d09-f85b-4543-892f-a5096aed1cd4,Mariah Carey,Mariah Carey,"Hip-Hop, Pop, R&B"
Jason Aldean,633,exact_text,1.0,f24df11a-7e35-4979-a4db-a3b2a170ce27,Jason Aldean,Jason Aldean,Country
Michael Jackson,615,exact_text,1.0,f27ec8db-af05-4f36-916e-3d57f91ecf5e,Michael Jackson,Michael Jackson,"Pop, R&B"
Rascal Flatts,604,exact_text,1.0,6e0ae159-8449-4262-bba5-18ec87fa529f,Rascal Flatts,Rascal Flatts,Country
Rihanna,592,exact_text,1.0,73e5e69d-3554-40d8-8516-00cb38737a1c,Rihanna,Rihanna,"Pop, R&B"
Billy Joel,589,exact_text,1.0,64b94289-9474-4d43-8c93-918ccc1920d1,Billy Joel,Billy Joel,"Pop, Rock"
The Beatles,587,exact_text,1.0,b10bbbfc-cf9e-42e0-be17-e2c3e1d2600d,The Beatles,The Beatles,"Pop, Rock"
P!nk,570,exact_text,1.0,f4d5cc07-3bc9-4836-9b15-88a08359bc63,P!nk,P!nk,"Pop, R&B"
Aretha Franklin,569,exact_text,1.0,2f9ecbed-27be-40e6-abca-6de49d50299e,Aretha Franklin,Aretha Franklin,"Pop, R&B"
Whitney Houston,561,exact_text,1.0,0307edfc-437c-4b48-8700-80680e66a228,Whitney Houston,Whitney Houston,"Electronic, Pop, R&B"
Carrie Underwood,561,exact_text,1.0,70f0e309-5418-49b6-a130-666e2f76eecd,Carrie Underwood,Carrie Underwood,"Country, R&B"
Brad Paisley,559,exact_text,1.0,6cfd7ffc-824f-4219-8e27-4b9417700f44,Brad Paisley,Brad Paisley,Country
Neil Diamond,553,exact_text,1.0,a42d3fd5-55de-4206-86c3-4fbb5404018f,Neil Diamond,Neil Diamond,"Pop, Rock"
George Strait,553,exact_text,1.0,5ab2cf34-517e-48eb-b3a5-34e1cbcd600a,George Strait,George Strait,Country
The Weeknd,536,exact_text,1.0,c8b03190-306c-4120-bb0b-6f2ebfc06ea9,The Weeknd,The Weeknd,"Pop, R&B"
Blake Shelton,534,exact_text,1.0,2ad66473-ccb3-41d2-8756-b56680cdfe62,Blake Shelton,Blake Shelton,Country
Kelly Clarkson,531,exact_text,1.0,d339efbb-77b9-4147-ba9e-59f2f24550b2,Kelly Clarkson,Kelly Clarkson,Pop
Toby Keith,527,exact_text,1.0,2f951906-5629-4fef-a260-5033151c162a,Toby Keith,Toby Keith,Country
Luke Combs,527,exact_text,1.0,c20ee61f-071f-4e65-9c81-45ee931a54ce,Luke Combs,Luke Combs,"Country, R&B"
Ed Sheeran,526,exact_text,1.0,b8a7c51f-362c-4dcb-a259-bc6e0095f0a6,Ed Sheeran,Ed Sheeran,"Country, Pop"
Billie Eilish,521,exact_text,1.0,f4abc0b5-3f7a-4eff-8f78-ac078dbce533,Billie Eilish,Billie Eilish,"Electronic, Pop"
Chris Brown,517,exact_text,1.0,c234fa42-e6a6-443e-937e-2f4b073538a3,Chris Brown,Chris Brown,"Hip-Hop, Pop, R&B"
Bee Gees,516,exact_text,1.0,bf0f7e29-dfe1-416c-b5c6-f9ebc19ea810,Bee Gees,Bee Gees,"Pop, R&B, Rock"
Maroon 5,511,exact_text,1.0,0ab49580-c84f-44d4-875f-d83760ea2cfe,Maroon 5,Maroon 5,"Pop, R&B, Rock"
Elvis Presley,508,exact_text,1.0,01809552-4f87-45b0-afff-2c6f0730a3be,Elvis Presley,Elvis Presley,"Country, Pop, R&B, Rock"
Connie Francis,486,exact_text,1.0,5fcd7daf-25e1-47fd-9ba1-830b42708f84,Connie Francis,Connie Francis,"Country, Pop, Rock"
The Temptations,478,exact_text,1.0,d8df96ae-8fcf-4997-b3e6-e5d1aaf0f69e,The Temptations,The Temptations,R&B
Brenda Lee,471,exact_text,1.0,6ca4886a-8f77-4133-b404-46fb3908e24a,Brenda Lee,Brenda Lee,"Country, Pop, Rock"
Ariana Grande,471,exact_text,1.0,f4fdbb4c-e4b7-47a0-b83b-d91bbfcfa387,Ariana Grande,Ariana Grande,"Pop, R&B"
Dionne Warwick,451,exact_text,1.0,6784ee31-6d79-4a37-9e1f-01d6ef31940e,Dionne Warwick,Dionne Warwick,"Pop, R&B"
Dierks Bentley,447,exact_text,1.0,6bd7faa9-601f-44db-a2a6-239209f83156,Dierks Bentley,Dierks Bentley,Country
Imagine Dragons,442,exact_text,1.0,012151a8-0f9a-44c9-997f-ebd68b5389f9,Imagine Dragons,Imagine Dragons,"Electronic, Pop, Rock"
Aerosmith,429,exact_text,1.0,3d2b98e5-556f-4451-a3ff-c50ea18d57cb,Aerosmith,Aerosmith,Rock
Janet Jackson,429,exact_text,1.0,6be2828f-6c0d-4059-99d4-fa18acf1a296,Janet Jackson,Janet Jackson,"Electronic, Hip-Hop, Pop, R&B"
Bad Bunny,428,exact_text,1.0,89aa5ecb-59ad-46f5-b3eb-2d424e941f19,Bad Bunny,Bad Bunny,"Hip-Hop, Pop"
R. Kelly,427,exact_text,1.0,c2d25856-a09a-4d15-b404-77dd19c19e63,R. Kelly,R. Kelly,"Hip-Hop, Pop, R&B"
Nickelback,425,exact_text,1.0,bc710bcf-8815-42cf-bad2-3f1d12246aeb,Nickelback,Nickelback,"Pop, Rock"
Diana Ross,424,exact_text,1.0,60d41417-feda-4734-bbbf-7dcc30e08a83,Diana Ross,Diana Ross,"Electronic, Pop, R&B"
Justin Bieber,422,exact_text,1.0,e0140a67-e4d1-4f13-8a01-364355bee46e,Justin Bieber,Justin Bieber,"Electronic, Pop, R&B"
Gladys Knight And The Pips,416,exact_text,1.0,ca825016-f7fd-4ccf-a523-6ee36ea88828,Gladys Knight & the Pips,Gladys Knight & the Pips,"Pop, R&B"
Britney Spears,413,exact_text,1.0,45a663b5-b1cb-4a91-bff6-2bef7bbfdd76,Britney Spears,Britney Spears,"Electronic, Pop"
Bon Jovi,410,exact_text,1.0,5dcdb5eb-cb72-4e6e-9e63-b7bace604965,Bon Jovi,Bon Jovi,"Pop, Rock"
Olivia Newton-John,408,fuzzy,0.9714,10ccb5d8-f9d5-4954-9441-3419b522a214,Olivia Newton‐John,Olivia Newton‐John,"Country, Pop"
Phil Collins,406,exact_text,1.0,401c3991-b76b-499d-8082-9f2df958ef78,Phil Collins,Phil Collins,"Pop, Rock"
Cher,402,exact_text,1.0,bfcc6d75-a6a5-4bc6-8282-47aec8531818,Cher,Cher,Country
Donna Summer,399,exact_text,1.0,b60527cc-54f3-4bbe-a01b-dcf34c95ae14,Donna Summer,Donna Summer,"Electronic, Pop, R&B"
Lady Gaga,399,exact_text,1.0,650e7db6-b795-4eb5-a702-5ea2fc46c848,Lady Gaga,Lady Gaga,"Electronic, Jazz, Pop"
Katy Perry,395,exact_text,1.0,122d63fc-8671-43e4-9752-34e846d62a9c,Katy Perry,Katy Perry,"Pop, R&B, Rock"
Marvin Gaye,393,exact_text,1.0,afdb7919-059d-43c1-b668-ba1d265e7e42,Marvin Gaye,Marvin Gaye,"Jazz, R&B"
Barry Manilow,387,exact_text,1.0,7bb60591-46f3-4147-b692-1814a87e832e,Barry Manilow,Barry Manilow,Pop
SZA,382,exact_text,1.0,272989c8-5535-492d-a25c-9f58803e027f,SZA,SZA,"Hip-Hop, Pop, R&B"
James Brown,381,exact_text,1.0,20ff3303-4fe2-4a47-a1b6-291e26aa3438,James Brown,James Brown,R&B
Paul Anka,380,exact_text,1.0,420c6768-0885-415a-bb59-d6a275121125,Paul Anka,Paul Anka,"Jazz, Pop, R&B, Rock"
Alan Jackson,380,exact_text,1.0,7291957b-c463-4275-a41c-a104c9e2337f,Alan Jackson,Alan Jackson,"Country, R&B"
Bruno Mars,380,exact_text,1.0,afb680f2-b6eb-4cd7-a70b-a63b25c763d5,Bruno Mars,Bruno Mars,"Pop, R&B"
Eminem,379,exact_text,1.0,b95ce3ff-3d05-4e87-9e01-c97b66af13d4,Eminem,Eminem,"Hip-Hop, Rock"
Sabrina Carpenter,377,exact_text,1.0,1882fe91-cdd9-49c9-9956-8e06a3810bd4,Sabrina Carpenter,Sabrina Carpenter,"Electronic, Pop, R&B"
U2,376,exact_text,1.0,a3cb23fc-acd3-4ce0-8f36-1e5aa6a18432,U2,U2,"Pop, Rock"
Thomas Rhett,373,exact_text,1.0,bca8bfc0-9d5b-449b-b713-914596f88d56,Thomas Rhett,Thomas Rhett,Country
Miley Cyrus,371,exact_text,1.0,7e9bd05a-117f-4cce-87bc-e011527a8b18,Miley Cyrus,Miley Cyrus,"Pop, Rock"
Bobby Vinton,369,exact_text,1.0,f37f26ea-6a9a-49b8-9614-bdad762f1ba6,Bobby Vinton,Bobby Vinton,Pop
Four Tops,367,exact_text,1.0,0d21b01f-21f2-419b-8d98-4158ba0c0aa4,Four Tops,Four Tops,"Pop, R&B"
Kanye West,365,exact_text,1.0,164f0d73-1234-4e2c-8743-d77bf2191051,Kanye West,Kanye West,"Hip-Hop, Pop, R&B"
Post Malone,365,exact_text,1.0,b1e26560-60e5-4236-bbdb-9aa5a8d5ee19,Post Malone,Post Malone,"Country, Hip-Hop, Pop, R&B"
Andy Williams,364,exact_text,1.0,57cb4257-9855-4a42-b1be-bfba1d9b520d,Andy Williams,Andy Williams,Pop
Adele,360,exact_text,1.0,cc2c9c3c-b7bc-4b8b-84d8-4fbd8779e493,Adele,Adele,"Pop, R&B"
Bryan Adams,359,exact_text,1.0,4dbf5678-7a31-406a-abbe-232f8ac2cd63,Bryan Adams,Bryan Adams,"Pop, Rock"
Brook Benton,358,exact_text,1.0,e449337e-4192-415d-88d0-81352c068d2c,Brook Benton,Brook Benton,"Pop, R&B"
Fleetwood Mac,355,exact_text,1.0,bd13909f-1c29-4c27-a874-d4aaf27c5b1a,Fleetwood Mac,Fleetwood Mac,"Pop, Rock"
Commodores,354,exact_text,1.0,900ab237-327b-44e2-87e4-73250bbe025a,Commodores,Commodores,"Pop, R&B"
Dua Lipa,354,exact_text,1.0,6f1a58bf-9b1b-49cf-a44a-6cefad7ae04f,Dua Lipa,Dua Lipa,"Electronic, Pop, R&B"
Jackie Wilson,352,exact_text,1.0,f0bf4fa0-028e-452f-82d3-7d4375e105dd,Jackie Wilson,Jackie Wilson,"Pop, R&B, Rock"
Ray Charles,352,exact_text,1.0,2ce02909-598b-44ef-a456-151ba0a3bd70,Ray Charles,Ray Charles,"Country, Jazz, R&B, Rock"
Barbra Streisand,352,exact_text,1.0,56cd15a1-0d74-438b-8244-c96ffe1cae03,Barbra Streisand,Barbra Streisand,"Jazz, Pop, R&B"
Justin Timberlake,350,exact_text,1.0,596ffa74-3d08-44ef-b113-765d43d12738,Justin Timberlake,Justin Timberlake,"Pop, R&B"
Linkin Park,345,exact_text,1.0,f59c5520-5f46-4d2c-b2c4-822eabf53419,Linkin Park,Linkin Park,"Pop, Rock"
Lionel Richie,340,exact_text,1.0,3cb25fb2-5547-4b05-adec-1a5e37830d46,Lionel Richie,Lionel Richie,"Pop, R&B"
Faith Hill,337,exact_text,1.0,406552d4-5ba1-4226-b7c0-367bc50fc767,Faith Hill,Faith Hill,"Country, Pop"
Bobby Darin,335,exact_text,1.0,1f223eed-aa38-49da-9e76-62ab3adc2e04,Bobby Darin,Bobby Darin,"Country, Jazz, Pop, Rock"
Nicki Minaj,333,exact_text,1.0,1036b808-f58c-4a3e-b461-a2c4492ecf1b,Nicki Minaj,Nicki Minaj,"Hip-Hop, Pop, R&B"
Lil Baby,333,exact_text,1.0,d42a5768-ada1-4fb6-85fd-f61aba6264e0,Lil Baby,Lil Baby,Hip-Hop
Bruce Springsteen,329,exact_text,1.0,70248960-cb53-4ea4-943a-edb18f7d336f,Bruce Springsteen,Bruce Springsteen,"Country, Pop, Rock"
Celine Dion,326,exact_text,1.0,847e8a0c-cc20-4213-9e16-975515c2a926,Céline Dion,Céline Dion,"Pop, R&B"
Sam Cooke,325,exact_text,1.0,6c8fd0be-d961-454c-aee0-4366a6dbc993,Sam Cooke,Sam Cooke,R&B
Miranda Lambert,324,exact_text,1.0,4eca1aa0-c79f-481b-af8a-4a2d6c41aa5c,Miranda Lambert,Miranda Lambert,Country
Olivia Rodrigo,322,exact_text,1.0,6925db17-f35e-42f3-a4eb-84ee6bf5d4b0,Olivia Rodrigo,Olivia Rodrigo,"Country, Pop, Rock"
Huey Lewis & The News,320,exact_text,1.0,2be6ae30-d220-4419-80da-2a46813ed872,Huey Lewis and the News,Huey Lewis and the News,"Pop, R&B, Rock"
Kendrick Lamar,320,exact_text,1.0,381086ea-f511-4aba-bdf9-71c753dc5077,Kendrick Lamar,Kendrick Lamar,Hip-Hop
Fats Domino,318,exact_text,1.0,e787de5d-49e2-4b1f-9bde-1fd3a671b971,Fats Domino,Fats Domino,"Jazz, R&B, Rock"
Montgomery Gentry,313,exact_text,1.0,d39f9276-32c1-4b84-9389-d77dbc3801ae,Montgomery Gentry,Montgomery Gentry,"Country, Rock"
Alicia Keys,313,exact_text,1.0,8ef1df30-ae4f-4dbd-9351-1a32b208a01e,Alicia Keys,Alicia Keys,"Hip-Hop, Pop, R&B"
Neil Sedaka,310,exact_text,1.0,577d92bd-32ac-48b6-86df-4db6b0b52fbf,Neil Sedaka,Neil Sedaka,"Pop, R&B, Rock"
Chubby Checker,309,exact_text,1.0,920febb2-ea05-4339-8a08-17294e60c736,Chubby Checker,Chubby Checker,Rock
Glen Campbell,309,exact_text,1.0,57976431-1a5c-4968-a422-b92c5e9b0d4f,Glen Campbell,Glen Campbell,"Country, Pop, R&B"
Michael Bolton,306,exact_text,1.0,e8bee5d1-a3a5-4c1a-ada4-f1ca22101e84,Michael Bolton,Michael Bolton,"Pop, R&B, Rock"
OneRepublic,306,exact_text,1.0,c33c2065-b1c3-4406-b066-d33a9e2ea71a,OneRepublic,OneRepublic,"Pop, Rock"
Linda Ronstadt,304,exact_text,1.0,498f2581-be21-4eef-8756-fbb89d79b1c0,Linda Ronstadt,Linda Ronstadt,"Country, Pop, R&B, Rock"
Kenny Rogers,303,exact_text,1.0,c3d14b41-a48d-488f-bfed-ce0597bb0b1f,Kenny Rogers,Kenny Rogers,"Country, Pop"
Kenny Loggins,301,exact_text,1.0,15042d2b-2d4c-4451-a96a-6f547642de13,Kenny Loggins,Kenny Loggins,"Country, Pop, R&B, Rock"
Duran Duran,300,exact_text,1.0,1a1cd7f3-e5df-4eca-bae2-2757c9e656b5,Duran Duran,Duran Duran,"Pop, Rock"
Backstreet Boys,299,exact_text,1.0,2f569e60-0a1b-4fb9-95a4-3dc1525d1aad,Backstreet Boys,Backstreet Boys,"Pop, R&B"
Doja Cat,298,exact_text,1.0,5df62a88-cac9-490a-b62c-c7c88f4020f4,Doja Cat,Doja Cat,"Hip-Hop, Pop, R&B"
Toni Braxton,296,exact_text,1.0,3c8a8696-e176-4c46-a2d3-48b6b1525c7f,Toni Braxton,Toni Braxton,"Pop, R&B"
Coldplay,296,exact_text,1.0,cc197bad-dc9c-440d-a5b5-d52ba2e14234,Coldplay,Coldplay,"Pop, Rock"
Def Leppard,295,exact_text,1.0,7249b899-8db8-43e7-9e6e-22f1e736024e,Def Leppard,Def Leppard,Rock
John Denver,292,exact_text,1.0,34e10b51-b5c6-4bc1-b70e-f05f141eda1e,John Denver,John Denver,"Country, Pop"
Destiny's Child,292,fuzzy,0.9655,a796b92e-c137-4895-9c89-10f900617a4f,Destiny’s Child,Destiny’s Child,"Hip-Hop, Pop, R&B"
Van Halen,289,exact_text,1.0,b665b768-0d83-4363-950c-31ed39317c15,Van Halen,Van Halen,"Pop, Rock"
Rick Springfield,288,exact_text,1.0,88543892-2eef-4a6a-a84c-5b8502b80421,Rick Springfield,Rick Springfield,"Pop, Rock"
Luther Vandross,287,exact_text,1.0,816d9b5d-eaf9-4a97-b5f7-6e82cd01aafe,Luther Vandross,Luther Vandross,R&B
Wilson Pickett,286,exact_text,1.0,fc6214b3-6d82-4803-be74-01ece1723e42,Wilson Pickett,Wilson Pickett,R&B
Roy Orbison,285,exact_text,1.0,0bbbc496-c7b5-4b3f-bb6d-bd312827d6e5,Roy Orbison,Roy Orbison,"Country, Pop, Rock"
Billy Currington,285,exact_text,1.0,dbf94c49-0dd9-4f72-85d5-f548beb453f6,Billy Currington,Billy Currington,Country
The Supremes,284,exact_text,1.0,c1aa2ec9-53e7-4d90-8d36-bac75832e986,The Supremes,The Supremes,"Pop, R&B"
Shania Twain,284,exact_text,1.0,faabb55d-3c9e-4c23-8779-732ac2ee2c0d,Shania Twain,Shania Twain,Country
LeAnn Rimes,284,exact_text,1.0,9092d8e1-9b38-4372-a96d-000b8561a8bc,LeAnn Rimes,LeAnn Rimes,"Country, Pop"
Anne Murray,283,exact_text,1.0,cff63c14-b081-4686-9357-eea84d5348fc,Anne Murray,Anne Murray,"Country, Pop"
Eddie Money,282,exact_text,1.0,0e990816-cb3e-4930-a2eb-77909e42cd66,Eddie Money,Eddie Money,"Pop, Rock"
John Mellencamp,280,exact_text,1.0,0aad6b52-fd93-4ea4-9c5d-1f66e1bc9f0a,John Mellencamp,John Mellencamp,"Country, Rock"
One Direction,279,exact_text,1.0,1a425bbd-cca4-4b2c-aeb7-71cb176c828a,One Direction,One Direction,Pop
Gloria Estefan,276,exact_text,1.0,becd8cc6-a453-4183-af88-dedaaec859a6,Gloria Estefan,Gloria Estefan,Pop
Lonestar,276,exact_text,1.0,407592bd-6b6e-4803-80fd-f17e59446734,Lonestar,Lonestar,Country
Jason Derulo,275,exact_text,1.0,6de0f914-3e60-4418-be3b-42e0feb6eb4d,Jason Derulo,Jason Derulo,"Electronic, Pop, R&B"
The Drifters,274,exact_text,1.0,9e2d3f58-0653-4007-bcb7-1746fcdd9363,The Drifters,The Drifters,"Pop, R&B"
Frank Sinatra,274,exact_text,1.0,197450cd-0124-4164-b723-3c22dd16494d,Frank Sinatra,Frank Sinatra,"Jazz, Pop"
David Bowie,272,exact_text,1.0,5441c29d-3602-4898-b1a1-b77fa23b8e50,David Bowie,David Bowie,"Electronic, Pop, Rock"
Aaliyah,271,exact_text,1.0,bc85da58-52d9-457d-ae8d-5d8d4ec870a9,Aaliyah,Aaliyah,"Hip-Hop, Pop, R&B"
Travis Scott,270,exact_text,1.0,e4a51f17-a57b-47b1-b37b-f552d0f8e9e6,Travis Scott,Travis Scott,Hip-Hop
REO Speedwagon,268,exact_text,1.0,bdc70372-7e8a-4cb9-8d33-f036b3b7cdc1,REO Speedwagon,REO Speedwagon,"Pop, Rock"
Avril Lavigne,268,exact_text,1.0,0103c1cc-4a09-4a5d-a344-56ad99a77193,Avril Lavigne,Avril Lavigne,"Pop, Rock"
James Brown And The Famous Flames,264,exact_text,1.0,c6db5c68-da57-41f9-8472-3da2e42977c4,James Brown & The Famous Flames,James Brown & The Famous Flames,R&B
Helen Reddy,263,exact_text,1.0,0f4681f3-1d4d-4463-8a68-eaa60d6d6865,Helen Reddy,Helen Reddy,Pop
Martina McBride,262,exact_text,1.0,b0a55bd8-60c7-45c1-b78e-f20e4c8adba1,Martina McBride,Martina McBride,Country
Jake Owen,262,exact_text,1.0,508f4f83-26dc-4d21-98d9-1a8c04d5ad4a,Jake Owen,Jake Owen,Country
ABBA,261,exact_text,1.0,d87e52c5-bb8d-4da8-b941-9f4928627dc8,ABBA,ABBA,"Pop, R&B"
Harry Styles,261,exact_text,1.0,7eb1ce54-a355-41f9-8d68-e018b096d427,Harry Styles,Harry Styles,Pop
Pat Benatar,257,exact_text,1.0,6bc658ea-005f-486b-8f94-33a2e40f7a72,Pat Benatar,Pat Benatar,"Pop, Rock"
Demi Lovato,257,exact_text,1.0,faf4cefb-036c-4c88-b93a-5b03dd0a0e6b,Demi Lovato,Demi Lovato,Pop
Natalie Cole,254,exact_text,1.0,eb45032c-80da-469c-be20-1d09f08ef37f,Natalie Cole,Natalie Cole,"Jazz, Pop, R&B"
Smokey Robinson,253,exact_text,1.0,c19ff12b-058f-44a8-b245-b0efb4752925,Smokey Robinson,Smokey Robinson,"Pop, R&B"
Christina Aguilera,253,exact_text,1.0,b202beb7-99bd-47e7-8b72-195c8d72ebdd,Christina Aguilera,Christina Aguilera,"Hip-Hop, Pop, R&B"
The O'Jays,252,fuzzy,0.9474,8153c6ef-026c-481f-b081-974f2c948d9f,The O’Jays,The O’Jays,R&B
Sheryl Crow,252,exact_text,1.0,80ccfede-c258-4575-a7ad-c982e9932e0f,Sheryl Crow,Sheryl Crow,"Country, Pop, Rock"
Al Martino,251,exact_text,1.0,8dd7d6f8-8ede-4ecd-84a6-e40dd235c075,Al Martino,Al Martino,"Jazz, Pop"
Bobby Rydell,251,exact_text,1.0,05ae3db6-4d20-4ea2-97a6-024d3f0e56c8,Bobby Rydell,Bobby Rydell,"Pop, R&B, Rock"
Pat Boone,249,exact_text,1.0,52e94208-f7c8-4e07-97ed-d5edeb0cfe60,Pat Boone,Pat Boone,"Country, Pop, R&B"
Eric Clapton,247,exact_text,1.0,618b6900-0618-4f1e-b835-bccb17f84294,Eric Clapton,Eric Clapton,"Jazz, Rock"
R.E.M.,247,exact_text,1.0,ea4dfa26-f633-4da6-a52a-f49ea4897b58,R.E.M.,R.E.M.,"Country, Rock"
Jerry Butler,245,exact_text,1.0,fec55784-ff5c-4992-83dd-1f7c4b10c6bf,Jerry Butler,Jerry Butler,R&B
Jonas Brothers,245,exact_text,1.0,6e019bc6-5c23-4935-94f0-4a896631d846,Jonas Brothers,Jonas Brothers,"Pop, Rock"
Trey Songz,241,exact_text,1.0,4d7304f6-7fe3-4959-9d98-01a5af84afe6,Trey Songz,Trey Songz,R&B
Carly Simon,239,exact_text,1.0,c4df30f5-5487-4806-9189-b69c9f27532c,Carly Simon,Carly Simon,"Country, Pop"
John Mayer,239,exact_text,1.0,144ef525-85e9-40c3-8335-02c32d0861f3,John Mayer,John Mayer,"Jazz, Pop, Rock"
The Miracles,238,exact_text,1.0,6a4c2d34-7f7f-4f87-b17f-b5540aa840db,The Miracles,The Miracles,"R&B, Rock"
T.I.,237,exact_text,1.0,f7ba7fbe-c6bd-4ac0-bee9-c25c558d7d62,T.I.,T.I.,Hip-Hop
Shawn Mendes,236,exact_text,1.0,b7d92248-97e3-4450-8057-6fe06738f735,Shawn Mendes,Shawn Mendes,"Country, Pop"
Johnny Tillotson,235,exact_text,1.0,2e044523-e7a8-4167-99b4-f835b88ff712,Johnny Tillotson,Johnny Tillotson,"Country, Pop"
Tina Turner,235,exact_text,1.0,9072df14-b61e-42e2-b4f4-6bbb7fdb5586,Tina Turner,Tina Turner,"Pop, R&B, Rock"
Matchbox Twenty,235,exact_text,1.0,75af9d25-cf32-49c0-9192-60bd8e9784e6,Matchbox Twenty,Matchbox Twenty,"Pop, Rock"
Juice WRLD,232,exact_text,1.0,4e4ebde4-0c56-4dec-844b-6c73adcdd92d,Juice WRLD,Juice WRLD,"Hip-Hop, Rock"
Johnny Mathis,231,exact_text,1.0,48896dee-a985-424d-9849-84802f7e79c9,Johnny Mathis,Johnny Mathis,"Jazz, Pop"
Dean Martin,231,exact_text,1.0,5e6c760b-42e0-4df4-a221-0269355da00a,Dean Martin,Dean Martin,"Country, Jazz, Pop"
The Who,231,exact_text,1.0,9fdaa16b-a6c4-4831-b87c-bc9ca8ce7eaa,The Who,The Who,"Pop, Rock"
Tate McRae,230,exact_text,1.0,f9133869-f87c-459c-9aa7-2f176cda7e06,Tate McRae,Tate McRae,Pop
Steve Winwood,228,exact_text,1.0,885f90ef-6bd9-409a-b2df-e165e553c68e,Steve Winwood,Steve Winwood,"Pop, R&B, Rock"
Darius Rucker,227,exact_text,1.0,3ae70f76-ea53-4cc5-906e-d47a384202a1,Darius Rucker,Darius Rucker,"Country, Jazz, Pop, R&B, Rock"
Alice Cooper,226,exact_text,1.0,ee58c59f-8e7f-4430-b8ca-236c4d3745ae,Alice Cooper,Alice Cooper,Rock
Air Supply,226,exact_text,1.0,df9a1914-7fad-4900-bdd4-d7811712a2a8,Air Supply,Air Supply,Pop
INXS,225,exact_text,1.0,481bf5f9-2e7c-4c44-b08a-05b32bc7c00d,INXS,INXS,Rock
New Edition,225,exact_text,1.0,b4b94b15-1535-48a4-aa1e-d44e55d75bc5,New Edition,New Edition,"Hip-Hop, Pop, R&B"
En Vogue,225,exact_text,1.0,9a883a69-436b-4d17-9ffd-122a9bf4419a,En Vogue,En Vogue,"Electronic, Hip-Hop, Pop, R&B"
Selena Gomez,224,exact_text,1.0,e4bc69e2-a064-4f93-ada1-f7f209cc1cc3,Selena Gomez,Selena Gomez,"Electronic, Pop"
Gene Pitney,223,exact_text,1.0,828b1208-2ce4-40c1-b659-11d7f540748c,Gene Pitney,Gene Pitney,"Country, Pop"
Sugarland,220,exact_text,1.0,f87b740a-c22b-4fae-9987-1f3e16f840c4,Sugarland,Sugarland,Country
The Kinks,217,exact_text,1.0,17b53d9f-5c63-4a09-a593-dde4608e0db9,The Kinks,The Kinks,"Pop, Rock"
The Marvelettes,216,exact_text,1.0,faca5707-ce1a-4276-a5bc-a4061bfb33d2,The Marvelettes,The Marvelettes,"Pop, R&B, Rock"
Bobby Goldsboro,216,exact_text,1.0,a85c70af-90e4-4a7c-83b1-e1bd567d7d2f,Bobby Goldsboro,Bobby Goldsboro,"Country, Pop"
Billy Ocean,216,exact_text,1.0,0e422e91-a42a-4b4d-8413-9baff67350f2,Billy Ocean,Billy Ocean,"Country, Pop, R&B"
The Hollies,215,exact_text,1.0,d4305549-6b4e-4a57-b24d-8af0743fe191,The Hollies,The Hollies,"Pop, Rock"
Dr. Hook,215,exact_text,1.0,1c893468-37a9-4fb7-909f-929751a8ebed,Dr. Hook,Dr. Hook,"Country, Pop, R&B, Rock"
Lenny Kravitz,215,exact_text,1.0,0ef3f425-9bd2-4216-9dd2-219d2fe90f1f,Lenny Kravitz,Lenny Kravitz,"R&B, Rock"
Chappell Roan,214,exact_text,1.0,56a55378-f155-48de-80a5-d80104221267,Chappell Roan,Chappell Roan,Pop
Bette Midler,212,exact_text,1.0,ed333e8b-d18a-49fc-b361-4ec9731dfdba,Bette Midler,Bette Midler,Pop
Paula Abdul,212,exact_text,1.0,275d1fca-22e8-46b9-85e6-c3523098a599,Paula Abdul,Paula Abdul,"Electronic, Hip-Hop, Pop, R&B"
Al Green,211,exact_text,1.0,fb7272ba-f130-4f0a-934d-6eeea4c18c9a,Al Green,Al Green,R&B
Trace Adkins,211,exact_text,1.0,3dc9c919-508f-4255-b05e-0eed6a28137d,Trace Adkins,Trace Adkins,Country
Bobby Vee,208,exact_text,1.0,97ebb1b4-1d9c-4303-bb60-074c993e2d53,Bobby Vee,Bobby Vee,"Pop, Rock"
Jodeci,207,exact_text,1.0,ed7e12c4-0c08-477c-bd64-5eaa96b9f853,Jodeci,Jodeci,"Hip-Hop, R&B"
Joe Tex,206,exact_text,1.0,bb25e0ba-fd11-4d2a-8ec3-f5674f67c874,Joe Tex,Joe Tex,R&B
Bobby Brown,206,exact_text,1.0,d11f9c07-0eac-4a1f-a443-19cd0f63d5f0,Bobby Brown,Bobby Brown,"Electronic, Hip-Hop, Pop, R&B"
Chris Stapleton,205,exact_text,1.0,71d58182-aa37-4c04-b21a-efe46ea0f221,Chris Stapleton,Chris Stapleton,"Country, R&B"
Frankie Avalon,204,exact_text,1.0,a21c1636-c622-48b7-bf6a-d9032645aa55,Frankie Avalon,Frankie Avalon,"Jazz, Pop, Rock"
Cheap Trick,203,exact_text,1.0,9f870653-72b0-4c6d-8c59-439a95963e09,Cheap Trick,Cheap Trick,"Pop, Rock"
SWV,201,exact_text,1.0,fffc6a35-ae65-48be-bcc0-9d604e05665e,SWV,SWV,"Hip-Hop, R&B"
Metallica,200,exact_text,1.0,65f4f0c5-ef9e-490c-aee3-909e7ae6b2ab,Metallica,Metallica,Rock
The Shirelles,199,exact_text,1.0,a8540ea0-1a74-4c22-8b70-1348a77a74a0,The Shirelles,The Shirelles,"Pop, R&B, Rock"
Jr. Walker & The All Stars,199,exact_text,1.0,07d78001-dde0-489c-9281-d2fa98a85de4,Jr. Walker & the All Stars,Jr. Walker & the All Stars,"Pop, R&B, Rock"
Taylor Dayne,199,exact_text,1.0,c0cd3de7-4654-482b-913b-6fd7dc4ce9a4,Taylor Dayne,Taylor Dayne,"Pop, R&B"
Ricky Nelson,198,fuzzy,0.9565,0b511854-c21c-4af1-9c31-e3fc178ded61,Rick Nelson,Rick Nelson,"Country, Pop, Rock"
B.B. King,198,exact_text,1.0,dcb03ce3-67a5-4eb3-b2d1-2a12d93a38f3,B.B. King,B.B. King,"Jazz, R&B, Rock"
Cyndi Lauper,198,exact_text,1.0,7bd9e20e-74b9-446a-a2ed-a223f82a36e7,Cyndi Lauper,Cyndi Lauper,"Pop, Rock"
Sam Smith,198,exact_text,1.0,5a85c140-dcf9-4dd2-b2c8-aff0471549f3,Sam Smith,Sam Smith,"Electronic, Pop, R&B"
Johnny Cash,197,exact_text,1.0,d43d12a1-2dc9-4257-a2fd-0a3bb1081b86,Johnny Cash,Johnny Cash,"Country, Jazz, R&B, Rock"
Depeche Mode,197,exact_text,1.0,8538e728-ca0b-4321-b7e5-cff6565dd4c0,Depeche Mode,Depeche Mode,"Pop, Rock"
OutKast,197,exact_text,1.0,73fdb566-a9b1-494c-9f32-51768ec9fd27,OutKast,OutKast,Hip-Hop
Tom Petty And The Heartbreakers,196,exact_text,1.0,f93dbc64-6f08-4033-bcc7-8a0bb4689849,Tom Petty and the Heartbreakers,Tom Petty and the Heartbreakers,"Country, Rock"
Billy Idol,195,exact_text,1.0,47c8f88b-987a-4b64-9175-2b1b57809727,Billy Idol,Billy Idol,"Pop, Rock"
Ginuwine,193,exact_text,1.0,9e5fd95d-c0c1-412c-be11-06e7fbe99556,Ginuwine,Ginuwine,R&B
Jermaine Jackson,192,exact_text,1.0,ccbdc2ab-1055-44d5-8417-a6b4898bf91b,Jermaine Jackson,Jermaine Jackson,"Pop, R&B"
Roxette,191,exact_text,1.0,d3b2711f-2baa-441a-be95-14945ca7e6ea,Roxette,Roxette,"Pop, Rock"
Petula Clark,190,exact_text,1.0,40e69149-45a7-4dab-8128-c5a4d9654eeb,Petula Clark,Petula Clark,Pop
Laura Branigan,190,exact_text,1.0,917976a6-75b1-46af-b57b-71f13de20422,Laura Branigan,Laura Branigan,"Electronic, Pop, R&B, Rock"
Tommy James And The Shondells,188,exact_text,1.0,a13c01e2-7739-4b25-af65-38e2fcb560e2,Tommy James & the Shondells,Tommy James & the Shondells,"Pop, Rock"
Salt-N-Pepa,188,fuzzy,0.9,26bcd35d-56a3-4e4d-8ad7-7bc5787c3af1,Salt‐N‐Pepa,Salt‐N‐Pepa,"Hip-Hop, Pop"
Jon Secada,187,exact_text,1.0,01d76a27-ee74-4e50-9383-b2f0683bae76,Jon Secada,Jon Secada,"Pop, R&B"
50 Cent,187,exact_text,1.0,8e68819d-71be-4e7d-b41d-f1df81b01d3f,50 Cent,50 Cent,Hip-Hop
Ray Stevens,186,exact_text,1.0,140220f3-95fe-417a-8b66-4102d2deacb9,Ray Stevens,Ray Stevens,"Country, Pop, R&B"
Tommy Roe,186,exact_text,1.0,01e708f5-bb89-44b5-84db-df544cff636d,Tommy Roe,Tommy Roe,"Pop, Rock"
Jefferson Starship,186,exact_text,1.0,4854429b-66f7-41c0-a89c-030bb7ccf958,Jefferson Starship,Jefferson Starship,"Pop, Rock"
Jackson Browne,185,exact_text,1.0,88527d26-7496-47c5-8358-ebdb1868a90f,Jackson Browne,Jackson Browne,"Country, Pop, Rock"
Colbie Caillat,185,exact_text,1.0,efc8a006-d0c6-4a9b-8cb1-91ca770fa2b9,Colbie Caillat,Colbie Caillat,"Country, Pop"
Bob Dylan,184,exact_text,1.0,72c536dc-7137-4477-a521-567eeb840fa8,Bob Dylan,Bob Dylan,"Country, Jazz, Pop, R&B, Rock"
Keith Sweat,184,exact_text,1.0,33ecb3d1-9ece-4462-b231-ce6e7a82dd50,Keith Sweat,Keith Sweat,"Hip-Hop, R&B"
Sarah McLachlan,184,exact_text,1.0,ce58d854-7430-4231-aa44-97f0144b3372,Sarah McLachlan,Sarah McLachlan,"Country, Pop"
Ellie Goulding,183,exact_text,1.0,33ca19f4-18c8-4411-98df-ac23890ce9f5,Ellie Goulding,Ellie Goulding,"Electronic, Pop"
Donny Osmond,182,exact_text,1.0,0caf9760-a755-4f14-a0ac-f669991527ab,Donny Osmond,Donny Osmond,"Country, Pop"
Bad Company,182,exact_text,1.0,0053dbd9-bfbc-4e38-9f08-66a27d914c38,Bad Company,Bad Company,Rock
Paul Simon,181,exact_text,1.0,05517043-ff78-4988-9c22-88c68588ebb9,Paul Simon,Paul Simon,"Country, Pop, Rock"
ZZ Top,181,exact_text,1.0,a81259a0-a2f5-464b-866e-71220f2739f1,ZZ Top,ZZ Top,Rock
Anita Baker,181,exact_text,1.0,02349767-d5ac-4528-892d-17b6d40107a1,Anita Baker,Anita Baker,"Jazz, R&B"
Savage Garden,181,exact_text,1.0,a871fd87-50f7-4032-b06d-da56779edcce,Savage Garden,Savage Garden,Pop
Dan Fogelberg,180,exact_text,1.0,b1a7ac99-2ea9-4d3e-b17f-1cad379e46ae,Dan Fogelberg,Dan Fogelberg,"Country, Pop, Rock"
Jon Pardi,180,exact_text,1.0,ad590765-191c-4c07-9d64-49633488e9a8,Jon Pardi,Jon Pardi,Country
*NSYNC,179,exact_text,1.0,603ba565-3967-4be1-931e-9cb945394e86,*NSYNC,*NSYNC,"Pop, R&B"
Meghan Trainor,179,exact_text,1.0,b2029169-2574-4305-820f-252a5fde3697,Meghan Trainor,Meghan Trainor,"Pop, R&B"
Otis Redding,178,exact_text,1.0,82b1f5fd-cd31-41a9-b5d4-7e33f0eb9751,Otis Redding,Otis Redding,R&B
Loverboy,178,exact_text,1.0,c11ba128-03b1-404d-ae88-452524b7ecc3,Loverboy,Loverboy,"Pop, Rock"
Cardi B,178,exact_text,1.0,2f3c4d70-0462-40da-bba3-0aec5772c556,Cardi B,Cardi B,Hip-Hop
Tevin Campbell,177,exact_text,1.0,f368568b-1f9f-4d29-99e7-89a2125d0cfe,Tevin Campbell,Tevin Campbell,"Hip-Hop, Pop, R&B"
Marty Robbins,176,exact_text,1.0,2c2add7c-9a99-4812-a20e-870d331f01fd,Marty Robbins,Marty Robbins,"Country, Pop, Rock"
Etta James,176,exact_text,1.0,e22d2f66-881e-41ca-9356-544697ee5f90,Etta James,Etta James,"Jazz, R&B, Rock"
Cliff Richard,176,exact_text,1.0,b5c2fdfc-d037-45b8-84f9-09ebb7ff8aa1,Cliff Richard,Cliff Richard,"Pop, Rock"
The Police,176,exact_text,1.0,9e0e2b01-41db-4008-bd8b-988977d6019a,The Police,The Police,"Pop, Rock"
Steely Dan,175,exact_text,1.0,e01c3376-15fa-40d7-b747-5f219bdefdd7,Steely Dan,Steely Dan,"Jazz, Pop"
Barry White,175,exact_text,1.0,b904d624-9e05-4398-8f4f-88fbcf022f79,Barry White,Barry White,R&B
Eurythmics,175,exact_text,1.0,b4d32cff-f19e-455f-86c4-f347d824ca61,Eurythmics,Eurythmics,"Pop, R&B, Rock"
Chuck Berry,174,exact_text,1.0,592a3b6d-c42b-4567-99c9-ecf63bd66499,Chuck Berry,Chuck Berry,"R&B, Rock"
George Benson,173,exact_text,1.0,467f69b6-8d6d-4d2c-bfad-e89adf2806ff,George Benson,George Benson,"Jazz, Pop, R&B"
Nelly,173,exact_text,1.0,811900b2-68fc-4d41-8bad-69b7a1f4d628,Nelly,Nelly,"Country, Hip-Hop, Pop, R&B"
Eddie Rabbitt,172,exact_text,1.0,486d04cf-355f-4afb-a694-a895918c45ac,Eddie Rabbitt,Eddie Rabbitt,Country
Mary Wells,171,exact_text,1.0,43fe7a49-2a63-48f1-871c-12450d21eeb1,Mary Wells,Mary Wells,"Pop, R&B"
The Platters,170,exact_text,1.0,3fb55c03-3ad9-4341-8d0b-7c4c49aefca0,The Platters,The Platters,"R&B, Rock"
Boz Scaggs,170,exact_text,1.0,18a33653-bbaf-4aa7-884c-73f02a7a4515,Boz Scaggs,Boz Scaggs,"Jazz, Pop, R&B"
Jody Watley,168,exact_text,1.0,699e687d-9e77-4fd0-9b7a-54d2aaadf05b,Jody Watley,Jody Watley,"Electronic, Jazz, Pop, R&B"
Debbie Gibson,168,exact_text,1.0,5c7c8529-dcbb-4ff8-b2c9-d363a91756ea,Debbie Gibson,Debbie Gibson,Pop
Culture Club,167,exact_text,1.0,81435053-e1a2-48a4-adfd-e89f310c7b38,Culture Club,Culture Club,"Country, Pop, R&B, Rock"
Jimmie Rodgers,166,exact_text,1.0,394492c0-cecf-40a8-b676-0e5706317fab,Jimmie Rodgers,Jimmie Rodgers,"Country, Jazz"
The Monkees,166,exact_text,1.0,b8549efe-f4fd-4dc0-8ef1-226e9c400233,The Monkees,The Monkees,"Pop, Rock"
Solomon Burke,164,exact_text,1.0,d5c79890-36c5-4f1b-bed3-4468eee093f3,Solomon Burke,Solomon Burke,"Jazz, R&B, Rock"
XXXTENTACION,163,exact_text,1.0,61af87f4-16ee-4431-8504-cc06187079fb,XXXTENTACION,XXXTENTACION,Hip-Hop
Glenn Frey,162,exact_text,1.0,a717be4f-8b3d-4355-b33c-2b84f88fe40d,Glenn Frey,Glenn Frey,"Country, Pop, Rock"
Amy Grant,162,exact_text,1.0,3cd18a93-1797-4bbb-9b8a-c096d5e7864c,Amy Grant,Amy Grant,"Pop, R&B"
Foo Fighters,162,exact_text,1.0,67f66c07-6e61-4026-ade5-7e782fad3a5d,Foo Fighters,Foo Fighters,Rock
Lil Wayne,162,exact_text,1.0,ac9a487a-d9d2-4f27-bb23-0f4686488345,Lil Wayne,Lil Wayne,Hip-Hop
Brian Hyland,161,exact_text,1.0,1de9c97e-2409-409b-bf99-3ae711af6e4e,Brian Hyland,Brian Hyland,"Country, Pop"
Johnnie Taylor,161,exact_text,1.0,4c1c21bc-56d9-4bed-8b58-360b08e76ffa,Johnnie Taylor,Johnnie Taylor,"Jazz, Pop, R&B"
George Harrison,161,exact_text,1.0,42a8f507-8412-4611-854f-926571049fa0,George Harrison,George Harrison,"Pop, Rock"
Ohio Players,161,exact_text,1.0,81e07550-d0e2-467e-bc71-44b5d52de8f4,Ohio Players,Ohio Players,R&B
Melissa Etheridge,161,exact_text,1.0,b3ae82c2-e60b-4551-a76d-6620f1b456aa,Melissa Etheridge,Melissa Etheridge,Rock
Dru Hill,161,exact_text,1.0,2d7d0a67-ae5d-4ac0-93aa-aa52ef3a976a,Dru Hill,Dru Hill,R&B
Teddy Swims,161,exact_text,1.0,35feae82-8b2c-4f8f-ae7a-af5662848947,Teddy Swims,Teddy Swims,"Pop, R&B"
Sean Paul,160,exact_text,1.0,c3da3346-2643-48a7-93cd-011f6834b3d7,Sean Paul,Sean Paul,"Country, Hip-Hop, R&B"
Green Day,160,exact_text,1.0,084308bd-1654-436f-ba03-df6697104e19,Green Day,Green Day,"Pop, Rock"
Andy Gibb,159,exact_text,1.0,f1d174fc-6bd9-41fe-b4c8-972ab578fb5c,Andy Gibb,Andy Gibb,"Pop, Rock"
UB40,159,exact_text,1.0,7113aab7-628f-4050-ae49-dbecac110ca8,UB40,UB40,Country
Dustin Lynch,159,exact_text,1.0,64f8c7a9-1074-4ab7-bb2c-8397884cd38a,Dustin Lynch,Dustin Lynch,Country
Maren Morris,159,exact_text,1.0,109357f0-eb37-4672-9697-dca8c83a61b5,Maren Morris,Maren Morris,Country
Perry Como,158,exact_text,1.0,0182474b-8a1d-46d0-9d0f-e6df353335ea,Perry Como,Perry Como,Pop
Conway Twitty,158,exact_text,1.0,a3c60d26-90d6-4788-ba9b-a89693fc396d,Conway Twitty,Conway Twitty,"Country, Rock"
Carole King,158,exact_text,1.0,bf6c29f5-b69f-4842-9031-37f9645d365d,Carole King,Carole King,"Country, Pop, R&B"
Kim Carnes,158,exact_text,1.0,600c5212-a8e6-458e-bd3f-78b6fbfe329a,Kim Carnes,Kim Carnes,"Country, Pop"
Bailey Zimmerman,158,exact_text,1.0,20543896-ec2c-48c4-b6b2-507c6cbe9918,Bailey Zimmerman,Bailey Zimmerman,"Country, Rock"
Lesley Gore,157,exact_text,1.0,7f565c58-cf5d-441b-821f-c314ddf60c99,Lesley Gore,Lesley Gore,Pop
Ronnie Milsap,157,exact_text,1.0,f5d7d748-256e-4875-a065-78cf2f1e3d39,Ronnie Milsap,Ronnie Milsap,"Country, R&B"
Dolly Parton,157,exact_text,1.0,1d543e07-d0d2-4834-a8db-d65c50c2a856,Dolly Parton,Dolly Parton,"Country, R&B, Rock"
Scotty McCreery,157,exact_text,1.0,2294c553-58e4-425b-8bab-bee01f2d477a,Scotty McCreery,Scotty McCreery,Country
Charlie Rich,156,exact_text,1.0,9fb7fe77-4e8b-4cbd-ba8f-84bcd80a24bc,Charlie Rich,Charlie Rich,"Country, Rock"
Paul McCartney,156,exact_text,1.0,ba550d0e-adac-4864-b88b-407cab5e76af,Paul McCartney,Paul McCartney,"Electronic, Pop, Rock"
Juice Newton,156,exact_text,1.0,80f71f44-b3cd-4386-9768-b3398180f708,Juice Newton,Juice Newton,"Country, Pop, Rock"
DaBaby,156,exact_text,1.0,87ae83df-6173-40cc-a0f2-bad543faa6aa,DaBaby,DaBaby,Hip-Hop
Lou Rawls,155,exact_text,1.0,c8bd802a-6e4a-41a4-95fa-2c1ee33f65a5,Lou Rawls,Lou Rawls,"Jazz, R&B"
Flo Rida,155,exact_text,1.0,4593d49a-7f67-46ba-9ec0-126bd676286f,Flo Rida,Flo Rida,"Electronic, Hip-Hop, Pop"
Tony Bennett,154,exact_text,1.0,8be0594f-8c13-46bb-ab06-f93ffba5c776,Tony Bennett,Tony Bennett,"Jazz, Pop"
Jason Mraz,154,exact_text,1.0,82eb8936-7bf6-4577-8320-a2639465206d,Jason Mraz,Jason Mraz,"Country, Pop, R&B, Rock"
Patti Page,153,exact_text,1.0,46bd1529-4301-4d10-9124-17d9e858034e,Patti Page,Patti Page,"Country, Pop"
Gwen Stefani,153,exact_text,1.0,2e41ae9c-afd2-4f20-8f1e-17281ce9b472,Gwen Stefani,Gwen Stefani,"Electronic, Pop, Rock"
Christopher Cross,152,exact_text,1.0,883e4ba4-8ccc-47ed-81df-df51e41792a9,Christopher Cross,Christopher Cross,Pop
Motley Crue,152,exact_text,1.0,26f07661-e115-471d-a930-206f5c89d17c,Mötley Crüe,Mötley Crüe,Rock
Faith Evans,151,exact_text,1.0,ebcd0bad-75ef-4203-b7b3-7af38a9ef198,Faith Evans,Faith Evans,"Hip-Hop, R&B"
Cat Stevens,150,exact_text,1.0,e2345fdf-2be7-47c5-a6dd-be64353ad134,Cat Stevens,Cat Stevens,Country
The Jacksons,150,exact_text,1.0,e5257dc5-1edd-4fca-b7e6-1158e00522c8,The Jacksons,The Jacksons,"Pop, R&B"
2Pac,150,exact_text,1.0,382f1005-e9ab-4684-afd4-0bdae4ee37f2,2Pac,2Pac,Hip-Hop
Collective Soul,150,exact_text,1.0,aa266ac7-d919-4132-982e-76cbd95591a7,Collective Soul,Collective Soul,Rock
Bob Seger & The Silver Bullet Band,148,exact_text,1.0,aeea3060-05ba-4dda-8c92-3dc899e24ce8,Bob Seger & the Silver Bullet Band,Bob Seger & the Silver Bullet Band,Rock
Melissa Manchester,147,exact_text,1.0,b1fdf831-b341-459e-9226-c7dc6ef0a93d,Melissa Manchester,Melissa Manchester,"Pop, R&B"
Paramore,147,exact_text,1.0,44cf61b8-5197-448a-b82b-cef6ee89fac5,Paramore,Paramore,"Pop, Rock"
Thompson Twins,146,exact_text,1.0,228af6b5-f691-4ed2-a63b-10cc6fcc1144,Thompson Twins,Thompson Twins,"Pop, Rock"
Wham!,146,exact_text,1.0,d570bb31-b9ca-45a4-a2d9-11b186d9c159,Wham!,Wham!,Pop
Pearl Jam,146,exact_text,1.0,83b9cbe7-9857-49e2-ab8e-b57b01038103,Pearl Jam,Pearl Jam,Rock
Dusty Springfield,145,exact_text,1.0,b896aa8c-2761-40ce-b485-0e1fffd26167,Dusty Springfield,Dusty Springfield,"Country, Jazz, Pop, R&B"
Herb Alpert & The Tijuana Brass,145,exact_text,1.0,012ef4f9-2d35-4000-86e5-bc761f87dab9,Herb Alpert & the Tijuana Brass,Herb Alpert & the Tijuana Brass,"Jazz, Pop, R&B"
Irene Cara,145,exact_text,1.0,26358fa2-80c2-47b0-a08b-33817caca7e8,Irene Cara,Irene Cara,"Pop, R&B"
The Bangles,145,exact_text,1.0,f31ec2ac-9071-4306-acd1-d2c8321033b5,The Bangles,The Bangles,"Pop, Rock"
Phil Vassar,145,exact_text,1.0,2b95a657-9729-4dc7-a02f-7d8624d2c970,Phil Vassar,Phil Vassar,Country
Staind,144,exact_text,1.0,777a21a8-0d0f-4cf3-86b4-65bc0eba5649,Staind,Staind,Rock
Del Shannon,143,exact_text,1.0,2e885bfb-1f59-49cf-8d51-e743445e1b48,Del Shannon,Del Shannon,"Country, Rock"
Ronnie Dove,143,exact_text,1.0,219e5d13-3560-4a80-a864-adc64bebdb6e,Ronnie Dove,Ronnie Dove,"Country, Pop"
Craig Morgan,143,exact_text,1.0,1415b94a-ae0d-4918-9100-1943e8227f1b,Craig Morgan,Craig Morgan,Country
Jennifer Lopez,142,exact_text,1.0,f0602f55-1770-483d-89bd-4bae0d0ac086,Jennifer Lopez,Jennifer Lopez,"Electronic, Hip-Hop, Pop, R&B"
Eddie Kendricks,141,exact_text,1.0,cf3ea6e9-c856-4737-a988-6b64cc9f2bf2,Eddie Kendricks,Eddie Kendricks,R&B
Jeffrey Osborne,141,exact_text,1.0,dfb666cb-933c-4675-8678-da8d6b43f86b,Jeffrey Osborne,Jeffrey Osborne,"Pop, R&B"
The Doors,140,exact_text,1.0,9efff43b-3b29-4082-824e-bc82f646f93d,The Doors,The Doors,Rock
Enrique Iglesias,140,exact_text,1.0,35f866dc-c061-48ba-8157-cf2e0eac4857,Enrique Iglesias,Enrique Iglesias,Pop
Herb Alpert,139,exact_text,1.0,db76f244-049f-440e-be53-cc5f3c0cdfb6,Herb Alpert,Herb Alpert,"Jazz, Pop, R&B"
Stevie Nicks,139,exact_text,1.0,b7f2cca2-72c6-41fb-ae33-53370fc62fe7,Stevie Nicks,Stevie Nicks,"Country, Jazz, Pop, Rock"
Clay Walker,139,exact_text,1.0,961eb4d5-df1a-4959-a6fb-039278927ac4,Clay Walker,Clay Walker,Country
Spice Girls,139,exact_text,1.0,bf0caafc-2b20-4e07-ab85-87e14ff430ce,Spice Girls,Spice Girls,"Pop, R&B"
Frankie Valli,138,exact_text,1.0,3c714102-94d8-42f4-9005-fb8a75c2766d,Frankie Valli,Frankie Valli,"Pop, R&B, Rock"
Donovan,137,exact_text,1.0,72d7d717-0837-4f2a-9641-d0f9fdd3acf7,Donovan,Donovan,"Country, Jazz, Pop, Rock"
Night Ranger,137,exact_text,1.0,2eabf78f-61fd-43d5-a4b4-0e9b376d9849,Night Ranger,Night Ranger,Rock
Brett Eldredge,137,exact_text,1.0,46510d46-ce20-4dde-b9ea-207e474353f4,Brett Eldredge,Brett Eldredge,Country
Joe Cocker,136,exact_text,1.0,32f2d6bd-c22b-42cf-a7bc-0c4b48cd2bcb,Joe Cocker,Joe Cocker,"Jazz, Pop, R&B, Rock"
Lizzo,136,exact_text,1.0,8fb5370b-9568-4b61-9da5-2aa12c9928db,Lizzo,Lizzo,"Hip-Hop, Pop, R&B"
Firefall,135,exact_text,1.0,87b12e99-75f4-4b53-8858-cab215f3ea4f,Firefall,Firefall,"Country, Pop"
Peter Gabriel,135,exact_text,1.0,8e66ea2b-b57b-47d9-8df0-df4630aeb8e5,Peter Gabriel,Peter Gabriel,"Country, R&B, Rock"
Atlantic Starr,135,exact_text,1.0,d793cf63-a10c-48fc-809c-9064d71328da,Atlantic Starr,Atlantic Starr,R&B
Billy Preston,134,exact_text,1.0,8a7cf497-dc5c-4523-932d-3fcbc9a69d38,Billy Preston,Billy Preston,R&B
Rick Astley,134,exact_text,1.0,db92a151-1ac2-438b-bc43-b82e149ddd50,Rick Astley,Rick Astley,"Pop, R&B"
Montell Jordan,134,exact_text,1.0,cc1f4763-a306-4ae7-8ba7-331872199f9e,Montell Jordan,Montell Jordan,"Hip-Hop, R&B"
Ricky Martin,134,exact_text,1.0,70ea63ea-70dc-4b63-951a-2c249d2b3b0a,Ricky Martin,Ricky Martin,Hip-Hop
Ludacris,134,exact_text,1.0,0638ba22-040f-438d-83a5-9b670c4adaf5,Ludacris,Ludacris,Hip-Hop
Leo Sayer,133,exact_text,1.0,74df4e2f-fe75-4b4a-87c5-3f1b4bc95aa2,Leo Sayer,Leo Sayer,"Pop, R&B"
Sammy Hagar,133,exact_text,1.0,e68b06a4-d47f-432e-89d8-db43c48a2726,Sammy Hagar,Sammy Hagar,"Pop, Rock"
Clarence Carter,132,exact_text,1.0,d24bd0d5-0bfe-43ca-9ddd-d731abda89d7,Clarence Carter,Clarence Carter,R&B
Kelsea Ballerini,132,exact_text,1.0,779d1126-e48c-43f2-8b51-005f3b116d7e,Kelsea Ballerini,Kelsea Ballerini,Country
Bonnie Raitt,131,exact_text,1.0,0f0da09c-3940-4cb5-879f-4cea28907810,Bonnie Raitt,Bonnie Raitt,"Country, Jazz, Rock"
The Cure,131,exact_text,1.0,69ee3720-a7cb-4402-b48d-a02c366f2bcf,The Cure,The Cure,Rock
Freddy Cannon,130,exact_text,1.0,48c723b1-5044-4063-a934-b6a7602181b1,Freddy Cannon,Freddy Cannon,Rock
Brantley Gilbert,130,exact_text,1.0,9ad8aede-6938-48f2-93fa-908bc4da9ef6,Brantley Gilbert,Brantley Gilbert,"Country, Rock"
Ringo Starr,129,exact_text,1.0,300c4c73-33ac-4255-9d57-4e32627f5e13,Ringo Starr,Ringo Starr,"Pop, Rock"
Tyrese,129,exact_text,1.0,975d94b4-7ca8-4eec-ae48-1aa4660995d3,Tyrese,Tyrese,R&B
Lorde,129,exact_text,1.0,8e494408-8620-4c6a-82c2-c2ca4a1e4f12,Lorde,Lorde,"Electronic, Pop"
Tommy Edwards,128,exact_text,1.0,0b1a0ca5-52cb-4d1d-8344-746f905ae115,Tommy Edwards,Tommy Edwards,"Jazz, Pop, R&B"
Jim Croce,128,exact_text,1.0,fcfa9543-e113-4ef9-9ef6-455ba4cbe7af,Jim Croce,Jim Croce,"Country, Pop"
Paul Young,128,exact_text,1.0,967002b0-58ef-4b22-a58c-fbc631ff695c,Paul Young,Paul Young,"Pop, R&B, Rock"
Ray Charles and his Orchestra,127,exact_text,1.0,1e86edd8-0ca8-4f7c-b01f-6a619ccbf1c2,Ray Charles and His Orchestra,Ray Charles and His Orchestra,"Country, Jazz, R&B, Rock"
Rita Coolidge,127,exact_text,1.0,940b11e2-2df3-4374-9014-ff3fc710edef,Rita Coolidge,Rita Coolidge,"Country, Jazz, Pop, R&B, Rock"
Wilson Phillips,127,exact_text,1.0,32b2e717-9e01-4f45-ac73-9542ccf18d4d,Wilson Phillips,Wilson Phillips,Pop
Meat Loaf,126,exact_text,1.0,b134d1bf-c7c7-4427-93ac-9fdbc2b59ef1,Meat Loaf,Meat Loaf,Rock
Kenny G,126,exact_text,1.0,4cd556a5-db82-43f6-8d55-99598b42da8f,Kenny G,Kenny G,Pop
Jessica Simpson,125,exact_text,1.0,fe37acd4-893c-4b2c-8ad2-7fd394280354,Jessica Simpson,Jessica Simpson,"Country, Pop"
Lainey Wilson,125,exact_text,1.0,a6e613d6-ff65-4972-beff-303a1b10ab05,Lainey Wilson,Lainey Wilson,Country
Chris Cagle,124,exact_text,1.0,533aaba8-82a2-451b-a99b-a24392696543,Chris Cagle,Chris Cagle,Country
Alessia Cara,124,exact_text,1.0,97e69730-3791-423b-9770-287261588854,Alessia Cara,Alessia Cara,"Pop, R&B"
Roger Miller,123,exact_text,1.0,102045e3-577c-4b10-b01b-424b7e461094,Roger Miller,Roger Miller,"Country, Pop"
Isaac Hayes,123,exact_text,1.0,a2361c7d-ddb6-41c1-a9a0-be09fbbb8d21,Isaac Hayes,Isaac Hayes,R&B
Gordon Lightfoot,123,exact_text,1.0,9d97b077-b28d-4ba8-a3d9-c71926e3b2b6,Gordon Lightfoot,Gordon Lightfoot,"Country, Pop"
The Osmonds,123,exact_text,1.0,be96eda1-7e36-44f6-affe-80780400fae0,The Osmonds,The Osmonds,"Country, Pop, Rock"
Gino Vannelli,123,exact_text,1.0,747e5054-f50b-498c-bff3-85f7313aeb80,Gino Vannelli,Gino Vannelli,"Pop, Rock"
Shalamar,123,exact_text,1.0,8e57b7d5-4548-4e2b-b32d-af4b4a51cb80,Shalamar,Shalamar,"Pop, R&B"
CeCe Peniston,123,exact_text,1.0,16b3f3fc-6c76-4fec-8f0b-9fa9a4ec8e91,CeCe Peniston,CeCe Peniston,"Electronic, Hip-Hop, Pop, R&B"
Shaboozey,123,exact_text,1.0,0b427dad-1ee5-48f1-aa4b-026680a3338e,Shaboozey,Shaboozey,"Country, Hip-Hop"
The Mamas & The Papas,121,exact_text,1.0,ff294730-0315-440d-a543-54005779c15b,The Mamas & the Papas,The Mamas & the Papas,"Pop, R&B"
Nas,121,exact_text,1.0,cfbc0924-0035-4d6c-8197-f024653af823,Nas,Nas,Hip-Hop
John Legend,121,exact_text,1.0,75a72702-a5ef-4513-bca5-c5b944903546,John Legend,John Legend,"Hip-Hop, Pop, R&B"
England Dan & John Ford Coley,120,exact_text,1.0,2bca31d7-0cba-45da-a8e6-3d6e3a0fa10f,England Dan & John Ford Coley,England Dan & John Ford Coley,"Country, Pop"
Joan Jett & The Blackhearts,120,exact_text,1.0,46e63d3b-d91b-4791-bb73-e9f638a45ea0,Joan Jett & The Blackhearts,Joan Jett & The Blackhearts,Rock
Shakira,120,exact_text,1.0,bf24ca37-25f4-4e34-9aec-460b94364cfc,Shakira,Shakira,"Electronic, Pop, Rock"
Rae Sremmurd,120,exact_text,1.0,c78c3026-426b-4580-ab23-08490bb8b515,Rae Sremmurd,Rae Sremmurd,Hip-Hop
Lewis Capaldi,120,exact_text,1.0,526aab94-697f-44a9-b630-41d1c0505953,Lewis Capaldi,Lewis Capaldi,R&B
Clyde McPhatter,119,exact_text,1.0,3c562ee6-4855-4a11-8411-5e9e6c10586a,Clyde McPhatter,Clyde McPhatter,"Pop, R&B, Rock"
Pablo Cruise,119,exact_text,1.0,c24f87ef-72f9-4488-9dbd-63601322edba,Pablo Cruise,Pablo Cruise,"Jazz, Pop"
Akon,119,exact_text,1.0,1138a764-2212-4d0a-b02d-0dc14df91e08,Akon,Akon,"Hip-Hop, Pop, R&B"
Jim Reeves,118,exact_text,1.0,2c05faf7-5cc8-4476-9daa-d177ad75cd34,Jim Reeves,Jim Reeves,"Country, Jazz, R&B"
Billy Squier,118,exact_text,1.0,3792dcb3-036e-45d6-8ee2-ff8d12c6c6c9,Billy Squier,Billy Squier,"Pop, Rock"
Peter Frampton,117,exact_text,1.0,638206ee-0e3d-47cf-9769-d73330b15a87,Peter Frampton,Peter Frampton,Rock
Fetty Wap,117,exact_text,1.0,e3492ea0-5997-4241-a7bf-2fd7fb1bfad1,Fetty Wap,Fetty Wap,"Hip-Hop, R&B"
Cody Johnson,117,exact_text,1.0,faabeed5-3dd0-4be5-aec5-e6486e68db2f,Cody Johnson,Cody Johnson,Country
Chaka Khan,116,exact_text,1.0,900e9144-019d-4043-86cb-ec0e127c39d0,Chaka Khan,Chaka Khan,"Pop, R&B"
P.M. Dawn,115,exact_text,1.0,93c66937-ac49-4068-b378-a1d2a4d093a1,P.M. Dawn,P.M. Dawn,"Hip-Hop, R&B"
Weezer,115,exact_text,1.0,6fe07aa5-fec0-4eca-a456-f29bff451b04,Weezer,Weezer,"Pop, Rock"
Dinah Washington,114,exact_text,1.0,d385947d-c00d-4311-9cf1-a032a1d4040b,Dinah Washington,Dinah Washington,"Jazz, Pop, R&B"
Vic Dana,114,exact_text,1.0,8e664ee7-e102-4cbc-9967-e776b6d80125,Vic Dana,Vic Dana,Pop
Gavin DeGraw,114,exact_text,1.0,3f2a12e9-6398-42fd-b257-2f6abd4aa5fc,Gavin DeGraw,Gavin DeGraw,"Country, Pop, R&B, Rock"
Bill Withers,113,exact_text,1.0,fd1a2d9d-9bb6-44de-83a3-41560658aba9,Bill Withers,Bill Withers,R&B
John Lennon,113,exact_text,1.0,4d5447d7-c61c-4120-ba1b-d7f471d385b9,John Lennon,John Lennon,"Country, Electronic, Pop, Rock"
Hi-Five,113,exact_text,1.0,a8ad2edf-fe43-400e-8a8e-f1b20fd0dde7,Hi-Five,Hi-Five,"Hip-Hop, Pop, R&B"
The Ventures,112,exact_text,1.0,b2cc8903-0077-4bef-8454-ac5cef53d126,The Ventures,The Ventures,Rock
Roberta Flack,112,exact_text,1.0,5298bbcb-7330-49bf-a780-2d757f10a20a,Roberta Flack,Roberta Flack,"Jazz, R&B"
Supertramp,112,exact_text,1.0,d2ff6b6b-fc30-48dc-8952-06f9d8fc64f8,Supertramp,Supertramp,"Pop, Rock"
Simply Red,112,exact_text,1.0,a9100753-f539-43cf-bcc9-579566fb512e,Simply Red,Simply Red,"Pop, R&B"
Busta Rhymes,112,exact_text,1.0,10a9ff92-9637-4498-afea-7044b2ab0dc0,Busta Rhymes,Busta Rhymes,Hip-Hop
Deborah Cox,111,exact_text,1.0,1978391f-956e-4fe6-93c1-5053b43138c7,Deborah Cox,Deborah Cox,"Electronic, Jazz, Pop, R&B"
Gin Blossoms,110,exact_text,1.0,1c42b705-d3fc-452e-93ee-d0030bdd70f3,Gin Blossoms,Gin Blossoms,"Pop, Rock"
Sara Bareilles,110,exact_text,1.0,e54be6b7-5c26-4b47-bb3f-c137429b9b55,Sara Bareilles,Sara Bareilles,"Pop, R&B"
Hunter Hayes,110,exact_text,1.0,0c75ddc6-2b5d-4b01-8c99-3d9479a14683,Hunter Hayes,Hunter Hayes,"Country, Jazz, Pop, R&B, Rock"
Migos,110,exact_text,1.0,0221734a-35a8-40f7-b5c5-2f61a200bc7c,Migos,Migos,Hip-Hop
Sia,110,exact_text,1.0,2f548675-008d-4332-876c-108b0c7ab9c5,Sia,Sia,"Country, Electronic, Pop"
Bryson Tiller,110,exact_text,1.0,d8fd8d9b-473b-4f06-83c8-869b1bb9de89,Bryson Tiller,Bryson Tiller,"Hip-Hop, R&B"
Charlie Puth,110,exact_text,1.0,525f1f1c-03f0-4bc8-8dfd-e7521f87631b,Charlie Puth,Charlie Puth,"Pop, R&B"
Kodak Black,110,exact_text,1.0,5ec1ecc6-4535-4911-a27a-e26343f4a189,Kodak Black,Kodak Black,Hip-Hop
Hank Ballard And The Midnighters,109,exact_text,1.0,7e4032e4-b1b0-43e0-907e-8d33df230ba0,Hank Ballard and the Midnighters,Hank Ballard and the Midnighters,"Jazz, R&B, Rock"
Crystal Gayle,109,exact_text,1.0,cefd9d3d-9506-461c-972f-89b4cbade9da,Crystal Gayle,Crystal Gayle,"Country, Jazz, R&B"
Selena Gomez & The Scene,109,exact_text,1.0,37d0a847-32d3-480f-bd1e-101f50a3d332,Selena Gomez & the Scene,Selena Gomez & the Scene,"Electronic, Pop"
Bananarama,108,exact_text,1.0,84d06499-0643-46b8-9e1f-45f743a53f5e,Bananarama,Bananarama,"Pop, Rock"
Bruce Hornsby & The Range,108,exact_text,1.0,b548040e-b631-4bdd-ab75-045293e448b7,Bruce Hornsby & the Range,Bruce Hornsby & the Range,"Country, Jazz, Pop, R&B, Rock"
Mint Condition,108,exact_text,1.0,a81f7041-7cd7-4080-ba88-9ce5fe50dc19,Mint Condition,Mint Condition,"Hip-Hop, R&B, Rock"
Alanis Morissette,108,exact_text,1.0,4bdcee62-4902-4773-8cd1-e252e2e31225,Alanis Morissette,Alanis Morissette,"Electronic, Rock"
Russell Dickerson,108,exact_text,1.0,e2529584-b250-4a22-821c-16d3d8120978,Russell Dickerson,Russell Dickerson,Country
Michelle Branch,107,exact_text,1.0,a10f94a9-2a3c-4166-b9fa-a7bed0bf7d96,Michelle Branch,Michelle Branch,"Country, Pop, Rock"
Randy Houser,107,exact_text,1.0,50e3dd64-6b87-4b9a-a511-c375ae4ff1ca,Randy Houser,Randy Houser,Country
Easton Corbin,107,exact_text,1.0,c6ada25c-8590-4b75-8013-883a8df55882,Easton Corbin,Easton Corbin,Country
Wiz Khalifa,107,exact_text,1.0,f5dfa020-ad69-41cd-b3d4-fd7af0414e94,Wiz Khalifa,Wiz Khalifa,Hip-Hop
Jack Harlow,107,exact_text,1.0,134cb0bc-06fa-42f7-8078-b0c858349975,Jack Harlow,Jack Harlow,Hip-Hop
Fuerza Regida,107,exact_text,1.0,e665ce26-6ce9-4c42-8f6a-7a361a0ba328,Fuerza Regida,Fuerza Regida,"Country, Electronic, Hip-Hop"
Eddy Arnold,106,exact_text,1.0,1c4c789d-06af-42ef-b86c-7d6bf49c652c,Eddy Arnold,Eddy Arnold,"Country, Pop, R&B"
Papa Roach,106,exact_text,1.0,c5eb9407-caeb-4303-b383-6929aa94021c,Papa Roach,Papa Roach,Rock
Burl Ives,105,exact_text,1.0,086c1936-9eaa-4091-b140-ad33a51a3b71,Burl Ives,Burl Ives,"Country, Jazz, Pop"
Darryl Worley,104,exact_text,1.0,fac3bb7e-4e51-4fb7-85e4-741d69b6d779,Darryl Worley,Darryl Worley,Country
Nelly Furtado,104,exact_text,1.0,13655113-cd16-4b43-9dca-cadbbf26ee05,Nelly Furtado,Nelly Furtado,"Country, Pop, R&B"
21 Savage,104,exact_text,1.0,37b2cb82-ef79-4d46-a184-a549450aa231,21 Savage,21 Savage,Hip-Hop
Whitesnake,103,exact_text,1.0,5dedf5cf-a598-4408-9556-3bf3f149f3ba,Whitesnake,Whitesnake,Rock
Audioslave,103,exact_text,1.0,020bfbb4-05c3-4c86-b372-17825c262094,Audioslave,Audioslave,Rock
The Byrds,102,exact_text,1.0,2819834e-4e08-47b0-a2c4-b7672318e8f0,The Byrds,The Byrds,"Country, Pop, Rock"
Wayne Newton,101,exact_text,1.0,b6b6f1cf-e1c8-46e9-bc54-1a63ed1f8d51,Wayne Newton,Wayne Newton,"Jazz, Pop"
Don McLean,101,exact_text,1.0,fa19ee38-c2a9-4ed1-9b24-a18100cf9db3,Don McLean,Don McLean,"Country, Rock"
Jimmy Buffett,101,exact_text,1.0,16fdd9af-467f-47ce-bd29-3413b445b90f,Jimmy Buffett,Jimmy Buffett,"Country, Pop"
John Cafferty & The Beaver Brown Band,101,exact_text,1.0,3f0b02ae-bc83-4417-ab1d-055b23d829fe,John Cafferty & the Beaver Brown Band,John Cafferty & the Beaver Brown Band,Rock
Kylie Minogue,101,exact_text,1.0,2fddb92d-24b2-46a5-bf28-3aed46f4684c,Kylie Minogue,Kylie Minogue,"Pop, R&B"
Moneybagg Yo,101,exact_text,1.0,8971fa37-c402-474a-b897-e2bbc145b59d,Moneybagg Yo,Moneybagg Yo,Hip-Hop
Led Zeppelin,100,exact_text,1.0,678d88b2-87b0-403b-b63d-5da7465aecc3,Led Zeppelin,Led Zeppelin,"Country, Rock"
Talking Heads,100,exact_text,1.0,a94a7155-c79d-4409-9fcf-220cb0e4dc3a,Talking Heads,Talking Heads,"Country, Pop, Rock"
Patti LaBelle,100,exact_text,1.0,f319ec6a-9290-449b-baef-4244809c487a,Patti LaBelle,Patti LaBelle,"Electronic, Pop, R&B"
Avicii,100,exact_text,1.0,c85cfd6b-b1e9-4a50-bd55-eb725f04f7d5,Avicii,Avicii,Electronic
Carla Thomas,99,exact_text,1.0,66e2a444-5303-4cdf-b20f-d377ecf465ed,Carla Thomas,Carla Thomas,R&B
Percy Sledge,98,exact_text,1.0,c2f37fdf-5e8f-4d9c-9a03-219a8239cf5f,Percy Sledge,Percy Sledge,"Pop, R&B"
Willie Nelson,98,exact_text,1.0,668fd73c-bf54-4310-a139-305517f05311,Willie Nelson,Willie Nelson,"Country, Jazz, R&B"
Robbie Nevil,98,exact_text,1.0,23463b5d-c972-4676-a89d-7ad472e80b73,Robbie Nevil,Robbie Nevil,"Electronic, Pop, R&B"
Barenaked Ladies,98,exact_text,1.0,86e736b4-93e2-40ff-9e1c-fb7c63fef5f6,Barenaked Ladies,Barenaked Ladies,"Country, Pop, Rock"
Jimmy Clanton,97,exact_text,1.0,c5e05e09-cae4-47c5-b0b5-6dfcb5e35186,Jimmy Clanton,Jimmy Clanton,R&B
Leif Garrett,97,exact_text,1.0,d2b49663-b280-499e-89d1-3e2522f031bb,Leif Garrett,Leif Garrett,Pop
Heavy D & The Boyz,97,exact_text,1.0,b0df243a-519c-4a87-b6bf-73d9ec55e05c,Heavy D. & the Boyz,Heavy D. & the Boyz,"Hip-Hop, R&B"
Jackie DeShannon,96,exact_text,1.0,194e5e92-0f2d-4d81-b5b9-c5f18d9edd59,Jackie DeShannon,Jackie DeShannon,"Country, Pop, Rock"
Major Lance,96,exact_text,1.0,3f8b614b-cfc5-463e-a3f1-c6efdb26b443,Major Lance,Major Lance,"Pop, R&B"
Judy Collins,96,exact_text,1.0,06f9c474-0547-40fc-be3d-1ae6ce38abd7,Judy Collins,Judy Collins,"Country, Rock"
Candi Staton,96,exact_text,1.0,6afcc957-d742-41c6-ad0b-31b2f1967353,Candi Staton,Candi Staton,"Electronic, R&B"
The Dramatics,96,exact_text,1.0,ab950ad1-3e41-411a-8a84-b0b5f90a62c0,The Dramatics,The Dramatics,"Pop, R&B"
Samantha Fox,96,exact_text,1.0,ffdb2b8f-ecbf-427a-abc7-c47f4ebc8ae3,Samantha Fox,Samantha Fox,"Electronic, Pop"
Will Smith,96,exact_text,1.0,5bae7081-64ef-4473-825a-38d310deb14c,Will Smith,Will Smith,"Hip-Hop, Pop"
Sean Kingston,96,exact_text,1.0,f7eb3be3-1065-4a53-94d4-e2d0c15c0b33,Sean Kingston,Sean Kingston,"Hip-Hop, Pop, R&B"
Hozier,96,exact_text,1.0,b4691384-50c3-4afd-9988-51d3ec5db65d,Hozier,Hozier,"Country, Jazz, R&B, Rock"
Tom Petty,95,exact_text,1.0,5ca3f318-d028-4151-ac73-78e2b2d6cdcc,Tom Petty,Tom Petty,"Country, Rock"
Lisa Stansfield,95,exact_text,1.0,8f632c44-c97f-4b12-b1cd-caf2c6e2ed06,Lisa Stansfield,Lisa Stansfield,"Electronic, Pop, R&B"
Hot Chocolate,94,exact_text,1.0,a749130e-c2d8-4a7c-b740-908ea4574961,Hot Chocolate,Hot Chocolate,R&B
Charli xcx,94,exact_text,1.0,260b6184-8828-48eb-945c-bc4cb6fc34ca,Charli xcx,Charli xcx,"Electronic, Pop"
Karol G,94,exact_text,1.0,de22adae-f8ac-414f-b653-b0162611bd60,KAROL G,KAROL G,Hip-Hop
Dire Straits,93,exact_text,1.0,614e3804-7d34-41ba-857f-811bad7c2b7a,Dire Straits,Dire Straits,"Pop, Rock"
Seether,93,exact_text,1.0,fbcd7b29-455f-49e6-9c4f-8249d20a055e,Seether,Seether,Rock
LaVern Baker,92,exact_text,1.0,affa0adf-7be7-4944-b30d-a09baeb7dd28,LaVern Baker,LaVern Baker,R&B
Bert Kaempfert And His Orchestra,92,exact_text,1.0,642e61c8-878c-4a7c-84e2-2a8a384a8f8e,Bert Kaempfert & His Orchestra,Bert Kaempfert & His Orchestra,"Country, Jazz, Pop"
Edwin Starr,92,exact_text,1.0,9eace815-06f3-487c-bf3a-1a817e248056,Edwin Starr,Edwin Starr,R&B
Van Morrison,92,exact_text,1.0,a41ac10f-0a56-4672-9161-b83f9b223559,Van Morrison,Van Morrison,"Country, Jazz, R&B, Rock"
Yvonne Elliman,92,exact_text,1.0,62b9eb3e-c470-462d-8d63-9b6cbac13d62,Yvonne Elliman,Yvonne Elliman,R&B
Tracy Byrd,92,exact_text,1.0,1edead6d-6c01-4ad4-9cce-c334bf7edf23,Tracy Byrd,Tracy Byrd,Country
Bad English,91,exact_text,1.0,90b88492-37c1-42e0-8de4-049b7a260f0a,Bad English,Bad English,Rock
Zhane,91,exact_text,1.0,51b59633-b9cc-48b8-b7db-72a06452069a,Zhané,Zhané,R&B
Snoop Dogg,91,exact_text,1.0,f90e8b26-9e52-4669-a5c9-e28529c47894,Snoop Dogg,Snoop Dogg,Hip-Hop
Neon Trees,91,exact_text,1.0,16243662-8538-4746-a0fb-0d15b5828b8e,Neon Trees,Neon Trees,"Pop, Rock"
Glass Animals,91,exact_text,1.0,20395131-fbde-43ce-b141-b700cfdae99c,Glass Animals,Glass Animals,"Pop, Rock"
Johnny Horton,90,exact_text,1.0,8736f41f-365e-42c7-a733-36c22e74c97e,Johnny Horton,Johnny Horton,"Country, Rock"
Joni Mitchell,90,exact_text,1.0,a6de8ef9-b1a1-4756-97aa-481bbb8a4069,Joni Mitchell,Joni Mitchell,"Country, Jazz, Pop, Rock"
Cathy Dennis,90,exact_text,1.0,aee63f14-ab80-4b37-86e4-d06fe05a898c,Cathy Dennis,Cathy Dennis,"Electronic, Pop"
Da Brat,90,exact_text,1.0,f545eed4-cd4c-40a3-89c0-edf4d195e52e,Da Brat,Da Brat,Hip-Hop
La Bouche,90,exact_text,1.0,b79a3909-7611-4b89-ab5a-5609c4aaacae,La Bouche,La Bouche,"Electronic, Pop"
Pop Smoke,90,exact_text,1.0,253c9ae7-850b-46be-8fbb-65e9fa621058,Pop Smoke,Pop Smoke,"Hip-Hop, R&B"
Curtis Mayfield,89,exact_text,1.0,4dca4bb2-23ba-4103-97e6-5810311db33a,Curtis Mayfield,Curtis Mayfield,R&B
Sweet,89,exact_text,1.0,dc73bb40-b697-4df9-a2ec-0555bebdba75,Sweet,Sweet,"Pop, Rock"
Natalie Merchant,89,exact_text,1.0,ba03daa8-0a45-4432-881f-4de8e0e05305,Natalie Merchant,Natalie Merchant,"Country, Rock"
Andy Grammer,89,exact_text,1.0,9e60ea29-9607-4f7d-aa96-2092ef41f0d3,Andy Grammer,Andy Grammer,"Country, Pop, R&B"
Megan Moroney,89,exact_text,1.0,9eb2030a-c311-4cbf-a8f2-c57a58aa18ce,Megan Moroney,Megan Moroney,Country
Foghat,88,exact_text,1.0,3cc3942d-bbfc-446d-a8f4-f0e1e238ca86,Foghat,Foghat,Rock
The B-52s,88,fuzzy,0.9412,127f591a-7e27-4435-92db-0780f219f3a1,The B‐52s,The B‐52s,"Pop, Rock"
Simple Minds,88,exact_text,1.0,f41490ce-fe39-435d-86c0-ab5ce098b423,Simple Minds,Simple Minds,"Pop, Rock"
Shanice,88,exact_text,1.0,1d0a249b-5892-4e09-b50d-3c0755bfae77,Shanice,Shanice,"Hip-Hop, R&B"
Keyshia Cole,88,exact_text,1.0,ef73e6ed-9096-4ddb-9799-b94874d0ce33,Keyshia Cole,Keyshia Cole,"Hip-Hop, R&B"
Simple Plan,87,exact_text,1.0,b345af35-205e-4eca-8006-029e5c20127e,Simple Plan,Simple Plan,"Pop, Rock"
BTS,87,exact_text,1.0,0d79fe8e-ba27-4859-bb8c-2f255f346853,BTS,BTS,"Electronic, Hip-Hop, Pop, R&B"
Don Toliver,87,exact_text,1.0,a0723a3c-4135-438e-85c5-012712144ede,Don Toliver,Don Toliver,"Hip-Hop, R&B"
Tony Orlando & Dawn,86,exact_text,1.0,db0bffb2-d6fd-47af-8b3a-d1f1af905096,Tony Orlando & Dawn,Tony Orlando & Dawn,"Pop, Rock"
Peter Cetera,86,exact_text,1.0,cdcd53c9-f37c-48cc-b7e3-dfe34be22e92,Peter Cetera,Peter Cetera,"Jazz, Pop, Rock"
Great White,86,exact_text,1.0,328676f3-76ac-40df-b154-31e6f533286a,Great White,Great White,Rock
Uncle Kracker,86,exact_text,1.0,1a02e1e4-000e-46fa-83de-f3a36674e4fc,Uncle Kracker,Uncle Kracker,"Country, Pop, Rock"
Shinedown,86,exact_text,1.0,adc0f033-95c2-4e0b-87bc-c23ed3f26ce6,Shinedown,Shinedown,"Pop, Rock"
Leona Lewis,86,exact_text,1.0,8d552dfc-648f-401f-90de-e925013ca537,Leona Lewis,Leona Lewis,"Pop, R&B"
Mike Posner,86,exact_text,1.0,5b64e344-b2fb-47bd-bd7b-4c793b17d472,Mike Posner,Mike Posner,"Country, Electronic, Hip-Hop, Pop, R&B"
Niall Horan,86,exact_text,1.0,55e6074f-ef78-4ec3-8fff-bd1b8cc8c14a,Niall Horan,Niall Horan,"Country, Pop"
Camila Cabello,86,exact_text,1.0,01b8b5bf-06cb-45da-85fb-61ada72fcd69,Camila Cabello,Camila Cabello,"Pop, R&B"
Anita Bryant,85,exact_text,1.0,7017d69b-ed82-4605-9d71-9be749d3667a,Anita Bryant,Anita Bryant,Pop
Dr. Dre,85,exact_text,1.0,5f6ab597-f57a-40da-be9e-adad48708203,Dr. Dre,Dr. Dre,Hip-Hop
Jerrod Niemann,85,exact_text,1.0,0b88f9de-7c37-4800-9d6a-04ce6c20b76c,Jerrod Niemann,Jerrod Niemann,Country
Dan Hartman,84,exact_text,1.0,4682d640-819a-4f71-9e7f-84be13a5e76a,Dan Hartman,Dan Hartman,"Pop, R&B"
Tamia,84,exact_text,1.0,2de9f057-67d8-429d-b899-759be13131a9,Tamia,Tamia,R&B
Travis Tritt,84,exact_text,1.0,615caab0-9cc2-4c24-9667-f46894be726e,Travis Tritt,Travis Tritt,"Country, Rock"
The Offspring,84,exact_text,1.0,23a03e33-a603-404e-bcbf-2c00159d7067,The Offspring,The Offspring,Rock
Deniece Williams,83,exact_text,1.0,f28dc56d-0bd4-485f-92a2-5c3e0e9b57cd,Deniece Williams,Deniece Williams,R&B
Bonnie Tyler,83,exact_text,1.0,0aa8294b-6332-4b65-b677-e3a1f8591d3b,Bonnie Tyler,Bonnie Tyler,"Country, Pop, Rock"
Klymaxx,83,exact_text,1.0,7b96d7c8-dd06-45ac-ab8a-5a6116950523,Klymaxx,Klymaxx,"Pop, R&B"
Joe Diffie,83,exact_text,1.0,98b31574-fa4c-4cf1-bf32-681f7df45fe3,Joe Diffie,Joe Diffie,Country
Blues Traveler,83,exact_text,1.0,6b28ecf0-94e6-48bb-aa2a-5ede325b675b,Blues Traveler,Blues Traveler,"Country, Rock"
Patsy Cline,82,exact_text,1.0,ad82dd72-0df3-4a09-8d7a-1af9c9e80522,Patsy Cline,Patsy Cline,"Country, Pop, R&B, Rock"
10cc,82,exact_text,1.0,f37c537b-3557-4031-bfd6-ab63ced32854,10cc,10cc,"Pop, Rock"
AC/DC,82,exact_text,1.0,66c662b6-6e2f-4930-8610-912e24c63ed1,AC/DC,AC/DC,Rock
Robert Plant,82,exact_text,1.0,bd53f9a7-8be9-46b0-bf7d-1deea3cb57bc,Robert Plant,Robert Plant,"Country, Jazz, Rock"
White Lion,82,exact_text,1.0,4fe426de-9c86-46d5-bbab-239f5e7344bf,White Lion,White Lion,Rock
Trisha Yearwood,82,exact_text,1.0,0be325a6-3c6d-4e3a-97ed-e59539b1014f,Trisha Yearwood,Trisha Yearwood,"Country, Pop"
Garth Brooks,82,exact_text,1.0,b76645c5-78b0-4e4c-8f95-003f40013a45,Garth Brooks,Garth Brooks,Country
Jaheim,82,exact_text,1.0,3a9cf658-0f0b-410e-b07e-8cf7eee53169,Jaheim,Jaheim,"Hip-Hop, R&B"
Ciara,82,exact_text,1.0,03172286-f7ed-4864-a4db-459cd5ca9790,Ciara,Ciara,"Electronic, Hip-Hop, Pop, R&B"
Jordin Sparks,82,exact_text,1.0,5508631d-697f-4839-a669-06637e5bcb90,Jordin Sparks,Jordin Sparks,"Pop, R&B"
Don Gibson,81,exact_text,1.0,870ab832-904b-4b49-ab72-7e6b0e0da65f,Don Gibson,Don Gibson,Country
Donna Fargo,81,exact_text,1.0,9ce777de-7e3f-40fe-8c9e-415955fc49d8,Donna Fargo,Donna Fargo,Country
Gilbert O'Sullivan,81,fuzzy,0.9714,215394ba-3d0c-4b57-b284-ec5bb4a5ad25,Gilbert O’Sullivan,Gilbert O’Sullivan,Pop
Teddy Pendergrass,81,exact_text,1.0,293029f7-ac9e-4a8b-bb50-67935b373c47,Teddy Pendergrass,Teddy Pendergrass,R&B
Tracy Chapman,81,exact_text,1.0,1129817c-488a-4096-80c1-77fc1b107c93,Tracy Chapman,Tracy Chapman,"Country, Rock"
D'Angelo,81,fuzzy,0.9333,b66771cc-45fa-4a32-b14f-5337d7223d7a,D’Angelo,D’Angelo,R&B
DMX,81,exact_text,1.0,f3bf61f8-97d4-4e52-a73d-2ddbbe8196c8,DMX,DMX,Hip-Hop
Kip Moore,81,exact_text,1.0,3afa378a-4a7f-46f5-b686-f41ee2287c0c,Kip Moore,Kip Moore,Country
Gracie Abrams,81,exact_text,1.0,f7441bc7-d7de-4813-a2fc-31a4033d396d,Gracie Abrams,Gracie Abrams,Country
The Yardbirds,80,exact_text,1.0,191de76f-a224-445d-b041-54df16d65bf7,The Yardbirds,The Yardbirds,"R&B, Rock"
Harry Chapin,80,exact_text,1.0,ae4e3542-7838-4a6f-b753-08216be5a6bb,Harry Chapin,Harry Chapin,"Country, Pop"
Sister Sledge,80,exact_text,1.0,1ed00158-c6a3-45cd-819c-2f91997fc480,Sister Sledge,Sister Sledge,"Pop, R&B"
Crystal Waters,80,exact_text,1.0,8f4c7ad3-c95c-4d62-a554-3416fb5204f4,Crystal Waters,Crystal Waters,"Electronic, Hip-Hop, R&B"
Annie Lennox,80,exact_text,1.0,3e30aebd-0557-4cfd-8fb9-3945afa5d72b,Annie Lennox,Annie Lennox,"Electronic, Jazz, Pop, R&B, Rock"
SHeDAISY,80,exact_text,1.0,166c939c-a97e-44b9-b405-23d49a72df4e,SHeDAISY,SHeDAISY,Country
LMFAO,80,exact_text,1.0,ed5d9086-e8cd-473a-b96c-d81ad6c98f0d,LMFAO,LMFAO,"Electronic, Hip-Hop"
The Shangri-Las,79,fuzzy,0.9655,91d01e5f-252d-469d-a16a-12c613e48e5d,The Shangri‐Las,The Shangri‐Las,Pop
Freddy Fender,79,exact_text,1.0,e2050382-282f-40e5-8f33-01ee4647ad3f,Freddy Fender,Freddy Fender,"Country, R&B, Rock"
Gerry Rafferty,79,exact_text,1.0,563201cb-721c-4cfb-acca-c1ba69e3d1fb,Gerry Rafferty,Gerry Rafferty,"Country, Pop, Rock"
Coolio,79,exact_text,1.0,cc30e630-8c75-4d78-b205-8e2edc6bdaa7,Coolio,Coolio,Hip-Hop
Finger Eleven,79,exact_text,1.0,0b76f632-25fa-4681-9862-86499c28afd3,Finger Eleven,Finger Eleven,Rock
Christina Perri,79,exact_text,1.0,38d363c7-fdcb-4308-9474-a0d14ab8d9b7,Christina Perri,Christina Perri,Pop
AWOLNATION,79,exact_text,1.0,77b29df2-056e-409e-a1b2-5e2bbfe421c4,AWOLNATION,AWOLNATION,"Electronic, Pop, Rock"
Phillip Phillips,79,exact_text,1.0,838483d3-a803-4194-9754-ad634fba8553,Phillip Phillips,Phillip Phillips,"Country, Pop"
Mr. Mister,78,exact_text,1.0,5c01e170-1302-4e75-a10c-d9e440b0c68f,Mr. Mister,Mr. Mister,"Pop, Rock"
Reba McEntire,78,exact_text,1.0,3ec17e85-9284-4f4c-8831-4e56c2354cdb,Reba McEntire,Reba McEntire,"Country, R&B"
Lost Boyz,78,exact_text,1.0,8b70d4d9-b3d3-4a99-8a95-96ee59f12140,Lost Boyz,Lost Boyz,Hip-Hop
Vertical Horizon,78,exact_text,1.0,e25216bf-b0ac-4bd3-bc5a-1f82a7d0274f,Vertical Horizon,Vertical Horizon,"Pop, Rock"
Good Charlotte,78,exact_text,1.0,b267ca80-034e-4dc1-9ed4-ec45f1fed41d,Good Charlotte,Good Charlotte,"Pop, Rock"
Daddy Yankee,78,exact_text,1.0,2f522f5c-111c-4ce8-8bd0-d82e97c227ad,Daddy Yankee,Daddy Yankee,"Country, Hip-Hop"
Adam Lambert,78,exact_text,1.0,e942594a-91cc-427a-8beb-6815c28e9254,Adam Lambert,Adam Lambert,"Electronic, Pop"
Rose Royce,77,exact_text,1.0,846482ac-d4c4-4286-8002-b14a601d8ec0,Rose Royce,Rose Royce,R&B
Meco,77,exact_text,1.0,420f0b7c-29da-45f5-a365-fce07fb59c25,Meco,Meco,"Electronic, Pop, R&B"
Village People,77,exact_text,1.0,f19d3d49-be22-4ca6-9903-64d86984fbf2,Village People,Village People,"R&B, Rock"
Adam Ant,77,exact_text,1.0,e188a520-9cb7-4f73-a3d7-2f70c6538e92,Adam Ant,Adam Ant,Rock
Hoobastank,77,exact_text,1.0,2fa0d3ac-b64c-401a-b0a1-4915ba6cc157,Hoobastank,Hoobastank,Rock
Sue Thompson,76,exact_text,1.0,7994b392-4b14-4b06-b591-fd8b0ad65338,Sue Thompson,Sue Thompson,"Country, Pop"
Jerry Reed,76,exact_text,1.0,44419ff2-0251-49ba-933b-b09733ff9adb,Jerry Reed,Jerry Reed,Country
Jennifer Warnes,76,exact_text,1.0,2f140aa6-b99b-4f79-ae33-96018af87fa3,Jennifer Warnes,Jennifer Warnes,"Country, Pop"
Smash Mouth,76,exact_text,1.0,944e1036-8a03-4611-8aa0-31515a05c848,Smash Mouth,Smash Mouth,"Pop, Rock"
AJR,76,exact_text,1.0,2eb55bd9-cfbf-44fd-a5da-92dd825284c7,AJR,AJR,"Electronic, Pop"
Kenny Rogers & The First Edition,75,exact_text,1.0,007554f9-945c-48cb-a825-17dcb3c5fbd2,Kenny Rogers & The First Edition,Kenny Rogers & The First Edition,"Country, Pop"
Shaun Cassidy,75,exact_text,1.0,df9ed132-5b6a-4e7d-a468-033cffc21947,Shaun Cassidy,Shaun Cassidy,"Pop, R&B, Rock"
Ashlee Simpson,75,exact_text,1.0,463c514e-c30d-4a2a-a87b-762535253a80,Ashlee Simpson,Ashlee Simpson,Pop
Breaking Benjamin,75,exact_text,1.0,854a1807-025b-42a8-ba8c-2a39717f1d25,Breaking Benjamin,Breaking Benjamin,Rock
Jazmine Sullivan,75,exact_text,1.0,6f92929a-6381-48ac-b348-83b43b9cf646,Jazmine Sullivan,Jazmine Sullivan,R&B
Gene McDaniels,74,exact_text,1.0,b43965ae-1a17-4076-917b-4815a0fce36e,Gene McDaniels,Gene McDaniels,"Jazz, R&B"
The Rascals,74,exact_text,1.0,219ce30a-0f3a-468c-9a13-55ee358ac0f0,The Rascals,The Rascals,"Pop, R&B, Rock"
Monifah,74,exact_text,1.0,e3ced5f8-085e-45a9-aa63-e67bd5d08cfa,Monifah,Monifah,"Hip-Hop, R&B"
Tove Lo,74,exact_text,1.0,56756959-1e78-429c-b897-e1d056cb0225,Tove Lo,Tove Lo,"Electronic, Pop"
Ava Max,74,exact_text,1.0,add5f522-25df-41c4-815e-0ca9f60b83e4,Ava Max,Ava Max,"Electronic, Pop"
Lee Dorsey,73,exact_text,1.0,23388f69-9c11-44a6-b832-b9071db3423e,Lee Dorsey,Lee Dorsey,R&B
Eric Burdon & The Animals,73,exact_text,1.0,8bc09ff5-3f2f-43b8-a388-0ccc17b33ae7,Eric Burdon & The Animals,Eric Burdon & The Animals,"Jazz, R&B, Rock"
Todd Rundgren,73,exact_text,1.0,1a9a8ca0-ea8e-4e9e-96aa-288155bb2c5d,Todd Rundgren,Todd Rundgren,"Electronic, Pop, R&B, Rock"
Roger Daltrey,73,exact_text,1.0,3896a59d-3058-4797-94b7-864bc58ccd98,Roger Daltrey,Roger Daltrey,"Pop, Rock"
Joe Walsh,73,exact_text,1.0,c6f5969f-1f65-465c-8603-ec2d1e31e39d,Joe Walsh,Joe Walsh,"Country, Pop, Rock"
Stray Cats,73,exact_text,1.0,0e763b87-f3cd-4a63-986f-bebc4189f1f0,Stray Cats,Stray Cats,Rock
Beastie Boys,73,exact_text,1.0,9beb62b2-88db-4cea-801e-162cd344ee53,Beastie Boys,Beastie Boys,"Hip-Hop, Rock"
Snap!,72,exact_text,1.0,cd23732d-ffd2-444e-8884-53475d7ac7d9,Snap!,Snap!,"Electronic, Hip-Hop, Pop"
Gretchen Wilson,72,exact_text,1.0,11d9fc14-e6ac-4c50-81e7-062dd82566ce,Gretchen Wilson,Gretchen Wilson,Country
Lenny Welch,71,exact_text,1.0,c3e8287b-923e-4bb6-902c-c577134e1316,Lenny Welch,Lenny Welch,Pop
Albert Hammond,71,exact_text,1.0,364f3cef-442b-4182-ae78-4e7e79683c24,Albert Hammond,Albert Hammond,Pop
Lynyrd Skynyrd,71,exact_text,1.0,c544ed4d-2390-4442-a83e-1ea2883b09c8,Lynyrd Skynyrd,Lynyrd Skynyrd,"Country, Rock"
Spin Doctors,71,exact_text,1.0,1bcb61f3-ca9c-4a26-b16e-0547ad6c21be,Spin Doctors,Spin Doctors,"Pop, Rock"
Limp Bizkit,71,exact_text,1.0,8f9d6bb2-dba4-4cca-9967-cc02b9f4820c,Limp Bizkit,Limp Bizkit,Rock
Cascada,71,exact_text,1.0,04af2581-6692-4f14-a7fe-151a36f20368,Cascada,Cascada,Pop
Bobby Helms,70,exact_text,1.0,502b3244-0f7d-470c-99e9-b17fe6bcaabf,Bobby Helms,Bobby Helms,"Country, Pop, Rock"
Ray Price,70,exact_text,1.0,c91823bc-3074-48f7-b6fe-ccda9310d2f5,Ray Price,Ray Price,"Country, Pop"
Dobie Gray,70,exact_text,1.0,fb5d53ea-6090-49cd-b8ab-0d200bacf4c3,Dobie Gray,Dobie Gray,"Country, Pop, R&B"
Bobby Womack,70,exact_text,1.0,48e78462-2f0b-4a1a-9fa4-0585e2991e80,Bobby Womack,Bobby Womack,"Jazz, R&B"
Gloria Gaynor,70,exact_text,1.0,d5c51c36-ac67-4727-91ed-ee9f0df81a2d,Gloria Gaynor,Gloria Gaynor,"Pop, R&B"
Crowded House,70,exact_text,1.0,9854d99f-d954-4c0f-9ae5-58a0cdd885f5,Crowded House,Crowded House,"Pop, Rock"
Musiq Soulchild,70,exact_text,1.0,01872118-3238-4f46-a849-26a0901a0da7,Musiq Soulchild,Musiq Soulchild,R&B
Sergio Mendes & Brasil '66,69,exact_text,1.0,491d8124-42e9-43f0-a828-e4a40c59e5ba,Sérgio Mendes & Brasil ’66,Sérgio Mendes & Brasil ’66,"Jazz, Pop, R&B"
Rupert Holmes,69,exact_text,1.0,3e7ef7ed-18c1-436d-b946-7e7e63ace408,Rupert Holmes,Rupert Holmes,Pop
Paul Carrack,69,exact_text,1.0,fe4658a6-bb37-473d-b6f0-f075dda8d31c,Paul Carrack,Paul Carrack,"Pop, R&B"
X Ambassadors,69,exact_text,1.0,298f4089-1948-44b5-b5e8-d5381f42362f,X Ambassadors,X Ambassadors,"Pop, Rock"
Timi Yuro,68,exact_text,1.0,8a52e2b1-7087-416f-91b0-3584ab7ba044,Timi Yuro,Timi Yuro,R&B
Chris Montez,68,exact_text,1.0,e161330c-8c2a-4ccc-80c6-88d48f9d4095,Chris Montez,Chris Montez,"Pop, Rock"
Kris Kristofferson,68,exact_text,1.0,cb1ca13a-4821-4e66-aff0-0fd6b3dc9a81,Kris Kristofferson,Kris Kristofferson,Country
Naked Eyes,68,exact_text,1.0,d5d477bc-97c5-410c-983b-ff541580566f,Naked Eyes,Naked Eyes,"Pop, Rock"
Martika,68,exact_text,1.0,6529224b-a935-4c46-882f-8a558015b3cb,Martika,Martika,Pop
Petey Pablo,68,exact_text,1.0,f9db232d-6513-43b7-b6cd-1d73bcd65a58,Petey Pablo,Petey Pablo,Hip-Hop
Meek Mill Featuring Drake,68,exact_text,1.0,31bcadcc-e1da-4cad-bec8-2f4f1d41b095,Meek Mill,Meek Mill,Hip-Hop
Skeeter Davis,67,exact_text,1.0,fd8f6b23-480c-4605-8152-51a5e8a39dfb,Skeeter Davis,Skeeter Davis,"Country, Pop"
Millie Jackson,67,exact_text,1.0,50e7cc0b-a74e-44b1-a22f-3cd9361d82dd,Millie Jackson,Millie Jackson,R&B
Donnie Iris,67,exact_text,1.0,f785e8cd-648a-472b-8f22-a375e68ea8ed,Donnie Iris,Donnie Iris,"Pop, Rock"
Run-D.M.C.,67,fuzzy,0.9412,5ecc3f72-20a6-47a0-8dc5-fb0b3dadeea0,Run‐D.M.C.,Run‐D.M.C.,"Hip-Hop, Rock"
Lisa Lisa And Cult Jam,67,exact_text,1.0,504456e7-65c3-4088-9e63-e2bf04fa1ed4,Lisa Lisa & Cult Jam,Lisa Lisa & Cult Jam,"Pop, R&B"
Michel'le,67,fuzzy,0.9412,106e8865-ab5f-44bd-8b47-454d4c7205e0,Michel’le,Michel’le,R&B
Cypress Hill,67,exact_text,1.0,51508c1f-8d07-4a00-9cf1-26c570fe7b78,Cypress Hill,Cypress Hill,"Hip-Hop, Rock"
Blackstreet,67,exact_text,1.0,d72d000b-b860-44f4-9ac1-5d82e3fff9a9,Blackstreet,Blackstreet,R&B
Jeremih,67,exact_text,1.0,1c009a08-74d1-4682-bc56-8bfbe9e66b62,Jeremih,Jeremih,"Pop, R&B"
Big Sean,67,exact_text,1.0,942a9807-9c1a-4a0e-a285-1fde2c5be9d1,Big Sean,Big Sean,Hip-Hop
Parmalee,67,exact_text,1.0,66980f96-2716-48e6-88c2-cbbb81b8e888,Parmalee,Parmalee,"Country, Rock"
Al Stewart,66,exact_text,1.0,ab7d49fa-c383-4c41-b890-3fe68e559dc4,Al Stewart,Al Stewart,"Country, Pop, Rock"
Tori Amos,66,exact_text,1.0,c0b2500e-0cef-4130-869d-732b23ed9df5,Tori Amos,Tori Amos,"Electronic, Pop, Rock"
Gerald Levert,66,exact_text,1.0,9363bf34-2bc4-471e-b6c9-9e8aac379551,Gerald Levert,Gerald Levert,"Hip-Hop, R&B"
The Flamingos,65,exact_text,1.0,467c7eeb-3741-48b4-9bfb-7d6d0b2b0f83,The Flamingos,The Flamingos,"Pop, R&B"
The Trammps,65,exact_text,1.0,8799413d-7df8-4eb9-8542-af8cea6b0feb,The Trammps,The Trammps,R&B
John Fogerty,65,exact_text,1.0,c3649208-0ebe-449b-b1d7-4bd6c560f109,John Fogerty,John Fogerty,"Country, Rock"
Vanessa Carlton,65,exact_text,1.0,c1a61bb0-e4fe-4064-bc8d-954a2dafda79,Vanessa Carlton,Vanessa Carlton,"Pop, Rock"
NLE Choppa,65,exact_text,1.0,2873b450-13c6-4ca1-8ca3-646c25af3202,NLE Choppa,NLE Choppa,Hip-Hop
Lil Durk,65,exact_text,1.0,c9cd225b-4883-428e-82c2-73e0b6282fb6,Lil Durk,Lil Durk,Hip-Hop
Aaron Neville,64,exact_text,1.0,2f53411b-ec29-4979-aa46-62786a2bb377,Aaron Neville,Aaron Neville,"Country, Jazz, Pop, R&B"
Jefferson Airplane,64,exact_text,1.0,39c2a93d-9afa-4a22-9bba-c087ab056e1c,Jefferson Airplane,Jefferson Airplane,"Country, Rock"
Kim Wilde,64,exact_text,1.0,4b462375-c508-432a-8c88-ceeec38b16ae,Kim Wilde,Kim Wilde,"Pop, Rock"
Lou Gramm,64,exact_text,1.0,1355d559-f13f-4c78-a7a8-02b6d747d94e,Lou Gramm,Lou Gramm,Rock
Del Amitri,64,exact_text,1.0,5b86617f-e775-4675-b6d3-c4ad95d05409,Del Amitri,Del Amitri,"Country, Pop, Rock"
The Cranberries,64,exact_text,1.0,c98d40fd-f6cf-4b26-883e-eaa515ee2851,The Cranberries,The Cranberries,"Pop, Rock"
Edwin McCain,64,exact_text,1.0,f362fdd1-3ddd-4c4e-9629-ef170b08d093,Edwin McCain,Edwin McCain,"Pop, Rock"
Tucker Wetmore,64,exact_text,1.0,bac63106-16c3-4a31-80a4-d269ec27ab96,Tucker Wetmore,Tucker Wetmore,Country
Ohio Express,63,exact_text,1.0,7ba71a5b-f9ee-46f3-9f5d-181cb2aab0bd,Ohio Express,Ohio Express,Pop
Badfinger,63,exact_text,1.0,44632683-c340-44de-a65d-328212559f91,Badfinger,Badfinger,"Pop, Rock"
Freda Payne,63,exact_text,1.0,6d1a5b3d-730c-4b10-b83d-ef2c98ce86f3,Freda Payne,Freda Payne,"Jazz, R&B"
April Wine,63,exact_text,1.0,78761837-4b00-4935-b7be-601697900e66,April Wine,April Wine,Rock
Al Jarreau,63,exact_text,1.0,3e54ba8b-f4cc-4192-9813-890d570e2b7a,Al Jarreau,Al Jarreau,"Jazz, Pop, R&B"
Trapt,63,exact_text,1.0,8876c0be-ccff-4d46-aa91-7f935a3b3b6b,Trapt,Trapt,Rock
Pharrell Williams,63,exact_text,1.0,149f91ef-1287-46da-9a8e-87fee02f1471,Pharrell Williams,Pharrell Williams,"Hip-Hop, Pop, R&B, Rock"
Roddy Ricch,63,exact_text,1.0,5721c227-4caf-48b1-bbfc-1a4ed3276963,Roddy Ricch,Roddy Ricch,Hip-Hop
Deep Purple,62,exact_text,1.0,79491354-3d83-40e3-9d8e-7592d58d790a,Deep Purple,Deep Purple,Rock
Peabo Bryson,62,exact_text,1.0,b8170690-3a95-42e4-adef-afc9576ed90c,Peabo Bryson,Peabo Bryson,R&B
Hinder,62,exact_text,1.0,39b22a9e-59dd-412b-ac3c-0725c807c72b,Hinder,Hinder,Rock
Robin Thicke,62,exact_text,1.0,ddfd9b2f-186e-4b2c-ad09-01aa5380c225,Robin Thicke,Robin Thicke,"Pop, R&B"
Calvin Harris,62,exact_text,1.0,8dd98bdc-80ec-4e93-8509-2f46bafc09a7,Calvin Harris,Calvin Harris,"Electronic, Pop"
Gabby Barrett Featuring Charlie Puth,62,exact_text,1.0,b779262a-e5c0-4ca1-b412-e2fbb5ea7318,Gabby Barrett,Gabby Barrett,Country
Ritchie Valens,61,exact_text,1.0,5222714d-21ee-4061-87f7-c749f1586790,Ritchie Valens,Ritchie Valens,Rock
Jimmy Ruffin,61,exact_text,1.0,e39c7351-7110-41e9-9328-ca08df0921cc,Jimmy Ruffin,Jimmy Ruffin,"Pop, R&B"
Pink Floyd,61,exact_text,1.0,83d91898-7763-47d7-b03b-b92132375c47,Pink Floyd,Pink Floyd,Rock
Eric Clapton And His Band,61,exact_text,1.0,75fd4826-4e89-41ce-878a-9db73aa3eda7,Eric Clapton And His Band,Eric Clapton And His Band,"Jazz, Rock"
The Clash,61,exact_text,1.0,8f92558c-2baa-4758-8c38-615519e9deda,The Clash,The Clash,"Country, Rock"
Ice Cube,61,exact_text,1.0,1d11e2a1-4531-4d61-a8c7-7b5c6a608fd2,Ice Cube,Ice Cube,Hip-Hop
Collin Raye,61,exact_text,1.0,49bf0641-e3cd-462f-8aab-5346ef213b01,Collin Raye,Collin Raye,Country
Sister Hazel,61,exact_text,1.0,3b141e34-8c02-4074-b68a-7d64e3212acd,Sister Hazel,Sister Hazel,"Country, Rock"
Lauryn Hill,61,exact_text,1.0,e8414012-4a1c-4ad4-be5e-fc55294e28cc,Lauryn Hill,Lauryn Hill,"Country, Hip-Hop, R&B"
Jamie O'Neal,61,fuzzy,0.9565,54f855b3-e958-46c3-973d-d4536250a652,Jamie O’Neal,Jamie O’Neal,Country
Pretty Ricky,61,exact_text,1.0,b79247ee-9870-4a26-8cbc-88d13044d7f6,Pretty Ricky,Pretty Ricky,"Hip-Hop, R&B"
Frankie Laine,60,exact_text,1.0,bb56bf3b-053d-470a-945e-fb6943c03214,Frankie Laine,Frankie Laine,"Country, Jazz, Pop, R&B"
Mitch Ryder And The Detroit Wheels,60,exact_text,1.0,4ddc78bb-bf16-470c-8115-48709bedebbd,Mitch Ryder & The Detroit Wheels,Mitch Ryder & The Detroit Wheels,"R&B, Rock"
Stacey Q,60,exact_text,1.0,55cf7705-e0bc-4b70-8cba-b85544e2eac9,Stacey Q,Stacey Q,"Pop, Rock"
Enya,60,exact_text,1.0,4967c0a1-b9f3-465e-8440-4598fd9fc33c,Enya,Enya,"Country, Electronic"
Josh Gracin,60,exact_text,1.0,80d77777-8456-4686-94a6-754c9e50bdff,Josh Gracin,Josh Gracin,Country
KT Tunstall,60,exact_text,1.0,951d2103-9c7d-4849-ae60-88bf6aa4790b,KT Tunstall,KT Tunstall,"Country, Pop, Rock"
Chase Rice,60,exact_text,1.0,79c478c4-9bd7-42f1-8d26-f3c45ac49258,Chase Rice,Chase Rice,Country
Desiigner,60,exact_text,1.0,05b75ee5-98cd-430e-b1ec-ec0f61fdabda,Desiigner,Desiigner,Hip-Hop
Eydie Gorme,59,exact_text,1.0,36b31034-0dcb-4543-9aaf-5acf9fd3c2e6,Eydie Gormé,Eydie Gormé,"Country, Pop"
Joan Baez,59,exact_text,1.0,92d37892-6186-4459-9cc1-f0dde57652d0,Joan Baez,Joan Baez,"Country, R&B"
Quincy Jones,59,exact_text,1.0,5803c81e-739a-4057-9a5c-cf84e55db630,Quincy Jones,Quincy Jones,"Jazz, R&B"
Golden Earring,59,exact_text,1.0,75336c3d-2833-46cb-8037-b835cd7d646d,Golden Earring,Golden Earring,"Jazz, Rock"
Stephanie Mills,59,exact_text,1.0,3ee6b1e9-5844-4029-be18-cd7e34e9e969,Stephanie Mills,Stephanie Mills,"Electronic, Pop, R&B"
Teena Marie,59,exact_text,1.0,98cb2d05-0b47-4bc6-b345-792eecbe8449,Teena Marie,Teena Marie,"Hip-Hop, Jazz, R&B"
Gotye Featuring Kimbra,59,exact_text,1.0,6f6fd596-76e0-4b82-aa37-f558ac2d337b,Gotye,Gotye,"Electronic, Pop, Rock"
Tory Lanez,59,exact_text,1.0,5b8ec72b-9e39-4a06-a2bf-964166b92a71,Tory Lanez,Tory Lanez,"Country, Hip-Hop, Pop, R&B"
Latto,59,exact_text,1.0,355cc194-b8db-4af2-8678-c7ad54213f4b,Latto,Latto,Hip-Hop
Lloyd Price,58,exact_text,1.0,d047ee24-6fac-401a-8769-34edbda52113,Lloyd Price,Lloyd Price,"R&B, Rock"
Bobby Bare,58,exact_text,1.0,b7798819-d9b2-442b-bd22-e55b40a1a69f,Bobby Bare,Bobby Bare,Country
Neneh Cherry,58,exact_text,1.0,527c65d1-9fdb-4482-8796-dde2980bd63a,Neneh Cherry,Neneh Cherry,"Electronic, Hip-Hop, Rock"
Fabolous,58,exact_text,1.0,d2299099-e617-46dd-b013-ba0b4c72bc63,Fabolous,Fabolous,Hip-Hop
The Skyliners,57,exact_text,1.0,6d7eef18-28b0-4d7b-90ba-516a19bf3dcc,The Skyliners,The Skyliners,R&B
Dave Mason,57,exact_text,1.0,d70c2ae1-911a-4bea-8ef4-63564a150ff2,Dave Mason,Dave Mason,"Pop, Rock"
Sergio Mendes,57,exact_text,1.0,6bf591c4-b050-478e-9d9f-167394d66c90,Sérgio Mendes,Sérgio Mendes,"Jazz, Pop, R&B"
Patty Smyth,57,exact_text,1.0,b7bf6771-2552-4fc4-8c48-66f042f04198,Patty Smyth,Patty Smyth,"Pop, Rock"
Ty Herndon,57,exact_text,1.0,ef354948-8135-45c0-b48e-9d82fa85e20f,Ty Herndon,Ty Herndon,Country
B2K,57,exact_text,1.0,e50519c1-6940-40fe-b920-f73f522005e2,B2K,B2K,"Hip-Hop, Pop, R&B"
Unk,57,exact_text,1.0,1b444b91-ed25-4a88-897b-a1d648a53f05,Unk,Unk,Hip-Hop
Lukas Graham,57,exact_text,1.0,124cec07-44f1-4a99-9aaa-96a5bb9ec0bd,Lukas Graham,Lukas Graham,"Pop, R&B"
Noah Kahan,57,exact_text,1.0,a2a3f910-b188-43e7-81d0-f1ac2a2f3e12,Noah Kahan,Noah Kahan,"Country, Pop"
The Fireballs,56,exact_text,1.0,742ac24e-d1cd-48c5-8a4b-684fd3d84ddb,The Fireballs,The Fireballs,Rock
Leon Haywood,56,exact_text,1.0,e5462b45-8837-495b-aad2-6dfc8600b1ef,Leon Haywood,Leon Haywood,R&B
Ronnie Dyson,56,exact_text,1.0,c665c7dc-a209-4742-b118-013a40c27549,Ronnie Dyson,Ronnie Dyson,R&B
Neil Young,56,exact_text,1.0,75167b8b-44e4-407b-9d35-effe87b223cf,Neil Young,Neil Young,"Country, Rock"
Maxine Nightingale,56,exact_text,1.0,0d8da158-389d-4b58-a62e-a6b5870fc3a4,Maxine Nightingale,Maxine Nightingale,R&B
Mick Jagger,56,exact_text,1.0,b5ffc3aa-b868-4b88-905f-d73d51dbe51c,Mick Jagger,Mick Jagger,"Jazz, Pop, R&B, Rock"
Cutting Crew,56,exact_text,1.0,2aa79fa9-7ac0-443b-b250-18d67227a1cb,Cutting Crew,Cutting Crew,"Pop, Rock"
Erykah Badu,56,exact_text,1.0,321531fc-db73-4ffa-a959-61a61a2908c1,Erykah Badu,Erykah Badu,R&B
Angie Stone,56,exact_text,1.0,82f8dd22-0319-4f35-953c-358b3f883027,Angie Stone,Angie Stone,"Hip-Hop, R&B"
Gorillaz,56,exact_text,1.0,e21857d5-3256-4547-afb3-4b6ded592596,Gorillaz,Gorillaz,"Electronic, Hip-Hop, Pop, Rock"
Evanescence,56,exact_text,1.0,f4a31f0a-51dd-4fa7-986d-3095c40c5ed9,Evanescence,Evanescence,Rock
DNCE,56,exact_text,1.0,b02dc689-7859-461d-b70e-9fe1f64fddce,DNCE,DNCE,"Pop, R&B, Rock"
Giveon,56,exact_text,1.0,ad322b8b-31b2-437d-8fd8-1af13c1d7b91,GIVĒON,GIVĒON,R&B
Peggy Lee,55,exact_text,1.0,5a2463af-eef0-4a22-bc8f-5865fbe9c78e,Peggy Lee,Peggy Lee,"Jazz, Pop"
Johnny Burnette,55,exact_text,1.0,e92e6d99-d4b3-4942-a6e6-b59427dae61e,Johnny Burnette,Johnny Burnette,Rock
Betty Everett,55,exact_text,1.0,beab6f53-4534-49d9-87a2-d01c0211b366,Betty Everett,Betty Everett,"Country, R&B"
Duncan Sheik,55,exact_text,1.0,2d1829d9-ff1b-4000-b6c6-41d2cfbf3e52,Duncan Sheik,Duncan Sheik,"Pop, R&B, Rock"
Jimmy Reed,54,exact_text,1.0,018d8a5e-76c7-450d-a0a1-a97f8c26466f,Jimmy Reed,Jimmy Reed,Jazz
Barbara Lynn,54,exact_text,1.0,facb97f4-4674-40d0-b060-433e9a1a49cb,Barbara Lynn,Barbara Lynn,"Jazz, R&B"
Darlene Love,54,exact_text,1.0,af953ba2-283b-41ef-93bc-b4cfc5feeebc,Darlene Love,Darlene Love,"Jazz, Pop, R&B, Rock"
Bobbie Gentry,54,exact_text,1.0,a5106366-6368-4a02-a580-73a3c02abb2f,Bobbie Gentry,Bobbie Gentry,"Country, R&B"
Mary MacGregor,54,exact_text,1.0,31107661-e4b3-4202-a11e-561aca03e9d7,Mary MacGregor,Mary MacGregor,"Country, Pop"
Lisette Melendez,54,exact_text,1.0,0853d925-3d71-4cf6-a306-efc68ef5890d,Lisette Melendez,Lisette Melendez,Pop
2 Unlimited,54,exact_text,1.0,515b236c-cce1-4dc2-aedd-50de7b1736e2,2 Unlimited,2 Unlimited,"Electronic, Pop"
Jocelyn Enriquez,54,exact_text,1.0,c61cc6fa-0e59-475d-807b-a8d265670529,Jocelyn Enriquez,Jocelyn Enriquez,"Electronic, Pop"
Amerie,54,exact_text,1.0,56ef1af4-5184-49f8-a972-583f35c2485c,Amerie,Amerie,"Hip-Hop, Pop, R&B"
Betty Wright,53,exact_text,1.0,eed5f159-4858-4464-93c3-fc2da3796446,Betty Wright,Betty Wright,"Hip-Hop, R&B"
Luther Ingram,53,exact_text,1.0,58e06884-8ca6-4b37-93ef-fad57b41e560,Luther Ingram,Luther Ingram,R&B
Level 42,53,exact_text,1.0,d69ee229-2f36-494c-b104-9ae0d8be506b,Level 42,Level 42,"Jazz, Pop, Rock"
TKA,53,exact_text,1.0,83a79452-dcb0-48d3-a7ea-2e0af86d7ebd,TKA,TKA,Electronic
Switchfoot,53,exact_text,1.0,ff865aa0-4603-4f79-ae8b-8735332e2cfa,Switchfoot,Switchfoot,"Pop, R&B, Rock"
Jennifer Hudson,53,exact_text,1.0,95b5d5b5-46c4-4c3e-89d5-ffe9236427ac,Jennifer Hudson,Jennifer Hudson,R&B
Della Reese,52,exact_text,1.0,f9328e7e-889f-4cc7-b56a-8d94cf0b8fe2,Della Reese,Della Reese,"Jazz, Pop, R&B"
Manfred Mann,52,exact_text,1.0,06b6f280-8787-4a3d-8ab6-c6487b465320,Manfred Mann,Manfred Mann,"Pop, R&B, Rock"
Vikki Carr,52,exact_text,1.0,06e7ad00-7257-4f5e-837f-81eeda8e0685,Vikki Carr,Vikki Carr,"Country, Pop"
Charley Pride,52,exact_text,1.0,1c1de177-984d-4208-9177-ca94f8776a39,Charley Pride,Charley Pride,Country
Tanya Tucker,52,exact_text,1.0,45677914-89de-4267-aeae-8c1661b2c859,Tanya Tucker,Tanya Tucker,Country
Marilyn McCoo & Billy Davis Jr.,52,exact_text,1.0,63562051-8159-4703-857e-ffdb2f652acb,Marilyn McCoo & Billy Davis Jr.,Marilyn McCoo & Billy Davis Jr.,"Pop, R&B"
Robin S.,52,exact_text,1.0,37a0943e-9638-48fe-9a56-7192d7efbbed,Robin S,Robin S,"Electronic, Jazz, Pop, R&B"
Joshua Kadison,52,exact_text,1.0,fef99732-88b6-4ac1-9a49-4bfcca88d8fe,Joshua Kadison,Joshua Kadison,Pop
Warren G,52,exact_text,1.0,85d7666c-d3ce-4e2c-8b1b-f20db7cdae4f,Warren G,Warren G,Hip-Hop
Robyn,52,exact_text,1.0,5a8e07d5-d932-4484-a7f7-e700793a9c94,Robyn,Robyn,"Electronic, Pop, R&B"
Randy Travis,52,exact_text,1.0,09b697e3-a849-4670-ae49-e0b821a6271a,Randy Travis,Randy Travis,"Country, R&B"
Iyaz,52,exact_text,1.0,3bf30073-ce4e-4207-88d2-ad83677b0387,Iyaz,Iyaz,"Country, Pop, R&B"
Playboi Carti,52,exact_text,1.0,2baf3276-ed6a-4349-8d2e-f4601e7b2167,Playboi Carti,Playboi Carti,Hip-Hop
24kGoldn Featuring iann dior,52,exact_text,1.0,0fe5df51-ba65-4784-ba85-7d024a107a8a,24kGoldn,24kGoldn,"Hip-Hop, Pop"
Sarah Vaughan,51,exact_text,1.0,351d8bdf-33a1-45e2-8c04-c85fad20da55,Sarah Vaughan,Sarah Vaughan,"Jazz, Pop"
Ral Donner,51,exact_text,1.0,bc3d0e48-8d65-46ee-9ca8-97e12c1d5b0a,Ral Donner,Ral Donner,Rock
Gary Puckett And The Union Gap,51,exact_text,1.0,77e92ee5-1a51-472e-b03e-3366663cf793,Gary Puckett & the Union Gap,Gary Puckett & the Union Gap,Pop
Thelma Houston,51,exact_text,1.0,cb327970-cf95-4f2d-91db-b1b787aa51f9,Thelma Houston,Thelma Houston,R&B
Chuck Mangione,51,exact_text,1.0,4861e415-2a6e-4682-98c0-ae212683faf4,Chuck Mangione,Chuck Mangione,Jazz
Slade,51,exact_text,1.0,2e700147-56a3-416b-a95d-381ea42f947f,Slade,Slade,Rock
Matthew Wilder,51,exact_text,1.0,471e21ab-7a14-4190-a9d2-f95197616df4,Matthew Wilder,Matthew Wilder,"Pop, Rock"
Chingy,51,exact_text,1.0,2c311e1d-5da3-4ffb-a46e-572981b5849f,Chingy,Chingy,Hip-Hop
Hilary Duff,51,exact_text,1.0,bfaf9b70-d1fd-4d3e-b730-3e67e6f8f9bb,Hilary Duff,Hilary Duff,"Electronic, Pop, Rock"
Rachel Platten,51,exact_text,1.0,070c2401-1474-477d-b377-3e5827992fbf,Rachel Platten,Rachel Platten,Pop
Sandy Posey,50,exact_text,1.0,ed682cfc-c080-46c6-baf9-2df4935db7ce,Sandy Posey,Sandy Posey,"Country, R&B"
Martha Reeves & The Vandellas,50,exact_text,1.0,9d1bc10a-24fe-4b41-8338-ea92d8101a09,Martha Reeves and the Vandellas,Martha Reeves and the Vandellas,"Pop, R&B, Rock"
Tammy Wynette,50,exact_text,1.0,26fe36eb-fd75-4799-bf0f-fa502a7bcfe8,Tammy Wynette,Tammy Wynette,Country
Kate Bush,50,exact_text,1.0,4b585938-f271-45e2-b19a-91c634b5e396,Kate Bush,Kate Bush,"Pop, Rock"
Ratt,50,exact_text,1.0,e0827234-3be3-4973-be59-1aa9575b9c76,Ratt,Ratt,Rock
Tone-Loc,50,fuzzy,0.9333,16da4997-78e1-4837-85f6-9247d10cde1f,Tone‐Lōc,Tone‐Lōc,"Hip-Hop, Rock"
Christina Milian,50,exact_text,1.0,78e98e0e-f873-4e5e-b4b7-88b7293fd713,Christina Milian,Christina Milian,"Electronic, Hip-Hop, Pop, R&B"
Herbie Mann,49,exact_text,1.0,04271c28-b9a7-4724-b7fd-022409fbce60,Herbie Mann,Herbie Mann,"Jazz, R&B"
Andrew Gold,49,exact_text,1.0,10876f5a-9ac7-49c7-a2b6-46a3f1ac3523,Andrew Gold,Andrew Gold,Pop
Spandau Ballet,49,exact_text,1.0,4c0d9acf-a8a1-4765-9c56-05f92f68c048,Spandau Ballet,Spandau Ballet,"Pop, R&B, Rock"
Vanilla Ice,49,exact_text,1.0,2d5583be-aafd-41ec-addd-df85913855ef,Vanilla Ice,Vanilla Ice,"Hip-Hop, Rock"
Chad Brock,49,exact_text,1.0,7d989b4b-e379-4b8d-be80-812d9c3e9c04,Chad Brock,Chad Brock,Country
Blaque,49,exact_text,1.0,e2137e49-1cfa-4321-8dca-aef01cb8101e,Blaque,Blaque,"Pop, R&B"
Omarion,49,exact_text,1.0,3ca09fae-fdee-4771-bab9-244708515a98,Omarion,Omarion,"Pop, R&B"
6ix9ine,49,exact_text,1.0,2282c539-05a2-477c-82b7-fe40798d37f3,6ix9ine,6ix9ine,Hip-Hop
BigXthaPlug,49,exact_text,1.0,d25f6294-686a-4569-b1b9-fe64bfef2519,BigXthaPlug,BigXthaPlug,"Country, Hip-Hop"
Teresa Brewer,48,exact_text,1.0,9775a551-e2b9-4989-838a-ffdb2175cd62,Teresa Brewer,Teresa Brewer,"Jazz, Pop"
Lynn Anderson,48,exact_text,1.0,354812d4-2dfb-4611-9a8f-8f8e795e48bf,Lynn Anderson,Lynn Anderson,"Country, R&B"
Mickey Gilley,48,exact_text,1.0,e5e17a46-5f66-4ee7-8377-0c3ddb257eb8,Mickey Gilley,Mickey Gilley,Country
Dorothy Moore,48,exact_text,1.0,e5a30e1e-b85f-4f56-8be4-c892125fcf45,Dorothy Moore,Dorothy Moore,"Jazz, R&B"
Blues Brothers,48,exact_text,1.0,7252abc2-dfc8-4aa6-889f-2d168b265403,Blues Brothers,Blues Brothers,"Jazz, R&B, Rock"
Lil Suzy,48,exact_text,1.0,dfaa611b-a7cc-415d-9aef-4ed014468632,Lil’ Suzy,Lil’ Suzy,Pop
Dishwalla,48,exact_text,1.0,d6cd2165-7877-4ca7-ace9-34dacadaf393,Dishwalla,Dishwalla,Rock
Kelly Price,48,exact_text,1.0,76afa937-2afb-4359-923f-5faa18070e81,Kelly Price,Kelly Price,R&B
BBMak,48,exact_text,1.0,0662fa9d-73b0-4f71-9576-c963a5a14f66,BBMak,BBMak,Pop
Heather Headley,48,exact_text,1.0,a373933d-555c-446f-a7a2-b8b8a291659f,Heather Headley,Heather Headley,R&B
Blue October,48,exact_text,1.0,d6a3eeec-cde0-4c10-89b2-93e0bd5f34e6,Blue October,Blue October,"Pop, Rock"
Snow Patrol,48,exact_text,1.0,a66999a7-ae5c-460e-ba94-1a01143ae847,Snow Patrol,Snow Patrol,"Pop, Rock"
CeeLo Green,48,exact_text,1.0,2c69465c-0f76-45ce-90a2-1ed0fdacc997,CeeLo Green,CeeLo Green,"Hip-Hop, Pop, R&B"
Little Milton,47,exact_text,1.0,37846227-55fb-444b-9cd7-dc06d5d20714,Little Milton,Little Milton,"Jazz, R&B"
Adina Howard,47,exact_text,1.0,5c8d5115-163b-4725-9dd7-ab7ed7debbbd,Adina Howard,Adina Howard,"Hip-Hop, R&B"
Fatboy Slim,47,exact_text,1.0,34c63966-445c-4613-afe1-4f0e1e53ae9a,Fatboy Slim,Fatboy Slim,Electronic
Ja Rule Featuring Ashanti,47,exact_text,1.0,b504f625-4ef6-4a5a-81e8-870a61e8dc9c,Ja Rule,Ja Rule,Hip-Hop
James Blunt,47,exact_text,1.0,ebee61b4-bbdd-4087-9bcb-d5aa099088ec,James Blunt,James Blunt,"Country, Pop"
3OH!3,47,exact_text,1.0,125948ec-7f91-4d1a-8b83-accbf50fae3d,3OH!3,3OH!3,"Electronic, Hip-Hop, Pop, Rock"
Taio Cruz,47,exact_text,1.0,ba7d2626-38ce-4859-8495-bdb5732715c4,Taio Cruz,Taio Cruz,"Pop, R&B"
Steve Lacy,47,exact_text,1.0,ca9766a0-1c30-43e6-a213-bac1334efc4a,Steve Lacy,Steve Lacy,R&B
Tommy Richman,47,exact_text,1.0,741a6c80-2d6e-4522-9de4-e070798a2d30,Tommy Richman,Tommy Richman,"Hip-Hop, Pop, R&B"
Ed Ames,46,exact_text,1.0,6a55061b-9742-4059-94b1-a5ea1bd42dce,Ed Ames,Ed Ames,Pop
Art Garfunkel,46,exact_text,1.0,fc0a5289-4b77-4246-9c8d-857c8b617f5d,Art Garfunkel,Art Garfunkel,"Country, Pop, Rock"
Burton Cummings,46,exact_text,1.0,404c5c4c-7d08-44e4-9721-68a824edc144,Burton Cummings,Burton Cummings,"Pop, Rock"
Eddy Grant,46,exact_text,1.0,0cf0583a-fcfd-4f07-b573-95273ec4bdb5,Eddy Grant,Eddy Grant,"Country, Pop, Rock"
Ozzy Osbourne,46,exact_text,1.0,8aa5b65a-5b3c-4029-92bf-47a544356934,Ozzy Osbourne,Ozzy Osbourne,Rock
Regina Belle,46,exact_text,1.0,e1235abf-1fab-40a5-833a-057968d90e48,Regina Belle,Regina Belle,"Electronic, Pop, R&B"
Levert,46,exact_text,1.0,238ad296-7c8e-49e2-afb6-cd2a08553831,LeVert,LeVert,"Hip-Hop, R&B"
Kid Rock,46,exact_text,1.0,ad0ecd8b-805e-406e-82cb-5b00c3a3a29e,Kid Rock,Kid Rock,"Country, Hip-Hop, Rock"
Ruff Endz,46,exact_text,1.0,ab9b26bf-7a4e-4abb-ba2e-14a51e89cdb0,Ruff Endz,Ruff Endz,R&B
India.Arie,46,exact_text,1.0,38c7a3b2-17fb-4166-b964-4e445d69efdd,India.Arie,India.Arie,R&B
Stone Sour,46,exact_text,1.0,4ca783b7-5bf7-4348-b494-46680660050f,Stone Sour,Stone Sour,Rock
PSY,46,exact_text,1.0,f99b7d67-4e63-4678-aa66-4c6ac0f7d24a,PSY,PSY,Pop
Don Costa And His Orchestra And Chorus,45,exact_text,1.0,6ae4c1c0-e8d0-46d0-a231-d0cc5dcb5bec,Don Costa & His Orchestra & Chorus,Don Costa & His Orchestra & Chorus,"Jazz, Pop"
Walter Egan,45,exact_text,1.0,c0c71b1c-d524-44c1-bd20-04531270cc77,Walter Egan,Walter Egan,"Country, Pop"
Nick Gilder,45,exact_text,1.0,ea3baabe-3bd8-446a-a696-f38e43d34995,Nick Gilder,Nick Gilder,Rock
Quiet Riot,45,exact_text,1.0,5c6acb91-4b9b-4245-b92f-e817295c4ed0,Quiet Riot,Quiet Riot,Rock
Five Star,45,exact_text,1.0,605e3f29-a8a4-4880-bddd-b9abd73b1ac1,Five Star,Five Star,"Pop, R&B"
Soul Asylum,45,exact_text,1.0,b10db9ad-b4c3-47f3-a7a4-37864b134f65,Soul Asylum,Soul Asylum,"Country, Rock"
Vince Gill,45,exact_text,1.0,ec37ecfe-65b4-49a4-83c7-ee1ccaeec2e3,Vince Gill,Vince Gill,"Country, Rock"
Craig Mack,45,exact_text,1.0,d67e2f50-a3c9-4ee7-b41d-2b90ebb31196,Craig Mack,Craig Mack,Hip-Hop
Le Click,45,exact_text,1.0,175be76f-52cc-4411-957a-9c2b0fbae0b9,Le Click,Le Click,Pop
D12,45,exact_text,1.0,9ab19acf-06d9-4c92-bd5a-8c945488d45b,D12,D12,Hip-Hop
Lil Jon & The East Side Boyz Featuring Ying Yang Twins,45,exact_text,1.0,243c6f61-d83b-4459-bebd-5899df0da111,Lil Jon & The East Side Boyz,Lil Jon & The East Side Boyz,"Electronic, Hip-Hop"
Buckcherry,45,exact_text,1.0,822e92ef-72ea-42e0-9af1-b987816b487a,Buckcherry,Buckcherry,Rock
Danity Kane,45,exact_text,1.0,6a0439a1-4520-443b-9bf1-02acdf692d6e,Danity Kane,Danity Kane,"Electronic, Hip-Hop, Pop, R&B"
Kehlani,45,exact_text,1.0,3260ce89-5eb0-4c6a-89c7-379c0dfc2ab9,Kehlani,Kehlani,"Hip-Hop, Pop, R&B"
Lauren Daigle,45,exact_text,1.0,920c7a88-f8f3-482f-96ef-810c6442fc3e,Lauren Daigle,Lauren Daigle,Pop
Mary Hopkin,44,exact_text,1.0,f6596571-9ce2-4d79-8e92-fa8cfc181b91,Mary Hopkin,Mary Hopkin,Country
Silver Convention,44,exact_text,1.0,e5dd4cdf-8588-4f10-b06e-77e1d2472b60,Silver Convention,Silver Convention,Electronic
Chris Isaak,44,exact_text,1.0,479497d4-e7c2-4e78-972e-56e78fac3995,Chris Isaak,Chris Isaak,"Country, Pop, Rock"
Clipse,44,exact_text,1.0,e6424fa5-08d3-41c6-96f3-8549f733708c,Clipse,Clipse,Hip-Hop
Clay Aiken,44,exact_text,1.0,a25f3156-ef58-4c07-9927-ce18bd6e103b,Clay Aiken,Clay Aiken,"Pop, R&B"
Kellie Pickler,44,exact_text,1.0,4c567ed6-8bc9-447a-bbd5-1dce18e4ee81,Kellie Pickler,Kellie Pickler,Country
Alex Clare,44,exact_text,1.0,e8c8a3c3-29b6-421e-b977-fb6796231d41,Alex Clare,Alex Clare,"Electronic, Pop, R&B, Rock"
Fifth Harmony,44,exact_text,1.0,e565610b-9a8f-451d-b594-ea658d76f725,Fifth Harmony,Fifth Harmony,"Pop, R&B"
Vance Joy,44,exact_text,1.0,df36f6db-5987-46ed-9d02-0cf36ed4e060,Vance Joy,Vance Joy,Country
Lil Mosey,44,exact_text,1.0,330e00e4-7991-4b47-b2be-3881aa5afed6,Lil Mosey,Lil Mosey,Hip-Hop
The Tremeloes,43,exact_text,1.0,7483db08-1e77-4ac6-9a85-702b2a9bd701,The Tremeloes,The Tremeloes,"Pop, Rock"
Canned Heat,43,exact_text,1.0,815a0279-558c-4522-ac3b-6a1e259e95b5,Canned Heat,Canned Heat,Rock
Funkadelic,43,exact_text,1.0,cf042013-3edd-46c4-9b0e-a62faac98d0b,Funkadelic,Funkadelic,Rock
Leon Russell,43,exact_text,1.0,d4cc0ed5-0f76-4188-9e14-2a23ca12188a,Leon Russell,Leon Russell,"Country, R&B, Rock"
Suzi Quatro,43,exact_text,1.0,2c16cb3f-e85f-4158-889f-ffc038f5792d,Suzi Quatro,Suzi Quatro,"Pop, Rock"
Cheryl Lynn,43,exact_text,1.0,c2b8f775-455c-44c3-97ca-f377938da19e,Cheryl Lynn,Cheryl Lynn,"Pop, R&B"
Pete Townshend,43,exact_text,1.0,fb147b8f-0144-4418-acaa-90b2d9779840,Pete Townshend,Pete Townshend,"Jazz, Pop, Rock"
Devo,43,exact_text,1.0,d2db1078-c170-4e22-b261-14f3ad60a690,DEVO,DEVO,"Pop, Rock"
Soft Cell,43,exact_text,1.0,7fb50287-029d-47cc-825a-235ca28024b2,Soft Cell,Soft Cell,"Pop, Rock"
Starpoint,43,exact_text,1.0,89453d7b-e871-4658-9f57-c33f3cf11eab,Starpoint,Starpoint,"Hip-Hop, Pop, R&B"
Elisa Fiorillo,43,exact_text,1.0,a97989eb-fd49-4b0b-9e4c-227e17c7f4c3,Elisa Fiorillo,Elisa Fiorillo,R&B
Basia,43,exact_text,1.0,34de4678-044a-486a-a741-4c740025374a,Basia,Basia,"Jazz, Pop, R&B"
Digital Underground,43,exact_text,1.0,ff6cb06c-a6e5-4ab9-a5ce-fa2095be45b9,Digital Underground,Digital Underground,"Hip-Hop, R&B"
Ralph Tresvant,43,exact_text,1.0,de2ddcdd-66ff-487c-9537-560153200a4e,Ralph Tresvant,Ralph Tresvant,"Hip-Hop, R&B"
Echosmith,43,exact_text,1.0,53317371-09a4-4bf4-a832-22a9c6704be2,Echosmith,Echosmith,"Pop, Rock"
Yo Gotti Featuring Nicki Minaj,43,exact_text,1.0,b02ec63e-e78d-43e5-a594-462e95036e8d,Yo Gotti,Yo Gotti,Hip-Hop
Wanda Jackson,42,exact_text,1.0,550fbe01-42e9-4006-bcd0-6a1854dceb8f,Wanda Jackson,Wanda Jackson,"Country, R&B, Rock"
Shirley Bassey,42,exact_text,1.0,05ec70a5-3858-4346-a649-fda0a297b8c1,Shirley Bassey,Shirley Bassey,"Jazz, Pop, R&B"
Chris Rea,42,exact_text,1.0,c707b37e-cb5c-4694-be4d-46beefcb2475,Chris Rea,Chris Rea,"Jazz, Pop"
Randy Meisner,42,exact_text,1.0,1798d7ba-fc22-4cca-bbda-7542ab5a3c67,Randy Meisner,Randy Meisner,"Country, Pop, Rock"
Baltimora,42,exact_text,1.0,15b4aace-6126-402a-96f8-131a943ce20e,Baltimora,Baltimora,"Electronic, Rock"
Midnight Oil,42,exact_text,1.0,05072650-4b05-4e8b-83d0-dba2576e306a,Midnight Oil,Midnight Oil,Rock
Haddaway,42,exact_text,1.0,6508cf1d-4da2-4d71-81ec-0e072338991f,Haddaway,Haddaway,Pop
Kid Cudi,42,exact_text,1.0,e0e1db18-f7ba-4dee-95ff-7ae8cf545460,Kid Cudi,Kid Cudi,"Electronic, Hip-Hop, R&B, Rock"
LoCash,42,exact_text,1.0,dbe56668-02e3-42ff-9943-a7fa9711696b,LOCASH,LOCASH,Country
d4vd,42,exact_text,1.0,d8e07579-ff5a-41f2-b7a7-c71880b8287a,d4vd,d4vd,"R&B, Rock"
Peso Pluma,42,exact_text,1.0,75e4f8ef-34c3-44fd-8467-88a7d9599f77,Peso Pluma,Peso Pluma,"Country, Hip-Hop"
Little Richard,41,exact_text,1.0,95c2339b-8277-49a6-9aaf-08d8eeeaa0be,Little Richard,Little Richard,"R&B, Rock"
The Troggs,41,exact_text,1.0,4aec87a5-f33e-4bd6-89f2-0c96188c8372,The Troggs,The Troggs,Rock
Honeymoon Suite,41,exact_text,1.0,03e39569-c546-4512-8c6d-f8a8283ec3d1,Honeymoon Suite,Honeymoon Suite,Rock
General Public,41,exact_text,1.0,aaf54938-7e35-4c7d-8e06-a5094c38cb78,General Public,General Public,Rock
Lisa Lisa And Cult Jam With Full Force,41,exact_text,1.0,1cfbf626-0af5-487c-bf2e-9899602835a3,Lisa Lisa & Cult Jam with Full Force,Lisa Lisa & Cult Jam with Full Force,"Pop, R&B"
Candlebox,41,exact_text,1.0,8e9516ba-f417-47dd-a8a5-8998b94553f8,Candlebox,Candlebox,Rock
Gina G,41,exact_text,1.0,03424c93-e5f9-438a-ab9f-2e71440e2b26,Gina G,Gina G,"Electronic, Pop"
Dave Hollister,41,exact_text,1.0,2b0d81ce-1d0e-4097-91b3-c1f0cb045a2c,Dave Hollister,Dave Hollister,R&B
P.O.D.,41,exact_text,1.0,57e79d57-b795-475e-9fa2-5dd9d5513b8c,P.O.D.,P.O.D.,Rock
Daniel Bedingfield,41,exact_text,1.0,9169bdc6-5725-45ec-bba5-e9df75dbe8cc,Daniel Bedingfield,Daniel Bedingfield,"Pop, R&B, Rock"
Ingrid Michaelson,41,exact_text,1.0,1fc494a1-9109-4081-a455-2d05bea9d2bf,Ingrid Michaelson,Ingrid Michaelson,"Country, Jazz, Pop"
French Montana Featuring Swae Lee,41,exact_text,1.0,45dc5f07-6609-4760-a933-8c9e0f858d05,French Montana,French Montana,Hip-Hop
Lauv,41,exact_text,1.0,c0ef2ba5-a7b7-40ea-bd27-30acccfcac11,Lauv,Lauv,"Electronic, Pop, R&B"
Doechii,41,exact_text,1.0,9f75277c-b283-4846-ac8c-f932255cd0ac,Doechii,Doechii,"Hip-Hop, Pop, R&B"
Bo Diddley,40,exact_text,1.0,bf659d74-0b61-488c-8a7d-594f43bed9e0,Bo Diddley,Bo Diddley,"Jazz, Rock"
The Beau Brummels,40,exact_text,1.0,f6f3a309-9d14-4b7c-895a-166333c25f9c,The Beau Brummels,The Beau Brummels,Country
Merry Clayton,40,exact_text,1.0,f086b523-e6eb-4159-8705-e408cae53170,Merry Clayton,Merry Clayton,R&B
Stealers Wheel,40,exact_text,1.0,63200203-e2c6-4081-8e0d-00c9732c6b6f,Stealers Wheel,Stealers Wheel,"Country, Pop"
Carl Carlton,40,exact_text,1.0,48b66d59-647d-42a9-b7a5-55abd5fca7ae,Carl Carlton,Carl Carlton,"Pop, R&B"
Phoebe Snow,40,exact_text,1.0,d3986756-f1dd-4635-9510-2d116c0deddd,Phoebe Snow,Phoebe Snow,"Country, Jazz, R&B, Rock"
Mike Post,40,exact_text,1.0,8a667f87-540c-4635-87bb-a9151693935f,Mike Post,Mike Post,"Pop, R&B, Rock"
Rhythm Heritage,40,exact_text,1.0,349a96b3-6c55-4961-8517-984ae9e1d6d5,Rhythm Heritage,Rhythm Heritage,R&B
Marty Balin,40,exact_text,1.0,dd0fffb5-de0e-4a4a-a279-e4c52a76f516,Marty Balin,Marty Balin,"Country, Pop, Rock"
Lindsey Buckingham,40,exact_text,1.0,5d12875c-a197-43b2-8f29-41dc0ad895c3,Lindsey Buckingham,Lindsey Buckingham,Rock
Dennis DeYoung,40,exact_text,1.0,9da87628-95a0-4820-93c7-7b1609d9bce7,Dennis DeYoung,Dennis DeYoung,"Pop, Rock"
Los Lobos,40,exact_text,1.0,2b9967c7-3246-4658-a561-ded5408dd9af,Los Lobos,Los Lobos,"Country, Rock"
El DeBarge,40,exact_text,1.0,68eabc1f-f304-46cb-8015-6f9cb7af33c6,El DeBarge,El DeBarge,"Hip-Hop, Jazz, Pop, R&B"
Sir Mix-A-Lot,40,fuzzy,0.9167,05539fb8-b7a5-4012-97a9-5e27ddc031fb,Sir Mix‐A‐Lot,Sir Mix‐A‐Lot,"Electronic, Hip-Hop"
Counting Crows,40,exact_text,1.0,a0327dc2-dc76-44d5-aec6-47cd2dff1469,Counting Crows,Counting Crows,"Pop, Rock"
Mystikal,40,exact_text,1.0,1cfe52d7-181a-4b3a-8041-d8bf9ccef57b,Mystikal,Mystikal,Hip-Hop
Missy Elliott,40,exact_text,1.0,a0b8cb9e-7532-45fe-a74c-30e7c4009a39,Missy Elliott,Missy Elliott,"Hip-Hop, R&B"
Velvet Revolver,40,exact_text,1.0,3a528006-1429-47f4-ae9b-2ea95343e16a,Velvet Revolver,Velvet Revolver,Rock
Lupe Fiasco,40,exact_text,1.0,cf15719f-51f9-4db8-a15d-5eed9664ce69,Lupe Fiasco,Lupe Fiasco,Hip-Hop
Gorilla Zoe,40,exact_text,1.0,e7840b1b-0fc5-42a7-b05a-ffca943308ad,Gorilla Zoe,Gorilla Zoe,Hip-Hop
David Guetta Featuring Akon,40,exact_text,1.0,302bd7b9-d012-4360-897a-93b00c855680,David Guetta,David Guetta,"Electronic, Pop"
Johnny Cash And The Tennessee Two,39,exact_text,1.0,5292cbd7-0f5f-461a-adbd-56ba44b98269,Johnny Cash & The Tennessee Two,Johnny Cash & The Tennessee Two,"Country, Jazz, R&B, Rock"
Duane Eddy,39,exact_text,1.0,efc0ee36-ad69-45af-8602-991b254b7529,Duane Eddy,Duane Eddy,"Country, Rock"
Jimmy Cliff,39,exact_text,1.0,2caa54a7-b08c-41da-b892-3a41abe778be,Jimmy Cliff,Jimmy Cliff,"Country, R&B"
Bertie Higgins,39,exact_text,1.0,438ec4fc-57f7-401a-a188-2ffecd020728,Bertie Higgins,Bertie Higgins,"Country, Pop"
Too $hort,39,exact_text,1.0,8e0fe7bd-bd17-4d25-9b68-1e6a60705477,Too $hort,Too $hort,Hip-Hop
Londonbeat,39,exact_text,1.0,930c86d4-1ed0-4ec0-bcf1-fea7fb7e091a,Londonbeat,Londonbeat,"Electronic, Pop"
Wreckx-N-Effect,39,fuzzy,0.9286,e6428c20-7d0d-489b-851e-d8ef6eb4a620,Wreckx‐n‐Effect,Wreckx‐n‐Effect,Hip-Hop
Livin' Joy,39,exact_text,1.0,3016b5eb-866d-4051-a7fb-d9175853049b,Livin’ Joy,Livin’ Joy,"Electronic, Pop"
Samantha Mumba,39,exact_text,1.0,7d137f81-27a6-4c65-bf78-186116368860,Samantha Mumba,Samantha Mumba,"Pop, R&B"
Korn,39,exact_text,1.0,ac865b2e-bba8-4f5a-8756-dd40d5e39f46,Korn,Korn,Rock
Iggy Azalea Featuring Charli xcx,39,exact_text,1.0,3a052c99-8c18-484a-8beb-9873b4fb3106,Iggy Azalea,Iggy Azalea,Hip-Hop
Saweetie,39,exact_text,1.0,72d424d0-c349-4164-ae3e-8e5274f97b98,Saweetie,Saweetie,Hip-Hop
Jimin,39,exact_text,1.0,d2582c77-6b0f-4b2f-802f-8f3cad1a5fec,Jimin,Jimin,"Pop, R&B"
Marianne Faithfull,38,exact_text,1.0,14ed9dea-1bb0-4743-ba32-39674a71da89,Marianne Faithfull,Marianne Faithfull,"Country, Jazz, Rock"
Classics IV Featuring Dennis Yost,38,exact_text,1.0,b78f2e0f-1c86-45f8-a93a-c3cd87d16d72,Classics IV,Classics IV,"Pop, R&B"
Dr. John,38,exact_text,1.0,fe0e1895-aa84-47d9-8e5b-7930fc20709b,Dr. John,Dr. John,"Jazz, R&B, Rock"
Maria Muldaur,38,exact_text,1.0,3aeb9e89-4fc3-46f4-a5a8-cf6c1b7e66a0,Maria Muldaur,Maria Muldaur,"Country, Jazz"
Lita Ford,38,exact_text,1.0,f20ba447-269a-445a-9347-c1ec8632c455,Lita Ford,Lita Ford,Rock
Kelly Rowland,38,exact_text,1.0,31bea673-d23a-4889-8da1-7cb040863268,Kelly Rowland,Kelly Rowland,"Hip-Hop, Pop, R&B"
Karmin,38,exact_text,1.0,a81303f1-64a5-4359-83ce-767f5fc3a542,Karmin,Karmin,"Hip-Hop, Pop"
Lil Pump,38,exact_text,1.0,65a01fd2-35fb-4817-90d5-ab5506b21161,Lil Pump,Lil Pump,Hip-Hop
Kali Uchis,38,exact_text,1.0,d0c7656d-8169-4f77-9dbe-b8f24e40105d,Kali Uchis,Kali Uchis,"Hip-Hop, R&B"
Eddie Cochran,37,exact_text,1.0,17995d1c-5b3c-4ee9-98f5-105ee3b4ada1,Eddie Cochran,Eddie Cochran,"Country, R&B, Rock"
Dodie Stevens,37,exact_text,1.0,9f8b9936-80b9-4156-962a-387fc6d6bc0c,Dodie Stevens,Dodie Stevens,"Pop, Rock"
Duane Eddy And The Rebels,37,exact_text,1.0,c6dd16c0-55d4-46a2-94f9-f410fa84d897,Duane Eddy & The Rebels,Duane Eddy & The Rebels,"Country, Rock"
Bobby Vee And The Strangers,37,exact_text,1.0,8af923d9-f129-4df8-ba53-a5473934c9e4,Bobby Vee and the Strangers,Bobby Vee and the Strangers,"Pop, Rock"
Vanity Fare,37,exact_text,1.0,b702f87c-d13d-441b-b33a-2e0a6ac51b92,Vanity Fare,Vanity Fare,"Pop, Rock"
Blue Swede,37,exact_text,1.0,f98a61b4-394d-4e1f-a5f3-f747b9494e5a,Blue Swede,Blue Swede,"Pop, Rock"
Debby Boone,37,exact_text,1.0,31e28f7f-8b87-4003-99eb-e15b058e96d9,Debby Boone,Debby Boone,"Country, Pop"
Nicolette Larson,37,exact_text,1.0,a45071c0-1805-4ec6-83c4-e3f62e2916b1,Nicolette Larson,Nicolette Larson,"Country, Pop, R&B"
Alannah Myles,37,exact_text,1.0,14156fcd-ba0f-45be-88c0-e10fb6acf4b2,Alannah Myles,Alannah Myles,"Jazz, Pop, Rock"
Radiohead,37,exact_text,1.0,a74b1b7f-71a5-4011-9441-d0b5e4122711,Radiohead,Radiohead,"Electronic, Rock"
Mandy Moore,37,exact_text,1.0,9dc9f4b0-a7b4-43c5-8f6b-fcd43c426a4b,Mandy Moore,Mandy Moore,Pop
O-Town,37,fuzzy,0.9091,5b5b5410-29d7-478a-94ca-bffa06c73579,O‐Town,O‐Town,Pop
Shontelle,37,exact_text,1.0,cfb2b49e-a921-4171-b089-853d9fc16d2c,Shontelle,Shontelle,"Country, Hip-Hop, Pop, R&B"
Guy Mitchell,36,exact_text,1.0,2b898b19-07bd-493e-b63c-6b59f2305dfa,Guy Mitchell,Guy Mitchell,"Country, Jazz, Pop, Rock"
Mark Dinning,36,exact_text,1.0,4d6512f3-fdc4-4995-9f3b-2fd77d247ea2,Mark Dinning,Mark Dinning,Pop
Brenton Wood,36,exact_text,1.0,bc86d48c-5393-4436-bb5d-2c214d07a676,Brenton Wood,Brenton Wood,"Pop, R&B"
Janis Ian,36,exact_text,1.0,b72f115c-8afa-4dc5-bc6c-11225a53708a,Janis Ian,Janis Ian,"Country, Pop"
Janis Joplin,36,exact_text,1.0,76c9a186-75bd-436a-85c0-823e3efddb7f,Janis Joplin,Janis Joplin,"Jazz, R&B, Rock"
Ann Peebles,36,exact_text,1.0,a7e05e3f-7459-4ba6-9041-8b5cacf6338c,Ann Peebles,Ann Peebles,"Jazz, R&B"
J.J. Cale,36,exact_text,1.0,4b0be624-6b87-47e8-bbf0-588a2c6c0439,J.J. Cale,J.J. Cale,"Country, Jazz, Rock"
B.W. Stevenson,36,exact_text,1.0,30b4cbb7-6c9e-42be-bbd1-883f2a662c28,B.W. Stevenson,B.W. Stevenson,Country
Samantha Sang,36,exact_text,1.0,649a89f1-9e64-44d3-997a-5c1c45e8dd52,Samantha Sang,Samantha Sang,"Pop, R&B"
Karla Bonoff,36,exact_text,1.0,8b76d64a-923b-4c0f-b04f-f0f9f6a2c6c2,Karla Bonoff,Karla Bonoff,"Country, Pop"
Linda Clifford,36,exact_text,1.0,2a7d1905-f1a0-4d12-9b42-e870e325fc29,Linda Clifford,Linda Clifford,"Electronic, R&B"
Bobby Caldwell,36,exact_text,1.0,139a00a8-6b21-47c3-9315-60ac5ab2c715,Bobby Caldwell,Bobby Caldwell,"Pop, R&B"
Ric Ocasek,36,exact_text,1.0,697d4510-c3fe-4e96-bcc9-34739bccde8f,Ric Ocasek,Ric Ocasek,"Pop, Rock"
Marc Cohn,36,exact_text,1.0,ddf18377-0bf5-4972-90d2-7de878b5eec4,Marc Cohn,Marc Cohn,Country
Fugees,36,exact_text,1.0,ea321799-9b1d-4e74-a074-a5facf597d82,Fugees,Fugees,Hip-Hop
Daft Punk,36,exact_text,1.0,056e4f3e-d505-4dad-8ec1-d04f521cbb56,Daft Punk,Daft Punk,"Electronic, R&B"
Tanto Metro & Devonte,36,exact_text,1.0,feb6c624-a107-476a-a2a3-0ca8592a7e86,Tanto Metro & Devonte,Tanto Metro & Devonte,Country
Bucky Covington,36,exact_text,1.0,b6700184-f0a6-4ba5-bc3b-c8ce5e065027,Bucky Covington,Bucky Covington,Country
Owl City,36,exact_text,1.0,ad279295-653f-42e1-9aaa-b731df2e78ba,Owl City,Owl City,"Electronic, Pop"
American Authors,36,exact_text,1.0,9ce0515d-cc88-4df6-8a2e-d231c13cb2c2,American Authors,American Authors,"Country, Pop, Rock"
Tyla,36,exact_text,1.0,2bf761c6-4bcf-4cfc-a388-8fcb2eea8cc8,Tyla,Tyla,"Pop, R&B"
Big Bopper,35,exact_normalized,1.0,fa77efc7-e40a-438e-9521-a85e64e26044,The Big Bopper,The Big Bopper,"Country, Rock"
Jane Morgan,35,exact_text,1.0,2abed250-551e-4f8b-b4e8-b41e462f6d95,Jane Morgan,Jane Morgan,Pop
Nina Simone,35,exact_text,1.0,2944824d-4c26-476f-a981-be849081942f,Nina Simone,Nina Simone,"Country, Jazz, R&B"
Eddie Holman,35,exact_text,1.0,84cff711-6d4f-49b9-bc54-f4db4c7addfb,Eddie Holman,Eddie Holman,"Pop, R&B"
Harpers Bizarre,35,exact_text,1.0,3aaceb91-c95d-4c5e-9539-086c5cef2b8d,Harpers Bizarre,Harpers Bizarre,Pop
Evie Sands,35,exact_text,1.0,269f77c0-c15d-4349-869b-8a0c77e068dc,Evie Sands,Evie Sands,"Country, Jazz, Pop, R&B, Rock"
Lamont Dozier,35,exact_text,1.0,b801e3ad-a23a-4ae8-9708-6c02a202e9e1,Lamont Dozier,Lamont Dozier,R&B
Ted Nugent,35,exact_text,1.0,e491fae8-3a5a-438e-8368-925753fb41a1,Ted Nugent,Ted Nugent,Rock
Tommy Tutone,35,exact_text,1.0,80038a3c-d174-4cd8-85d6-bd2599d078c5,Tommy Tutone,Tommy Tutone,"Pop, Rock"
Jennifer Holliday,35,exact_text,1.0,52a315e2-5bf1-49fe-b666-fca924c8a0d4,Jennifer Holliday,Jennifer Holliday,"Electronic, Jazz, Pop, R&B"
Jane Wiedlin,35,exact_text,1.0,24575690-019f-4b77-9395-eaf6bcc3d5a7,Jane Wiedlin,Jane Wiedlin,"Pop, Rock"
Geto Boys,35,exact_text,1.0,a78ca453-3a53-4b19-8b2d-61b10dd45558,Geto Boys,Geto Boys,Hip-Hop
Zapp & Roger,35,exact_text,1.0,d5b38919-f3b3-4edc-bcd6-417a1139ae3f,Zapp & Roger,Zapp & Roger,"Electronic, R&B"
Ini Kamoze,35,exact_text,1.0,ce29fa89-8aed-4f7b-8b3e-a34d0c9ed0c6,Ini Kamoze,Ini Kamoze,Country
Sneaker Pimps,35,exact_text,1.0,696d8523-39a0-44e2-9add-afaa183a2f46,Sneaker Pimps,Sneaker Pimps,"Electronic, Rock"
She Moves,35,exact_text,1.0,3f95fa28-047f-4715-b665-c4d509190e54,She Moves,She Moves,Pop
Juelz Santana,35,exact_text,1.0,bea235a0-db63-44b1-881e-264d25791f5a,Juelz Santana,Juelz Santana,Hip-Hop
T-Pain Featuring Yung Joc,35,fuzzy,0.9091,ce55e49a-32f4-4757-9849-bf04d06d5fcc,T‐Pain,T‐Pain,"Hip-Hop, R&B"
Ice Spice,35,exact_text,1.0,6f2c949d-9540-4421-bf02-27ae27e00e33,Ice Spice,Ice Spice,Hip-Hop
BossMan Dlow,35,exact_text,1.0,44fac0de-d5ae-4bea-a68c-948fedc3d9c5,BossMan Dlow,BossMan Dlow,Hip-Hop
The Paris Sisters,34,exact_text,1.0,38762f81-da52-4e98-ac76-167014651898,The Paris Sisters,The Paris Sisters,Pop
Buffalo Springfield,34,exact_text,1.0,22dc19af-d085-4c9b-adfb-22ec256251f1,Buffalo Springfield,Buffalo Springfield,"Country, Rock"
The Bar-Kays,34,fuzzy,0.9565,919ac2b3-aa04-4732-93f8-742ebb7a03f2,The Bar‐Kays,The Bar‐Kays,"R&B, Rock"
Donny Hathaway,34,exact_text,1.0,3f6ae36d-ffdb-40cf-98e6-8023cb1c41c9,Donny Hathaway,Donny Hathaway,"Jazz, R&B"
Waylon Jennings,34,exact_text,1.0,1a46826b-4d73-4e04-8590-f36c9d832f9e,Waylon Jennings,Waylon Jennings,Country
Nigel Olsson,34,exact_text,1.0,cc1c5ad9-1ee0-4f83-bd2f-d7f66a4ebdf0,Nigel Olsson,Nigel Olsson,Rock
Thomas Dolby,34,exact_text,1.0,5a8cc407-7efb-4e94-9637-d5896395e754,Thomas Dolby,Thomas Dolby,"Electronic, Pop, R&B, Rock"
Chantay Savage,34,exact_text,1.0,00a75169-fcb3-44e8-8646-545935d41516,Chantay Savage,Chantay Savage,"Electronic, Pop, R&B"
Liz Phair,34,exact_text,1.0,149326c2-b8a3-48e3-b3d2-9b5b9593127f,Liz Phair,Liz Phair,"Pop, Rock"
Az Yet Featuring Peter Cetera,34,exact_text,1.0,8d3bed34-e2ce-4a76-a503-9a3942a7d33c,Az Yet,Az Yet,R&B
Eve 6,34,exact_text,1.0,ebd2ac91-6249-4e4b-bde1-353a424138c9,Eve 6,Eve 6,Rock
Steve Wariner,34,exact_text,1.0,1bbddf35-a5a4-49a8-a8e7-fbfc419cc0f0,Steve Wariner,Steve Wariner,Country
Kelis,34,exact_text,1.0,1239d1bc-cc09-43e0-bcd0-374f60346138,Kelis,Kelis,"Electronic, Hip-Hop, Pop, R&B"
Blu Cantrell,34,exact_text,1.0,f28cabfc-3cf5-4886-b832-36ab708fbb0a,Blu Cantrell,Blu Cantrell,R&B
Lasgo,34,exact_text,1.0,361b282b-c7ac-4c50-a115-cf54e9e788f7,Lasgo,Lasgo,Electronic
Anna Nalick,34,exact_text,1.0,852fb986-b0d9-4529-adaf-4f38bc1b1040,Anna Nalick,Anna Nalick,Pop
D4L,34,exact_text,1.0,6e181837-c4da-4021-8227-d75ef7d65395,D4L,D4L,Hip-Hop
Martin Garrix,34,exact_text,1.0,3e1f2ee4-16be-4406-bf18-6173840cf2b1,Martin Garrix,Martin Garrix,Electronic
Mitchell Tenpenny,34,exact_text,1.0,5623ae6e-fd11-48d5-8a03-7b2e89d865e3,Mitchell Tenpenny,Mitchell Tenpenny,Country
Saint Jhn,34,exact_text,1.0,0f16ba6c-1874-42b9-b7a6-e060c2be454e,SAINt JHN,SAINt JHN,"Hip-Hop, R&B"
Bill Haley And His Comets,33,exact_text,1.0,4458d70d-c215-4f06-beea-ebd448dad6ac,Bill Haley and His Comets,Bill Haley and His Comets,"Country, Rock"
Patti LaBelle And The Blue Belles,33,fuzzy,0.9846,b6634f18-2dff-4cc5-8a53-ca47d9fc890b,Patti LaBelle & The Bluebelles,Patti LaBelle & The Bluebelles,"Electronic, Pop, R&B"
Hugh Masekela,33,exact_text,1.0,83a2e0fb-3d9b-46ff-b383-3dde54c15297,Hugh Masekela,Hugh Masekela,"Jazz, R&B"
Alicia Bridges,33,exact_text,1.0,e18709d6-dcd1-4db2-9c4c-0d8d1d431ab6,Alicia Bridges,Alicia Bridges,R&B
Chico DeBarge,33,exact_text,1.0,1c8b2b9d-5cab-43ec-b6a4-0a7e35bbd0a9,Chico DeBarge,Chico DeBarge,"Hip-Hop, Pop, R&B"
Living Colour,33,exact_text,1.0,dc6f8c1f-626b-42b0-9115-7e66ae4cecd6,Living Colour,Living Colour,Rock
L.A. Guns,33,exact_text,1.0,87684162-ab42-4cfa-bf22-ebe237035f54,L.A. Guns,L.A. Guns,Rock
Deee-Lite,33,fuzzy,0.9412,83d401e8-3322-4491-98d3-ec3a567c5047,Deee‐Lite,Deee‐Lite,"Electronic, Hip-Hop, R&B"
N2Deep,33,exact_text,1.0,6b5819e2-eb7c-4160-8ffa-e52ac17480b1,N2Deep,N2Deep,"Hip-Hop, Rock"
U.N.V.,33,exact_text,1.0,658b03d7-bc8c-445c-be3c-254317e0c6b7,U.N.V.,U.N.V.,R&B
3T,33,exact_text,1.0,8275ed69-a0f8-4bad-b6e0-2c57d306e593,3T,3T,"Pop, R&B"
Freak Nasty,33,exact_text,1.0,ee66b0a0-b330-41ca-99b1-0998a483b572,Freak Nasty,Freak Nasty,Hip-Hop
Everlast,33,exact_text,1.0,ca39d50f-9885-420e-88d6-9c3f64038773,Everlast,Everlast,"Country, Hip-Hop, Jazz"
Norah Jones,33,exact_text,1.0,985c709c-7771-4de3-9024-7bda29ebe3f9,Norah Jones,Norah Jones,"Country, Jazz, Pop, Rock"
Jack Ingram,33,exact_text,1.0,ef99a425-baac-4a0b-87c0-4cc99d77f97d,Jack Ingram,Jack Ingram,Country
Amy Winehouse,33,exact_text,1.0,dfe9a7c4-8cf2-47f4-9dcb-d233c2b86ec3,Amy Winehouse,Amy Winehouse,"Jazz, R&B"
Idina Menzel,33,exact_text,1.0,929ca8c3-5df3-4fe9-bc59-f8d603780bce,Idina Menzel,Idina Menzel,"Pop, Rock"
JVKE,33,exact_text,1.0,f29e031f-c6b6-4d52-8edd-dc8e14378e74,JVKE,JVKE,Pop
Dorsey Burnette,32,exact_text,1.0,fde67061-08ed-43d1-bd77-29b13095d9ee,Dorsey Burnette,Dorsey Burnette,"Country, Rock"
Donnie Brooks,32,exact_text,1.0,56f9c028-eb08-47e6-81d0-640a60786edf,Donnie Brooks,Donnie Brooks,Rock
Bill Anderson,32,exact_text,1.0,189ede50-9c85-48b8-bae2-cb44ccd5b5c9,Bill Anderson,Bill Anderson,"Country, R&B"
Bill Medley,32,exact_text,1.0,5a68345c-0ae8-4ec3-af35-38f2a39bcf0b,Bill Medley,Bill Medley,"Country, Pop, R&B"
Peggy Scott & Jo Jo Benson,32,exact_text,1.0,d0654a00-d34a-4db8-bff4-e9e8e02393c6,Peggy Scott & Jo Jo Benson,Peggy Scott & Jo Jo Benson,"Jazz, R&B"
Elvin Bishop,32,exact_text,1.0,b1768592-294e-4e15-a892-eb8837dec3e4,Elvin Bishop,Elvin Bishop,"Country, Jazz, R&B, Rock"
High Inergy,32,exact_text,1.0,bf696c97-ce56-4fc5-993d-81cd28d13a80,High Inergy,High Inergy,"Pop, R&B"
Randy Newman,32,exact_text,1.0,da7bb7d8-557d-4635-9ca1-e6e985525bd5,Randy Newman,Randy Newman,"Country, Pop, R&B, Rock"
Sugarhill Gang,32,exact_normalized,1.0,336f2e14-b064-45c8-8b2a-01663a0bee64,The Sugarhill Gang,The Sugarhill Gang,Hip-Hop
Michael Sembello,32,exact_text,1.0,fcde7037-181e-437f-9417-60a38958c0fa,Michael Sembello,Michael Sembello,"Pop, R&B, Rock"
Peter Schilling,32,exact_text,1.0,bc6be178-3933-44ad-88a7-fde1a160bc29,Peter Schilling,Peter Schilling,"Pop, Rock"
Twisted Sister,32,exact_text,1.0,c6122fee-089f-41c4-a34f-e5f7e5607b05,Twisted Sister,Twisted Sister,Rock
Paul Hardcastle,32,exact_text,1.0,58e2800d-991d-4fe9-860b-1d27931ae8de,Paul Hardcastle,Paul Hardcastle,"Electronic, Pop"
Stryper,32,exact_text,1.0,89621490-e0ef-4915-8b1f-6ad57dba3d7a,Stryper,Stryper,Rock
Method Man,32,exact_text,1.0,94dbfe2e-ca48-4e08-a5a8-e1e74136c63d,Method Man,Method Man,Hip-Hop
Goodie Mob,32,exact_text,1.0,ade9b668-e38f-41a8-a6e5-51442c5d6468,Goodie Mob,Goodie Mob,Hip-Hop
Shawn Colvin,32,exact_text,1.0,42222090-c5e5-4243-8582-c29bc8b63ec6,Shawn Colvin,Shawn Colvin,Country
Mase,32,exact_text,1.0,76716b81-e361-427e-a931-19373388387d,Mase,Mase,Hip-Hop
Beenie Man,32,exact_text,1.0,0d85b9f2-802d-48bb-aa85-6a9668869053,Beenie Man,Beenie Man,Country
3LW,32,exact_text,1.0,fc9d0b71-d338-43bc-b2b1-f3f6d8f75b99,3LW,3LW,"Hip-Hop, Pop, R&B"
YoungBloodZ Featuring Lil Jon,32,exact_text,1.0,c365bae6-5dcc-406f-a27b-0adc693f068d,YoungBloodZ,YoungBloodZ,Hip-Hop
Daniel Powter,32,exact_text,1.0,32cfbaf8-87aa-466b-9c1a-331ad9075ea2,Daniel Powter,Daniel Powter,"Pop, Rock"
Matt Nathanson,32,exact_text,1.0,e28dbf43-a2d9-4651-908f-1879ad67d30e,Matt Nathanson,Matt Nathanson,"Country, Pop, Rock"
Hailee Steinfeld,32,exact_text,1.0,373f5bcf-f1ce-4515-83ed-0b8ed636bc14,Hailee Steinfeld,Hailee Steinfeld,Pop
Bebe Rexha,32,exact_text,1.0,db8fad3a-e131-47a1-8782-c2ee93708cdd,Bebe Rexha,Bebe Rexha,"Electronic, Pop, R&B"
Matt Stell,32,exact_text,1.0,ec266781-dd3d-42fd-9db0-b0a841fbaed0,Matt Stell,Matt Stell,Country
Em Beihold,32,exact_text,1.0,7575e3b8-ba04-4acc-a895-9cc528f86525,Em Beihold,Em Beihold,Pop
Sexyy Red,32,exact_text,1.0,0953d634-b964-4f2a-b862-8de475aeaf47,Sexyy Red,Sexyy Red,Hip-Hop
June Valli,31,exact_text,1.0,91af5ba9-4601-457a-ac13-f95d977070b2,June Valli,June Valli,Pop
Wilbert Harrison,31,exact_text,1.0,4d12dcc2-ab89-4f68-aa7b-0939a839a068,Wilbert Harrison,Wilbert Harrison,R&B
Frank Ifield,31,exact_text,1.0,7fb61f7b-2ad3-4d5b-96fd-5c5327456abb,Frank Ifield,Frank Ifield,Pop
The Five Stairsteps,31,exact_normalized,1.0,42700164-abe3-4b45-b627-f4c8deca5e82,Five Stairsteps,Five Stairsteps,R&B
Grateful Dead,31,exact_text,1.0,6faa7ca7-0d99-4a5e-bfa6-1fd5037520c6,Grateful Dead,Grateful Dead,Rock
Randy VanWarmer,31,exact_text,1.0,0da3a5cc-babe-4438-b4f5-f754d0a1ca26,Randy VanWarmer,Randy VanWarmer,Pop
Patrice Rushen,31,exact_text,1.0,a247b1b8-8f47-4568-9a89-fa16b4a2b77f,Patrice Rushen,Patrice Rushen,"Electronic, Jazz, Pop, R&B, Rock"
Mack 10,31,exact_text,1.0,c3b4e25b-977f-4cb6-96d7-f68afbac732f,Mack 10,Mack 10,Hip-Hop
The Corrs,31,exact_text,1.0,acf6c776-d0f6-4239-b5a2-a45a613ffa52,The Corrs,The Corrs,"Country, Pop"
Chumbawamba,31,exact_text,1.0,7b7b1e6f-e73e-41a0-9d72-8f0b30c6992d,Chumbawamba,Chumbawamba,"Country, Pop, Rock"
Mark Chesnutt,31,exact_text,1.0,4e1f5310-f9bf-4862-a73c-d7fe60cbc4d6,Mark Chesnutt,Mark Chesnutt,Country
Stacie Orrico,31,exact_text,1.0,eda489f6-afa5-46b0-a4f5-ad42e735dcad,Stacie Orrico,Stacie Orrico,"Pop, R&B"
Ruben Studdard,31,exact_text,1.0,5f5efe60-0461-4c3a-bad9-93d1eaa72da1,Ruben Studdard,Ruben Studdard,"Pop, R&B"
Yellowcard,31,exact_text,1.0,3630fff3-52fc-4e97-ab01-d68fd88e4135,Yellowcard,Yellowcard,Rock
Nick Lachey,31,exact_text,1.0,51eb1070-465f-4ec5-bbd9-2c3f4d82424f,Nick Lachey,Nick Lachey,"Pop, R&B"
Rick Ross,31,exact_text,1.0,13bcb2bb-db37-4397-baf5-e0f085be2d64,Rick Ross,Rick Ross,Hip-Hop
Elliott Yamin,31,exact_text,1.0,f1c1963a-ba17-4c61-b4d5-344aec12e1c0,Elliott Yamin,Elliott Yamin,"Pop, R&B"
Secondhand Serenade,31,exact_text,1.0,c4caa34e-57b5-432b-ad9d-7e6543944d96,Secondhand Serenade,Secondhand Serenade,"Pop, Rock"
Gavin Rossdale,31,exact_text,1.0,d530dad4-81e5-4874-808a-d708039289fb,Gavin Rossdale,Gavin Rossdale,Rock
Keri Hilson,31,exact_text,1.0,b76c616a-ec0d-4f0c-b986-f249c4a04d77,Keri Hilson,Keri Hilson,"Pop, R&B"
2 Chainz,31,exact_text,1.0,dff0d392-4cd5-4052-9fbb-f485df3891e5,2 Chainz,2 Chainz,Hip-Hop
Clean Bandit Featuring Jess Glynne,31,exact_text,1.0,dacc2d64-7e59-42a8-87a9-10c53919aff2,Clean Bandit,Clean Bandit,"Electronic, Pop"
Faron Young,30,exact_text,1.0,5799b78e-a103-427b-8a1d-0bfeaddbb0c0,Faron Young,Faron Young,Country
Esther Phillips,30,exact_text,1.0,e261c42a-cbd7-4b97-8b72-218801bdc5b9,Esther Phillips,Esther Phillips,"Country, Jazz, Pop, R&B"
Procol Harum,30,exact_text,1.0,44119570-4d53-46e7-a447-bd18608c28d8,Procol Harum,Procol Harum,Rock
Iron Butterfly,30,exact_text,1.0,3da3e7e1-e817-47e8-8624-635df4aedbe6,Iron Butterfly,Iron Butterfly,Rock
Jim Capaldi,30,exact_text,1.0,277346a8-e246-48ec-a162-99cda6d350e6,Jim Capaldi,Jim Capaldi,"Pop, Rock"
Marie Osmond,30,exact_text,1.0,5d8f1ebd-6b28-420a-ab15-75b9bc12f7d6,Marie Osmond,Marie Osmond,"Country, Pop"
David Essex,30,exact_text,1.0,822e180a-061a-4da0-a1f3-35e8bdf5f240,David Essex,David Essex,"Pop, Rock"
Boney M.,30,exact_text,1.0,5403bf6e-bc1d-4e62-b31f-926a2bf66a14,Boney M.,Boney M.,"Country, R&B"
Spyro Gyra,30,exact_text,1.0,9a7c8025-1af8-42cd-8df8-857220610bc5,Spyro Gyra,Spyro Gyra,Jazz
Lee Greenwood,30,exact_text,1.0,6038dd90-1ae4-40b0-b2b7-8087fcbedc03,Lee Greenwood,Lee Greenwood,"Country, Pop"
Club Nouveau,30,exact_text,1.0,2146b803-52f4-4fc4-941a-528b9096dc77,Club Nouveau,Club Nouveau,"Electronic, Hip-Hop, R&B"
Bardeux,30,exact_text,1.0,bf687797-5858-4790-bd3e-b1cf9d65401e,Bardeux,Bardeux,"Electronic, Pop"
The U-Krew,30,exact_text,1.0,dc27bfea-ab89-4a76-8f1e-662e0fb19537,The U-Krew,The U-Krew,Hip-Hop
Sinead O'Connor,30,fuzzy,0.9655,c78a77fa-507c-4c07-947a-0355029453bd,Sinéad O’Connor,Sinéad O’Connor,"Country, Pop, Rock"
Technotronic Featuring Ya Kid K,30,exact_text,1.0,62173ce5-37ef-41b1-86cd-45401a8955fc,Technotronic,Technotronic,"Electronic, Hip-Hop, Pop"
Wu-Tang Clan,30,fuzzy,0.9565,0febdcf7-4e1f-4661-9493-b40427de2c13,Wu‐Tang Clan,Wu‐Tang Clan,Hip-Hop
KRS-One,30,fuzzy,0.9231,fc4568b6-cbe3-4a3d-8409-28510c19e3e2,KRS‐One,KRS‐One,Hip-Hop
20 Fingers Featuring Gillette,30,exact_text,1.0,1592a0a6-c7aa-40d7-aa2d-2e3026bb85fa,20 Fingers,20 Fingers,"Electronic, Pop"
Take That,30,exact_text,1.0,24d2505b-388c-46cc-8a64-48223ea6d78d,Take That,Take That,Pop
Xzibit,30,exact_text,1.0,9e839dc3-55f3-4492-ad0e-a1a2e84275e2,Xzibit,Xzibit,Hip-Hop
Public Announcement,30,exact_text,1.0,eedac904-9fd2-43f1-af88-cc0ee2646a9e,Public Announcement,Public Announcement,"Hip-Hop, R&B"
Chely Wright,30,exact_text,1.0,d4e538ad-2936-42ef-9259-77052c4fcdd2,Chely Wright,Chely Wright,Country
Mr. Cheeks,30,exact_text,1.0,ddd0bef5-03ba-46a1-aae3-cbefc3ab3d57,Mr. Cheeks,Mr. Cheeks,Hip-Hop
Gnarls Barkley,30,exact_text,1.0,a47c3aa2-7d87-475c-a2c7-1e2047dafb09,Gnarls Barkley,Gnarls Barkley,"R&B, Rock"
Gucci Mane,30,exact_text,1.0,36494952-f434-45d8-a958-8b4acdbcf8a8,Gucci Mane,Gucci Mane,Hip-Hop
Ruth Brown,29,exact_text,1.0,948137e5-783e-4386-bd7c-a56c2666d1e2,Ruth Brown,Ruth Brown,"Jazz, R&B"
Webb Pierce,29,exact_text,1.0,cbd197c2-1c29-4f46-acc6-0565a916d143,Webb Pierce,Webb Pierce,Country
Ernie K-Doe,29,fuzzy,0.9524,7f06afd2-a30f-47b6-a25d-6638ab91c817,Ernie K‐Doe,Ernie K‐Doe,R&B
Jimmy McGriff,29,exact_text,1.0,58f23499-f263-4772-9b7a-2f6cd2fe428f,Jimmy McGriff,Jimmy McGriff,Jazz
Louis Armstrong And The All Stars,29,fuzzy,0.9394,f617ed55-7691-41cc-9671-c04a29641125,Louis Armstrong & His All-Stars,Louis Armstrong & His All-Stars,"Jazz, Pop"
Paper Lace,29,exact_text,1.0,c62995d6-a622-43e0-ae11-12a0f8638deb,Paper Lace,Paper Lace,Pop
Bill Conti,29,exact_text,1.0,631e2d6a-16ac-4c49-89ac-987dc81e60e9,Bill Conti,Bill Conti,R&B
Larry Graham,29,exact_text,1.0,87982d06-55e1-456c-a11e-9911cc320f45,Larry Graham,Larry Graham,R&B
Scritti Politti,29,exact_text,1.0,a2588b38-6532-4186-b0c8-9aff306d56f5,Scritti Politti,Scritti Politti,"Pop, R&B, Rock"
Rob Base & D.J. E-Z Rock,29,fuzzy,0.9796,6f191c70-1345-4ea5-b7af-5db9ee50d7c0,Rob Base & D.J. E‐Z Rock,Rob Base & D.J. E‐Z Rock,Hip-Hop
Edie Brickell & New Bohemians,29,exact_text,1.0,df87d5be-c4b5-48e4-97b2-6440b77ca4fb,Edie Brickell & New Bohemians,Edie Brickell & New Bohemians,"Country, Rock"
Public Enemy,29,exact_text,1.0,bf2e15d0-4b77-469e-bfb4-f8414415baca,Public Enemy,Public Enemy,Hip-Hop
Boy Krazy,29,exact_text,1.0,814359d1-44f5-41c1-9440-5e685969d395,Boy Krazy,Boy Krazy,Pop
Elastica,29,exact_text,1.0,46693641-1e2e-4aae-80ed-6b28170de63a,Elastica,Elastica,Rock
Lisa Loeb,29,exact_text,1.0,22c5cef9-80e8-48d2-acd3-6d16f6c8a16d,Lisa Loeb,Lisa Loeb,"Country, Pop, Rock"
Clint Black,29,exact_text,1.0,dcd522c9-ac64-4c53-b080-6aab4abf2b44,Clint Black,Clint Black,Country
Cobra Starship Featuring Sabi,29,exact_text,1.0,ffb390b8-8df4-4b72-97d1-7b2fc008a452,Cobra Starship,Cobra Starship,"Electronic, Pop, Rock"
Lil Yachty,29,exact_text,1.0,a668565b-41b8-44a8-9d5c-8e609dbf69fc,Lil Yachty,Lil Yachty,"Hip-Hop, Rock"
Julia Michaels,29,exact_text,1.0,4757df70-6c3e-46b8-99c0-a68644595c9a,Julia Michaels,Julia Michaels,"Electronic, Pop"
Tyga Featuring Offset,29,exact_text,1.0,ce09ea31-3d4a-4487-a797-e315175457a0,Tyga,Tyga,Hip-Hop
JP Saxe Featuring Julia Michaels,29,exact_text,1.0,5d27a55a-5731-4ef5-a3ad-d5b44251db0f,JP Saxe,JP Saxe,Pop
CKay,29,exact_text,1.0,eb1febcf-9902-4962-9dc4-8fe4d7fc25b4,CKay,CKay,"Pop, R&B"
Ravyn Lenae,29,exact_text,1.0,94c64122-dbd4-4927-b2fa-f204b0b4b0c2,Ravyn Lenae,Ravyn Lenae,R&B
Perez Prado And His Orchestra,28,exact_text,1.0,09c90630-b2b3-488f-97a2-06d41a85e8ac,Pérez Prado and His Orchestra,Pérez Prado and His Orchestra,Country
Doris Day,28,exact_text,1.0,3db5dfb1-1b91-4038-8268-ae04d15b6a3e,Doris Day,Doris Day,"Jazz, Pop"
Lonnie Mack,28,exact_text,1.0,8d7e3ee7-f391-43a5-84ae-3b830d4eba81,Lonnie Mack,Lonnie Mack,"Country, Jazz, R&B, Rock"
Irma Thomas,28,exact_text,1.0,710c7ffa-977e-4431-9f00-c8d4eddf6808,Irma Thomas,Irma Thomas,R&B
Bunny Sigler,28,exact_text,1.0,3778a413-6202-44c4-a11c-aaeb78feb7de,Bunny Sigler,Bunny Sigler,"Pop, R&B"
King Curtis & The Kingpins,28,exact_text,1.0,cc8edf97-c082-4a0b-8fd5-1dd28262ea11,King Curtis & The Kingpins,King Curtis & The Kingpins,"Jazz, R&B, Rock"
Donnie Elbert,28,exact_text,1.0,376864c3-a9b5-4789-91a0-562f1176a05c,Donnie Elbert,Donnie Elbert,R&B
Patti Austin,28,exact_text,1.0,e58ae396-5050-4640-a5d1-8826b5c4ba13,Patti Austin,Patti Austin,"Jazz, Pop, R&B"
Vangelis,28,exact_text,1.0,57fca0e2-f9ad-4ae6-af9d-6a6f50cbcd5f,Vangelis,Vangelis,"Electronic, Rock"
Talk Talk,28,exact_text,1.0,a74f43e4-50c4-4b19-a2ce-c05ce9bccb03,Talk Talk,Talk Talk,"Pop, Rock"
Shabba Ranks,28,exact_text,1.0,c0336f2a-610f-4b38-bc13-eb07393425a7,Shabba Ranks,Shabba Ranks,"Country, Hip-Hop"
Lina Santiago,28,exact_text,1.0,03fac58d-4439-436a-b2f5-85c1043be0a2,Lina Santiago,Lina Santiago,Pop
Lord Tariq & Peter Gunz,28,exact_text,1.0,b7517e94-8547-4c59-b098-85e593354976,Lord Tariq & Peter Gunz,Lord Tariq & Peter Gunz,Hip-Hop
Marcy Playground,28,exact_text,1.0,64cdc08f-ba6f-41fe-94be-452dc6d5108e,Marcy Playground,Marcy Playground,"Pop, Rock"
Eagle-Eye Cherry,28,fuzzy,0.9677,4a5777b3-f55b-437c-8b23-d9ee7791c7fc,Eagle‐Eye Cherry,Eagle‐Eye Cherry,Rock
Patty Loveless,28,exact_text,1.0,e6cb4a73-6253-41c9-9450-f1862d30584e,Patty Loveless,Patty Loveless,Country
Tal Bachman,28,exact_text,1.0,f8364fea-e139-4e9b-9f95-2081dc7a91b6,Tal Bachman,Tal Bachman,Pop
Fat Joe Featuring Ashanti,28,exact_text,1.0,a6a4c910-2b22-4a6f-aebe-805b176c47b8,Fat Joe,Fat Joe,Hip-Hop
Juanes,28,exact_text,1.0,8b0f05ce-354e-4121-9e0b-8b4732ea844f,Juanes,Juanes,"Country, Pop, Rock"
Yung Joc,28,exact_text,1.0,1f83258f-ee16-4f3b-8570-e9ef3ad6973e,Yung Joc,Yung Joc,Hip-Hop
Mat Kearney,28,exact_text,1.0,320d40d6-28dd-42d7-b05f-7e6e8d399a2e,Mat Kearney,Mat Kearney,"Country, Hip-Hop, Pop"
Lily Allen,28,exact_text,1.0,6e0c7c0e-cba5-4c2c-a652-38f71ef5785d,Lily Allen,Lily Allen,"Country, Electronic, Pop, R&B"
Wyclef Jean Featuring Akon| Lil Wayne & Niia,28,exact_text,1.0,4f29ecd7-21a5-4c03-b9ba-d0cfe9488f8c,Wyclef Jean,Wyclef Jean,"Hip-Hop, R&B"
Bobby Shmurda,28,exact_text,1.0,4ec3b7d8-efbb-4672-8067-5e72bd8dba3e,Bobby Shmurda,Bobby Shmurda,Hip-Hop
Liam Payne Featuring Quavo,28,exact_text,1.0,93ae8651-24ee-406c-b927-eb7cd773ae38,Liam Payne,Liam Payne,"Pop, R&B"
G-Eazy Featuring A$AP Rocky & Cardi B,28,fuzzy,0.9091,db48610c-6d8f-4d10-90ca-c4d14bb1a8b1,G‐Eazy,G‐Eazy,Hip-Hop
Sheck Wes,28,exact_text,1.0,07ab04d4-bdbc-4c93-bfb2-457693a4ff94,Sheck Wes,Sheck Wes,"Hip-Hop, Rock"
Surf Mesa Featuring Emilee,28,exact_text,1.0,5ed8f4ac-3ae8-4a83-9ff9-565510c7f6e5,Surf Mesa,Surf Mesa,Electronic
Warren Zeiders,28,exact_text,1.0,6d9e7506-8b53-4dd8-992a-512b18f3b6ba,Warren Zeiders,Warren Zeiders,Country
Kitty Kallen,27,exact_text,1.0,0822ea07-20f8-4740-a97a-a827cb6ce883,Kitty Kallen,Kitty Kallen,"Jazz, Pop"
Blues Magoos,27,exact_text,1.0,9f066e90-a04e-447e-a878-01d8a1bb4bea,Blues Magoos,Blues Magoos,Rock
Syl Johnson,27,exact_text,1.0,2e8cbd3d-44c0-4725-89e0-7db8010aa832,Syl Johnson,Syl Johnson,"Jazz, R&B"
Billy Swan,27,exact_text,1.0,fa1a5b71-965b-4f4f-bc93-d7920889e335,Billy Swan,Billy Swan,"Country, Rock"
Jessi Colter,27,exact_text,1.0,2de9fcb9-543b-4696-84eb-043d70d723ae,Jessi Colter,Jessi Colter,Country
Roxy Music,27,exact_text,1.0,331ce348-1b08-40b9-8ed7-0763b92bd003,Roxy Music,Roxy Music,"Pop, Rock"
Trixter,27,exact_text,1.0,b5e9b8b6-af40-42b3-b897-6feeec3af644,Trixter,Trixter,Rock
Rozalla,27,exact_text,1.0,a41e9be6-6caf-464d-b3a8-48fdebc179f7,Rozalla,Rozalla,"Electronic, Pop"
Digable Planets,27,exact_text,1.0,ff44f779-74ab-48f8-aac3-39ebe8f7c18e,Digable Planets,Digable Planets,"Hip-Hop, Jazz"
Skee-Lo,27,fuzzy,0.9231,9341a67c-4f0c-43c2-9ec4-c222d2cb97f3,Skee‐Lo,Skee‐Lo,Hip-Hop
Deana Carter,27,exact_text,1.0,49d04262-6389-4f51-829e-d8fd1b8b80fa,Deana Carter,Deana Carter,Country
The Prodigy,27,exact_text,1.0,4a4ee089-93b1-4470-af9a-6ff575d32704,The Prodigy,The Prodigy,"Electronic, Rock"
Master P Feat. Fiend| Silkk the Shocker| Mia X & Mystikal,27,exact_text,1.0,a5bd836d-8d8f-48a5-b0b7-dbb18b3264dd,Master P,Master P,Hip-Hop
Macy Gray,27,exact_text,1.0,48772747-4cda-4ba8-b470-cfd5a32e05f7,Macy Gray,Macy Gray,"Jazz, R&B"
Tamar Braxton,27,exact_text,1.0,ffb5f70c-cd10-48a5-92d0-cea440e6fd40,Tamar Braxton,Tamar Braxton,R&B
Big Tymers,27,exact_text,1.0,6c5ab1b7-8c64-4edb-b6fb-aea57df96a9d,Big Tymers,Big Tymers,Hip-Hop
Marques Houston,27,exact_text,1.0,94df7b45-d847-4ed4-8606-0cbe6e5a5573,Marques Houston,Marques Houston,"Hip-Hop, R&B"
Kardinal Offishall Featuring Akon,27,exact_text,1.0,03647192-f55b-42b2-9a74-db28fcae8fd1,Kardinal Offishall,Kardinal Offishall,Country
Jamie Foxx Featuring T-Pain,27,exact_text,1.0,15a5da16-8b89-4047-aefe-81473c97b5b2,Jamie Foxx,Jamie Foxx,"Hip-Hop, Pop, R&B"
La Roux,27,exact_text,1.0,88d1360a-bc2d-47df-90d1-d2de285560aa,La Roux,La Roux,"Pop, Rock"
Travie McCoy Featuring Bruno Mars,27,exact_text,1.0,76bf7aec-83f0-47a9-8964-eea180b99ac2,Travie McCoy,Travie McCoy,"Hip-Hop, Rock"
A$AP Rocky Featuring Drake| 2 Chainz & Kendrick Lamar,27,exact_text,1.0,25b7b584-d952-4662-a8b9-dd8cdfbfeb64,A$AP Rocky,A$AP Rocky,Hip-Hop
Tiesto,27,exact_text,1.0,aabb1d9f-be12-45b3-a84d-a1fc3e8181fd,Tiësto,Tiësto,Electronic
PARTYNEXTDOOR Featuring Drake,27,exact_text,1.0,f23ef341-33bd-47c1-b83c-846a78581f05,PARTYNEXTDOOR,PARTYNEXTDOOR,"Country, Hip-Hop, R&B"
Kiiara,27,exact_text,1.0,dbc26631-5e61-4ba2-84ff-e1423a1c288a,Kiiara,Kiiara,"Electronic, Pop, R&B"
Major Lazer Featuring Justin Bieber & Mo,27,exact_text,1.0,75be165a-ad83-4d12-bd28-f589a15c479f,Major Lazer,Major Lazer,"Country, Electronic, Hip-Hop"
Calboy,27,exact_text,1.0,2d4a0012-7364-40e5-b57f-ad2d4f51a30a,Calboy,Calboy,Hip-Hop
Toosii,27,exact_text,1.0,87d59d19-2615-4ada-853f-d552bf3b56e5,Toosii,Toosii,Hip-Hop
Buddy Holly,26,exact_text,1.0,d352f5dd-3023-4565-a7bb-52396bf8821d,Buddy Holly,Buddy Holly,"Country, Pop, Rock"
Buddy Knox,26,exact_text,1.0,0c45bbe7-f4d5-4d84-a382-4c1f132176e1,Buddy Knox,Buddy Knox,"Pop, Rock"
Eddie Harris,26,exact_text,1.0,f9ba6d40-60f3-4c85-ac23-0bf67c3247e4,Eddie Harris,Eddie Harris,Jazz
Matt Monro,26,exact_text,1.0,6965a0f4-6e7b-4feb-8709-508f83c1af93,Matt Monro,Matt Monro,Pop
Cannonball Adderley,26,exact_text,1.0,a4c73ebe-b2c7-4f13-b99d-2fe1f9f27da8,Cannonball Adderley,Cannonball Adderley,Jazz
Gale Garnett,26,exact_text,1.0,076e7f24-9a94-455d-a4d2-9f82e97e4b49,Gale Garnett,Gale Garnett,"Country, Pop"
El Chicano,26,exact_text,1.0,256344f2-078e-44ec-8c41-23f7a3c1cd25,El Chicano,El Chicano,R&B
Jud Strunk,26,exact_text,1.0,566d4028-2b50-4069-bdf6-37be61278eda,Jud Strunk,Jud Strunk,Country
Barbara Mandrell,26,exact_text,1.0,f9af8ba9-78d9-4355-85f5-f3c8abdaa31f,Barbara Mandrell,Barbara Mandrell,"Country, R&B"
Amii Stewart,26,exact_text,1.0,8d1d5ded-96ed-4b5f-9cf0-a2174a2322f0,Amii Stewart,Amii Stewart,"Pop, R&B"
Anita Ward,26,exact_text,1.0,5ffe7875-614f-4823-879b-1fd66574a36d,Anita Ward,Anita Ward,R&B
Christine McVie,26,exact_text,1.0,21551f7d-93f2-4cb7-ba71-7f260058e923,Christine McVie,Christine McVie,"Jazz, Pop, Rock"
Limahl,26,exact_text,1.0,ba147912-dc39-416f-9e4b-09765d671674,Limahl,Limahl,"Pop, Rock"
Dokken,26,exact_text,1.0,09ade3bd-b110-4277-b923-7dc32e6a3f92,Dokken,Dokken,Rock
Bobby McFerrin,26,exact_text,1.0,a996b5bd-db99-4257-b036-336f63448aa2,Bobby McFerrin,Bobby McFerrin,"Country, Jazz, Pop"
Kon Kan,26,exact_text,1.0,f081b120-1468-4a6f-acb6-80a854f9f13c,Kon Kan,Kon Kan,"Electronic, Pop"
Chuckii Booker,26,exact_text,1.0,a61c07b1-8033-4c22-a82e-e30690e70e29,Chuckii Booker,Chuckii Booker,"Hip-Hop, R&B"
Luscious Jackson,26,exact_text,1.0,8be5d1de-e925-4e9f-b410-6d702cd8dcaa,Luscious Jackson,Luscious Jackson,"Electronic, Rock"
Vengaboys,26,exact_text,1.0,90c7177f-4be5-413d-aabd-d228934c2b9b,Vengaboys,Vengaboys,Pop
Modest Mouse,26,exact_text,1.0,a96ac800-bfcb-412a-8a63-0a98df600700,Modest Mouse,Modest Mouse,Rock
Vanessa Hudgens,26,exact_text,1.0,9da7ed18-20fa-4279-88c8-94299728236d,Vanessa Hudgens,Vanessa Hudgens,"Pop, R&B"
Far*East Movement Featuring Cataracs & Dev,26,exact_text,1.0,6bd5655c-b7fe-48ee-8925-c2d2d8798618,Far East Movement,Far East Movement,"Electronic, Hip-Hop, Pop"
Ronnie Dunn,26,exact_text,1.0,9b0636eb-1275-4370-94cc-6ac85d9fb5e8,Ronnie Dunn,Ronnie Dunn,Country
Dove Cameron,26,exact_text,1.0,831dcf03-b745-436b-922f-6a2baaf45e57,Dove Cameron,Dove Cameron,Pop
Arizona Zervas,26,exact_text,1.0,aa4296e3-f61c-46b5-b4fa-abce5bb62ffb,Arizona Zervas,Arizona Zervas,"Hip-Hop, R&B"
Coi Leray,26,exact_text,1.0,e1115c6a-6705-4d17-bbf2-0efd2ef1bbb2,Coi Leray,Coi Leray,"Hip-Hop, Pop"
Charlie Ryan and the Timberline Riders,25,exact_text,1.0,bb1ab11e-9920-46de-892f-1e2edf0ee634,Charlie Ryan & The Timberline Riders,Charlie Ryan & The Timberline Riders,"Country, Rock"
Duane Eddy and the Rebelettes,25,exact_text,1.0,56eec504-6b8b-4689-9931-14849b57a785,Duane Eddy & The Rebelettes,Duane Eddy & The Rebelettes,"Country, Rock"
Don Covay,25,exact_text,1.0,8b98f267-a203-4e69-a6cb-996d4cfecaf7,Don Covay,Don Covay,"Jazz, R&B, Rock"
Michael Nesmith & The First National Band,25,exact_text,1.0,ebbcd8e8-4c7d-467a-b761-d5fb391c8baf,Michael Nesmith & The First National Band,Michael Nesmith & The First National Band,"Country, Pop, Rock"
Thin Lizzy,25,exact_text,1.0,6a726ac6-019e-455c-8bbb-571a77bed52e,Thin Lizzy,Thin Lizzy,"Country, Rock"
Gary Numan,25,exact_text,1.0,6cb79cb2-9087-44d4-828b-5c6fdff2c957,Gary Numan,Gary Numan,"Electronic, Pop, Rock"
Delbert McClinton,25,exact_text,1.0,d0a2f884-96a6-4f21-9f20-0893fd34a55a,Delbert McClinton,Delbert McClinton,"Country, Jazz, Rock"
Musical Youth,25,exact_text,1.0,1a3e7a10-72ed-4591-a363-c1e3bc92fc09,Musical Youth,Musical Youth,"Country, R&B"
Brenda Russell Featuring Joe Esposito,25,exact_text,1.0,47ab22b9-95cb-4920-aa54-7756113e69f7,Brenda Russell,Brenda Russell,"Jazz, Pop, R&B"
Icy Blu,25,exact_text,1.0,68f7e6aa-3d7d-49fe-9875-8ab952e31fb6,Icy Blu,Icy Blu,Hip-Hop
RuPaul,25,exact_text,1.0,15257a48-d9f6-4fd1-b30e-323576b15aca,RuPaul,RuPaul,R&B
Jennifer Paige,25,exact_text,1.0,cb710d10-1b85-498e-814c-59c8c5939730,Jennifer Paige,Jennifer Paige,Pop
Lou Bega,25,exact_text,1.0,64f9c914-74a0-4f6b-8589-6261851b0ab9,Lou Bega,Lou Bega,"Country, Pop"
Cassadee Pope,25,exact_text,1.0,4b714531-2c81-48d2-b134-4197f820caa1,Cassadee Pope,Cassadee Pope,"Country, Pop"
Milky Chance,25,exact_text,1.0,6d230d98-fb8d-4421-a6e8-daca4e55d53e,Milky Chance,Milky Chance,"Country, Electronic, Rock"
Mr. Probz,25,exact_text,1.0,9bb64b8f-d7a4-4fc0-954f-9c9e9d7b3bc3,Mr. Probz,Mr. Probz,"Hip-Hop, R&B"
Jacquees,25,exact_text,1.0,1def2cdc-a6ec-4972-8614-204e13301650,Jacquees,Jacquees,"Hip-Hop, R&B"
BlocBoy JB Featuring Drake,25,exact_text,1.0,a62e2b14-812a-41a1-884d-5a138705ad2d,BlocBoy JB,BlocBoy JB,Hip-Hop
YK Osiris,25,exact_text,1.0,cf96bc6b-8f85-4d4e-b4a6-63f74f4802d1,YK Osiris,YK Osiris,"Hip-Hop, R&B"
Niko Moon,25,exact_text,1.0,39ad6072-5807-44d9-85f8-0a31bf9c3561,Niko Moon,Niko Moon,Country
Ritt Momney,25,exact_text,1.0,5db6354e-6669-4510-ae61-66fe35340449,Ritt Momney,Ritt Momney,Pop
Farruko,25,exact_text,1.0,d2b3524f-67e8-45ef-bfc1-693cac525135,Farruko,Farruko,"Country, Electronic, Hip-Hop"
Brent Faiyaz,25,exact_text,1.0,201412c6-7ced-472b-87a9-9259ec3c07d3,Brent Faiyaz,Brent Faiyaz,R&B
Mark Ambor,25,exact_text,1.0,483e1216-3eb3-4996-a45d-55f6169689a0,Mark Ambor,Mark Ambor,Country
Chris Kenner,24,exact_text,1.0,3548a0ec-9093-4bb5-81cc-8a4190bba793,Chris Kenner,Chris Kenner,R&B
Bobby Hebb,24,exact_text,1.0,d21d85ff-c0d5-4c50-a1be-93438e5d7c60,Bobby Hebb,Bobby Hebb,R&B
Mitch Ryder,24,exact_text,1.0,b1d8fd63-45b2-4f13-a369-78b0a91eb7d3,Mitch Ryder,Mitch Ryder,"R&B, Rock"
Barbara Acklin,24,exact_text,1.0,84e7608b-c16d-4395-9cc2-89f41854f5f9,Barbara Acklin,Barbara Acklin,R&B
Free,24,exact_text,1.0,6cb5d1ca-03ce-4656-92f5-bf35f53d1582,Free,Free,Pop
Graham Nash,24,exact_text,1.0,2ed8ecda-5bb9-4d9f-8c99-0bf9b85b3624,Graham Nash,Graham Nash,"Country, Pop, Rock"
The Nite-Liters,24,exact_text,1.0,4f1245ce-8492-4b8e-9863-0eb94637b28a,The Nite-Liters,The Nite-Liters,R&B
Rick Nelson And The Stone Canyon Band,24,exact_text,1.0,bad7ea95-9be8-4852-ab8c-eb39fa83798e,Rick Nelson & The Stone Canyon Band,Rick Nelson & The Stone Canyon Band,"Country, Pop, Rock"
Barbara Fairchild,24,exact_text,1.0,19ae1de4-1b15-45a0-9104-2d489a2df1cf,Barbara Fairchild,Barbara Fairchild,"Country, R&B"
Frank Zappa,24,exact_text,1.0,e20747e7-55a4-452e-8766-7b985585082d,Frank Zappa,Frank Zappa,"Electronic, Jazz, Pop, R&B, Rock"
Labelle,24,exact_text,1.0,875074d3-6458-47b4-b515-f7ecda93bd8d,LaBelle,LaBelle,"R&B, Rock"
Robin Gibb,24,exact_text,1.0,71bcb5be-394c-4c04-bb38-35982e8a94d3,Robin Gibb,Robin Gibb,"Pop, R&B, Rock"
Gang Starr,24,exact_text,1.0,9ef8042a-2528-4f5c-b7c1-5e72b1efe170,Gang Starr,Gang Starr,Hip-Hop
Capleton,24,exact_text,1.0,93dda03d-c1d3-42c2-80b0-fa71bc20262b,Capleton,Capleton,Country
Kenny Lattimore,24,exact_text,1.0,34e6869f-c666-4999-b645-113f74a6e5d9,Kenny Lattimore,Kenny Lattimore,"Jazz, R&B"
N.O.R.E.,24,exact_text,1.0,812d3015-2f4c-4fa7-bd7d-30ec4beb2c82,N.O.R.E.,N.O.R.E.,Hip-Hop
Bubba Sparxxx Featuring Ying Yang Twins & Mr. ColliPark,24,exact_text,1.0,28438dd9-6244-4627-aa42-f9749c4fde08,Bubba Sparxxx,Bubba Sparxxx,"Country, Hip-Hop"
O.A.R.,24,exact_text,1.0,16aae9fa-d8f7-4e2c-a907-44aee1ad67fc,O.A.R.,O.A.R.,Rock
Skrillex Featuring Sirah,24,exact_text,1.0,ae002c5d-aac6-490b-a39a-30aa9e2edf2b,Skrillex,Skrillex,"Electronic, Pop, Rock"
Tinashe Featuring ScHoolboy Q,24,exact_text,1.0,396a9525-0994-4542-b480-c4587feeb476,Tinashe,Tinashe,"Pop, R&B"
Gene Autry,24,exact_text,1.0,675b7627-6b5d-4a46-a728-785cb24a299e,Gene Autry,Gene Autry,Country
Duncan Laurence,24,exact_text,1.0,20faff08-d3b7-45ca-a8aa-a85f6bb9eb78,Duncan Laurence,Duncan Laurence,Pop
Addison Rae,24,exact_text,1.0,610b71d9-fa78-47d6-9073-083922e73840,Addison Rae,Addison Rae,Pop
Kalin Twins,23,exact_text,1.0,d385fd04-0656-4873-8490-0b469f1f0b4a,Kalin Twins,Kalin Twins,Pop
Dale Hawkins,23,exact_text,1.0,6517f833-742a-48a0-a30a-32980c442074,Dale Hawkins,Dale Hawkins,Rock
Carl Mann,23,exact_text,1.0,1630f57d-20af-4239-a3e3-709cf01840e2,Carl Mann,Carl Mann,"Country, Rock"
Mitchell Torok,23,exact_text,1.0,43c86bfe-e3d2-427d-9efe-628b02bddb6a,Mitchell Torok,Mitchell Torok,Country
Ketty Lester,23,exact_text,1.0,75a67f04-d582-44b3-980c-e77bfd2f6dfb,Ketty Lester,Ketty Lester,R&B
Buck Owens,23,exact_text,1.0,13cb0fb4-7f7f-4116-a282-905c675c39ef,Buck Owens,Buck Owens,Country
Nancy Sinatra & Lee Hazlewood,23,exact_text,1.0,c51c730d-40fa-41fd-bb2d-2027955db2e0,Nancy Sinatra & Lee Hazlewood,Nancy Sinatra & Lee Hazlewood,"Country, Pop, Rock"
The Vanilla Fudge,23,exact_normalized,1.0,96ad1836-0a6e-423f-a2af-0f4a64a325ca,Vanilla Fudge,Vanilla Fudge,Rock
Joe South and The Believers,23,exact_text,1.0,0254ae5f-2456-4fdf-9fab-24871f77ec34,Joe South & The Believers,Joe South & The Believers,"Country, Rock"
Sammi Smith,23,exact_text,1.0,0992bca3-a7ec-4cd6-9681-b37bbb680fc0,Sammi Smith,Sammi Smith,Country
Humble Pie,23,exact_text,1.0,696989bc-c9a8-4ba8-a99b-b8015dba577f,Humble Pie,Humble Pie,Rock
Rick Derringer,23,exact_text,1.0,9259284f-5f4e-4c77-ab33-faa5d8bed31b,Rick Derringer,Rick Derringer,"Pop, Rock"
Emmylou Harris,23,exact_text,1.0,35ef61ca-43db-4772-ba27-0489e9ebcb69,Emmylou Harris,Emmylou Harris,Country
Head East,23,exact_text,1.0,1f6fdb90-95a2-419e-9994-b406d562caac,Head East,Head East,Rock
Lee Ritenour,23,exact_text,1.0,0c361ea5-98c6-4947-900b-201833f2dd84,Lee Ritenour,Lee Ritenour,Jazz
Kajagoogoo,23,exact_text,1.0,7bc51021-6a84-4a04-ada3-0541615a97bc,Kajagoogoo,Kajagoogoo,"Pop, Rock"
Nena,23,exact_text,1.0,38bfaa7f-ee98-48cb-acd0-946d7aeecd76,Nena,Nena,"Pop, Rock"
Traveling Wilburys,23,exact_text,1.0,4387b544-e4d0-4f18-b74e-d4a5ba1582ab,Traveling Wilburys,Traveling Wilburys,Rock
Oleta Adams,23,exact_text,1.0,d3ffeb64-9d7b-4911-98e5-91ee26005ee9,Oleta Adams,Oleta Adams,R&B
EPMD,23,exact_text,1.0,4fa39dc8-c695-4e0e-ba04-92c63d99c9f9,EPMD,EPMD,Hip-Hop
Grand Puba,23,exact_text,1.0,fabe923b-4c57-4f77-b98a-198bf6ddc1b5,Grand Puba,Grand Puba,Hip-Hop
Bizarre Inc,23,exact_text,1.0,f72312f7-41ea-4a31-902d-1982eb3eca51,Bizarre Inc,Bizarre Inc,Electronic
Nuttin' Nyce,23,exact_text,1.0,34794f09-cb13-4164-b745-adc8bdd47232,Nuttin’ Nyce,Nuttin’ Nyce,"Hip-Hop, R&B"
Blind Melon,23,exact_text,1.0,38c5cdab-5d6d-43d1-85b0-dac41bde186e,Blind Melon,Blind Melon,Rock
Republica,23,exact_text,1.0,78b8347b-a1e2-4e36-a917-92d632a62c18,Republica,Republica,"Electronic, Pop, Rock"
B*Witched,23,exact_text,1.0,2e4c4409-4fdd-4654-a2cf-9a4247f307de,B*Witched,B*Witched,Pop
Robbie Williams,23,exact_text,1.0,db4624cf-0e44-481e-a9dc-2142b833ec2f,Robbie Williams,Robbie Williams,"Pop, Rock"
Crazy Town,23,exact_text,1.0,8996b655-fbad-4018-b430-1bd8fab43235,Crazy Town,Crazy Town,"Hip-Hop, Rock"
Josh Kelley,23,exact_text,1.0,4e5d156b-d8c1-4758-818a-f23f9abd887b,Josh Kelley,Josh Kelley,"Country, Pop, Rock"
Troye Sivan,23,exact_text,1.0,e5712ceb-c37a-4c49-a11c-ccf4e21852d4,Troye Sivan,Troye Sivan,"Electronic, Pop"
Kesha,23,exact_text,1.0,fab34286-b8e1-4879-bce3-194e1358fbd2,Kesha,Kesha,"Electronic, Hip-Hop, Pop"
Lil Tjay,23,exact_text,1.0,d44b92db-dd49-4636-abe8-7c381f90b7aa,Lil Tjay,Lil Tjay,"Hip-Hop, R&B"
Ella Fitzgerald,22,exact_text,1.0,54799c0e-eb45-4eea-996d-c4d71a63c499,Ella Fitzgerald,Ella Fitzgerald,"Jazz, Pop, R&B"
Hank Locklin,22,exact_text,1.0,c8d0d74b-80eb-4746-8cea-f5df78b4b90c,Hank Locklin,Hank Locklin,"Country, R&B"
Al Caiola And His Orchestra,22,exact_text,1.0,64c9d4d3-91d3-4f1f-8f21-6312715115fd,Al Caiola & His Orchestra,Al Caiola & His Orchestra,"Country, Jazz, Pop, Rock"
King Curtis And The Noble Knights,22,exact_text,1.0,03093d2a-00af-4adb-a442-da78a96cc170,King Curtis & The Noble Knights,King Curtis & The Noble Knights,"Jazz, R&B, Rock"
Barry McGuire,22,exact_text,1.0,43a5364c-7096-4f9b-ab63-b71d62af52bd,Barry McGuire,Barry McGuire,"Pop, Rock"
Small Faces,22,exact_text,1.0,7771a68c-ef6a-400f-978d-64050d45a54c,Small Faces,Small Faces,"Pop, R&B, Rock"
MFSB Featuring The Three Degrees,22,exact_text,1.0,f5e66486-4481-4ebf-b1f9-f87ebabf5897,MFSB,MFSB,R&B
Minnie Riperton,22,exact_text,1.0,e842abf7-8a63-4602-8879-75958c2884a1,Minnie Riperton,Minnie Riperton,"Jazz, Pop, R&B"
Grace Jones,22,exact_text,1.0,b1c124b3-cf60-41a6-8699-92728c8a3fe0,Grace Jones,Grace Jones,"Country, Electronic, R&B"
Steve Forbert,22,exact_text,1.0,47435d42-7f8d-4288-bdb2-985e3c7f194f,Steve Forbert,Steve Forbert,"Country, Pop"
LeRoux,22,exact_text,1.0,5a90e001-84e3-4169-a72f-7861f92fac6a,LeRoux,LeRoux,"Pop, Rock"
Aldo Nova,22,exact_text,1.0,e6bf38dd-d18f-477d-80e5-74b8bf8d98ef,Aldo Nova,Aldo Nova,Rock
Jan Hammer,22,exact_text,1.0,49afd610-0265-4ab1-9e13-f0cc98e33e1d,Jan Hammer,Jan Hammer,"Jazz, Pop"
Suzanne Vega,22,exact_text,1.0,cf119120-7df5-47d7-9dec-49f8837a4e40,Suzanne Vega,Suzanne Vega,"Country, Pop, Rock"
Ivan Neville,22,exact_text,1.0,5ddbb875-2458-403f-9f7e-1d472d2f8c4b,Ivan Neville,Ivan Neville,"Electronic, R&B, Rock"
Grayson Hugh,22,exact_text,1.0,c878d72d-cccb-4cdf-9626-3e41ee284894,Grayson Hugh,Grayson Hugh,R&B
Biz Markie,22,exact_text,1.0,48b48175-5ffd-49a2-88e2-ca84118544ca,Biz Markie,Biz Markie,Hip-Hop
Saigon Kick,22,exact_text,1.0,4d4965c5-1717-468c-a99b-932eac623eba,Saigon Kick,Saigon Kick,Rock
Joan Osborne,22,exact_text,1.0,746916c9-fd36-44e6-823d-03185e596f58,Joan Osborne,Joan Osborne,"Country, Jazz, R&B, Rock"
Christion,22,exact_text,1.0,499a5893-6f45-4a5b-8627-9c2bcfe69ec5,Christión,Christión,R&B
Twista,22,exact_text,1.0,0bc858a1-3573-4216-9423-c96dd8c72919,Twista,Twista,Hip-Hop
Chad Kroeger Featuring Josey Scott,22,exact_text,1.0,a59edb65-fae2-4344-b77a-5232516d4d7a,Chad Kroeger,Chad Kroeger,"Pop, Rock"
Avenged Sevenfold,22,exact_text,1.0,24e1b53c-3085-4581-8472-0b0088d2508c,Avenged Sevenfold,Avenged Sevenfold,Rock
Katharine McPhee,22,exact_text,1.0,7473425a-05ff-41d2-b375-9b213b8bbde8,Katharine McPhee,Katharine McPhee,"Pop, R&B"
Paula DeAnda Featuring The DEY,22,exact_text,1.0,a92f28a4-ee02-4d95-a685-b505a078faaf,Paula DeAnda,Paula DeAnda,"Electronic, Hip-Hop, Pop, R&B"
Kirko Bangz,22,exact_text,1.0,7e08b1ef-cc96-4b9c-a175-e64aa022bc1d,Kirko Bangz,Kirko Bangz,"Hip-Hop, R&B"
Passion Pit,22,exact_text,1.0,daeec599-bf5d-4428-994a-e76ba5f86e2f,Passion Pit,Passion Pit,"Electronic, Pop"
Pentatonix,22,exact_text,1.0,79c67eb5-3851-4b28-bfe0-3adfcd6f58d7,Pentatonix,Pentatonix,Pop
Jon Bellion,22,exact_text,1.0,2bd8101a-11c3-42d5-a9bd-6a3b26445f7e,Jon Bellion,Jon Bellion,"Hip-Hop, Pop, R&B, Rock"
Marshmello Featuring Khalid,22,exact_text,1.0,301b45a4-b8b9-410e-8344-4b4eaf96691a,Marshmello,Marshmello,"Electronic, Hip-Hop, Rock"
BRS Kash,22,exact_text,1.0,99177f6a-9fc2-49a9-a47a-e14b7fb01c83,BRS Kash,BRS Kash,Hip-Hop
Rauw Alejandro,22,exact_text,1.0,197b70c7-8910-4030-ad03-632d82aa40e3,Rauw Alejandro,Rauw Alejandro,"Electronic, Hip-Hop, Pop"
Quavo & TakeOff,22,exact_text,1.0,32b78c0f-d841-4fd9-9be6-833f9024b4b1,Quavo & Takeoff,Quavo & Takeoff,Hip-Hop
Burna Boy,22,exact_text,1.0,78a19169-ac75-4868-b504-7e2e073118e0,Burna Boy,Burna Boy,"Country, Pop, R&B"
Sheb Wooley,21,exact_text,1.0,42b26772-c5a8-4af5-9fbb-d63593a48a29,Sheb Wooley,Sheb Wooley,"Country, Pop, Rock"
Louis Prima And Keely Smith,21,exact_text,1.0,94a44b70-dfcf-44d7-a829-8cde96c0ea56,Louis Prima & Keely Smith,Louis Prima & Keely Smith,"Jazz, Pop"
Slim Harpo,21,exact_text,1.0,dcf7b2e3-d3aa-41e4-bba5-40515122f209,Slim Harpo,Slim Harpo,Jazz
Kenny Ball and his Jazzmen,21,exact_text,1.0,5e29e3e5-e0f0-495f-84ea-28a83b3e4c63,Kenny Ball & His Jazzmen,Kenny Ball & His Jazzmen,Jazz
Theola Kilgore,21,exact_text,1.0,954fb9fc-4b6c-4c53-9c40-c461bb8135ac,Theola Kilgore,Theola Kilgore,R&B
Kim Weston,21,exact_text,1.0,4189d03a-89a2-4a2e-874a-55f71fb4b3b6,Kim Weston,Kim Weston,R&B
Louis Armstrong,21,exact_text,1.0,eea8a864-fcda-4602-9569-38ab446decd6,Louis Armstrong,Louis Armstrong,"Jazz, Pop"
Los Bravos,21,exact_text,1.0,78357965-ea3e-409b-90e7-8c0dfb116288,Los Bravos,Los Bravos,"Pop, R&B, Rock"
The James Gang,21,exact_normalized,1.0,4167b497-1ae5-4502-a8e6-e1546ffbe514,James Gang,James Gang,Rock
Claudja Barry,21,exact_text,1.0,415ff50e-9f79-4868-9e54-1217e9ec752f,Claudja Barry,Claudja Barry,"Electronic, Pop, R&B"
Ace Frehley,21,exact_text,1.0,33d700ce-064f-44f6-ab9e-60f9eed0fca1,Ace Frehley,Ace Frehley,Rock
Deborah Allen,21,exact_text,1.0,c4a20639-20b1-43f8-8267-e9163f60cfee,Deborah Allen,Deborah Allen,"Country, Pop"
Alison Moyet,21,exact_text,1.0,79feb79b-8f0d-4306-b30a-e28bd88c9323,Alison Moyet,Alison Moyet,"Jazz, Pop, R&B, Rock"
Billy Vera & The Beaters,21,exact_text,1.0,112af184-678f-4787-9035-a6b17aeb0a3e,Billy Vera & The Beaters,Billy Vera & The Beaters,"Pop, R&B, Rock"
Faster Pussycat,21,exact_text,1.0,357ff05d-848a-44cf-b608-cb34b5701ae5,Faster Pussycat,Faster Pussycat,Rock
Concrete Blonde,21,exact_text,1.0,701fc524-b5f2-42f2-9db7-8198cdd6839c,Concrete Blonde,Concrete Blonde,Rock
Brand Nubian,21,exact_text,1.0,37da13d4-8bbc-41bb-9957-4d94de3d311e,Brand Nubian,Brand Nubian,Hip-Hop
Cam'Ron Featuring Juelz Santana,21,fuzzy,0.9231,ea6b7199-901d-4c0e-8242-6d7bc2bf62b7,Cam’ron,Cam’ron,Hip-Hop
Paulina Rubio,21,exact_text,1.0,5938c629-1d06-480b-9780-859b153af11e,Paulina Rubio,Paulina Rubio,"Electronic, Pop, Rock"
Field Mob Featuring Ciara,21,exact_text,1.0,70634dab-0220-4fce-b4b0-5ea37e7f0e12,Field Mob,Field Mob,Hip-Hop
OK Go,21,exact_text,1.0,e132d370-2a59-4437-8610-756df28a5a02,OK Go,OK Go,"Pop, Rock"
Orianthi,21,exact_text,1.0,15674cab-ca9c-4704-b15f-c601d2f4409b,Orianthi,Orianthi,"Pop, Rock"
Krewella,21,exact_text,1.0,d87475fa-76a1-4e12-962c-fc9941fdda72,Krewella,Krewella,"Electronic, Pop"
Zendaya,21,exact_text,1.0,5b946a83-b395-4016-b67f-c71690f9a866,Zendaya,Zendaya,"Pop, R&B"
KONGOS,21,exact_text,1.0,7bbd2f4c-b5b3-4ed1-92ce-53aef244f00d,Kongos,Kongos,Rock
DeJ Loaf,21,exact_text,1.0,7df31657-85eb-45cd-a651-f1cf94bc44b6,DeJ Loaf,DeJ Loaf,"Hip-Hop, R&B"
iLoveMemphis,21,exact_text,1.0,19329ae2-3ddc-4c51-8377-7c2a04c3fb6d,iLoveMemphis,iLoveMemphis,"Hip-Hop, Pop"
Maluma,21,exact_text,1.0,e8979f75-9110-4df8-ac70-898898d080d1,Maluma,Maluma,Hip-Hop
H.E.R.,21,exact_text,1.0,93998e01-ff53-4af7-ba2a-5674adcdf21e,H.E.R.,H.E.R.,R&B
Jung Kook,21,exact_text,1.0,23c8056b-ee13-4cfc-a772-2f5292e35bb5,Jung Kook,Jung Kook,"Electronic, Pop"
Tems,21,exact_text,1.0,5b2a8faa-ffee-4706-a1a8-58f109bc8ca2,Tems,Tems,R&B
Manuel Turizo,21,exact_text,1.0,30a57b7b-47c9-4234-86fd-9b8ff660e7cb,Manuel Turizo,Manuel Turizo,"Hip-Hop, Pop"
NewJeans,21,exact_text,1.0,49204a7a-ed85-407a-828f-6fd46f1d8126,NewJeans,NewJeans,"Pop, R&B"
Flo Milli,21,exact_text,1.0,21dab5d7-3bda-4f72-a054-6379729dcb62,Flo Milli,Flo Milli,Hip-Hop
Jordan Adetunji,21,exact_text,1.0,4587105d-7469-480a-9ed5-1513af9a91c9,Jordan Adetunji,Jordan Adetunji,Hip-Hop
Les Paul And Mary Ford,20,exact_text,1.0,7ee21fe4-f337-4a74-aebf-a69fc91809c5,Les Paul & Mary Ford,Les Paul & Mary Ford,"Country, Jazz, Rock"
Ferlin Husky,20,exact_text,1.0,c2348d06-40cc-4a29-953a-5fb753905844,Ferlin Husky,Ferlin Husky,Country
Ben Colder,20,exact_text,1.0,4a02cce7-df4b-474c-bd87-e957e082546b,Ben Colder,Ben Colder,"Country, Pop, Rock"
Darrell Banks,20,exact_text,1.0,0a19f429-888e-4de7-8478-04dca56caf2f,Darrell Banks,Darrell Banks,R&B
The Lemon Pipers,20,exact_text,1.0,fd86da6c-c2e2-4792-85c8-b68282da6271,The Lemon Pipers,The Lemon Pipers,Pop
Gary Glitter,20,exact_text,1.0,5e05d900-51e0-4dda-81e2-f4c0bd7ed5e6,Gary Glitter,Gary Glitter,"Pop, R&B, Rock"
Merle Haggard,20,exact_text,1.0,deb2448c-6fdf-4d31-921e-757630515dbd,Merle Haggard,Merle Haggard,Country
Herbie Hancock,20,exact_text,1.0,27613b78-1b9d-4ec3-9db5-fa0743465fdd,Herbie Hancock,Herbie Hancock,"Electronic, Jazz"
Molly Hatchet,20,exact_text,1.0,b69d82f9-ade6-4f45-88e5-953353aad2b3,Molly Hatchet,Molly Hatchet,Rock
Don Williams,20,exact_text,1.0,741bd697-e595-4e47-a97d-688b4b9e0df2,Don Williams,Don Williams,Country
Dwight Twilley,20,exact_text,1.0,07aaebd9-0c37-4a65-80c8-48ae7cc99337,Dwight Twilley,Dwight Twilley,"Pop, Rock"
Murray Head,20,exact_text,1.0,071ab0f1-ac3f-48f6-9ee6-11b72eb73e57,Murray Head,Murray Head,"Pop, Rock"
Chesney Hawkes,20,exact_text,1.0,4d74424b-627d-42dd-ab1b-85f16f10e027,Chesney Hawkes,Chesney Hawkes,"Pop, Rock"
Lidell Townsell,20,exact_text,1.0,0c380fce-55df-40a1-8084-e27b8f344017,Lidell Townsell,Lidell Townsell,"Electronic, R&B"
k.d. lang,20,exact_text,1.0,675c1c5e-5625-4a5e-97a2-b02aab5db2fc,k.d. lang,k.d. lang,"Country, Pop"
Trey Lorenz,20,exact_text,1.0,95c71d6b-2b4d-498f-bd0e-b26e83a2dcfb,Trey Lorenz,Trey Lorenz,"Hip-Hop, Pop, R&B"
Mista Grimm,20,exact_text,1.0,1df4db13-3370-4e3f-b1d5-a39ed4f274c0,Mista Grimm,Mista Grimm,Hip-Hop
Culture Beat,20,exact_text,1.0,97c30dea-ca61-4efe-be4c-3d56de7900db,Culture Beat,Culture Beat,Pop
Dwight Yoakam,20,exact_text,1.0,0fb711af-c7ba-4bdc-b0b6-b8495fc0a590,Dwight Yoakam,Dwight Yoakam,Country
Meat Puppets,20,exact_text,1.0,3df040ee-2b8b-446b-937a-3f86f4b2cabf,Meat Puppets,Meat Puppets,"Country, Rock"
Terror Fabulous Featuring Nadine Sutherland,20,exact_text,1.0,8105e078-9b6e-4552-ba71-d260edb1bf1c,Terror Fabulous,Terror Fabulous,Country
Mad Lion,20,exact_text,1.0,6413f945-5359-4297-b871-da996d2cbdf6,Mad Lion,Mad Lion,"Country, Hip-Hop"
Mazzy Star,20,exact_text,1.0,c48d4327-8122-4286-af66-05e1ee6ac4d8,Mazzy Star,Mazzy Star,"Pop, Rock"
Fu-Schnickens,20,fuzzy,0.96,22d8f80a-6e2d-41cf-be36-104f5192ffcf,Fu‐Schnickens,Fu‐Schnickens,Hip-Hop
Rednex,20,exact_text,1.0,64585ad9-a908-422f-b675-8ab7386d5164,Rednex,Rednex,"Country, Pop"
Raphael Saadiq,20,exact_text,1.0,a2eb319d-a45e-43c3-bb14-d0ffb577222c,Raphael Saadiq,Raphael Saadiq,"Hip-Hop, R&B"
Kut Klose,20,exact_text,1.0,d7b42481-1f7b-4c7f-86df-042049ebddf8,Kut Klose,Kut Klose,R&B
Matthew Sweet,20,exact_text,1.0,3fbcd2d3-3d78-470f-9e47-8f4d66da2474,Matthew Sweet,Matthew Sweet,"Pop, Rock"
Junior M.A.F.I.A.,20,exact_text,1.0,caeb2680-8d6c-4b7e-b70e-809b2c12e0bd,Junior M.A.F.I.A.,Junior M.A.F.I.A.,Hip-Hop
Selena,20,exact_text,1.0,03746227-c9f9-4b3b-b2c6-9b31f79564f7,Selena,Selena,"Country, Pop"
BoDeans,20,exact_text,1.0,84c38d3a-3400-4c28-b988-90558bb6fae0,BoDeans,BoDeans,Rock
Spacehog,20,exact_text,1.0,e9022873-c482-46a0-bb78-33c15fc65b3b,Spacehog,Spacehog,Rock
Gravity Kills,20,exact_text,1.0,b8ce9934-9ad5-4817-940c-44277703b0db,Gravity Kills,Gravity Kills,Rock
Delinquent Habits,20,exact_text,1.0,3391c453-9ff3-4b80-b756-f4cb2f2edbb8,Delinquent Habits,Delinquent Habits,Hip-Hop
Crucial Conflict,20,exact_text,1.0,f03b2ac8-8a92-4834-a7b4-682e1bfb2240,Crucial Conflict,Crucial Conflict,Hip-Hop
Amanda Marshall,20,exact_text,1.0,6f1f4bb7-5253-4524-b4db-6a0a7f3cb4c5,Amanda Marshall,Amanda Marshall,"Pop, R&B"
Leah Andreone,20,exact_text,1.0,094947fb-b21c-4ea3-8182-a8634ff3ec6f,Leah Andreone,Leah Andreone,Rock
White Town,20,exact_text,1.0,b9068fde-91c8-48bf-8655-8d74c24ef4c5,White Town,White Town,"Electronic, Pop, Rock"
Imani Coppola,20,exact_text,1.0,b1b47948-6b3a-427a-9951-1c3be8a2e4dc,Imani Coppola,Imani Coppola,R&B
Fiona Apple,20,exact_text,1.0,a9ee533f-8871-4f62-a6bb-91eb264abc90,Fiona Apple,Fiona Apple,"Jazz, Pop, Rock"
Gary Barlow,20,exact_text,1.0,c999fc02-ab9a-4f4c-a0e7-98ff8325ffb5,Gary Barlow,Gary Barlow,Pop
Loreena McKennitt,20,exact_text,1.0,c1e5344e-1bff-4727-9417-a4f55e41b5ff,Loreena McKennitt,Loreena McKennitt,"Country, Electronic"
New Radicals,20,exact_text,1.0,09a6ae88-7589-4ab2-b10c-dd50ebd526a0,New Radicals,New Radicals,"Pop, Rock"
Joey McIntyre,20,exact_text,1.0,47e4eef9-8ac8-4f25-9da5-d15414228718,Joey McIntyre,Joey McIntyre,"Jazz, Pop"
Jordan Knight,20,exact_text,1.0,3aa1d833-e4a6-48e0-9f32-47b661792aca,Jordan Knight,Jordan Knight,"Pop, R&B"
IMx,20,exact_text,1.0,ccb67731-a1ad-4bb1-a5f7-5a72fa5a5105,iMX,iMX,R&B
Kevon Edmonds,20,exact_text,1.0,10d716c8-d564-4db7-a2a0-12081c5124dd,Kevon Edmonds,Kevon Edmonds,R&B
Eiffel 65,20,exact_text,1.0,6ee7a715-e0c0-46d0-a215-2e17001699fc,Eiffel 65,Eiffel 65,Pop
Sammie,20,exact_text,1.0,3ee95be0-a86c-4354-938d-faff8aec4e2d,Sammie,Sammie,R&B
Westlife,20,exact_text,1.0,5f000e69-3cfd-4871-8f1b-faa7f0d4bcbc,Westlife,Westlife,Pop
Alice Deejay,20,exact_text,1.0,76bee0a6-10fc-416c-a8fd-d9c91ee9642c,Alice DeeJay,Alice DeeJay,Pop
Baha Men,20,exact_text,1.0,00f82af1-6537-4d4b-9e03-103fffe19999,Baha Men,Baha Men,"Electronic, Hip-Hop, Pop"
Yolanda Adams,20,exact_text,1.0,4fac8f5d-0e44-4efa-b518-7f8a8f02c162,Yolanda Adams,Yolanda Adams,R&B
Profyle,20,exact_text,1.0,bff8b4fc-38e4-447b-b231-873003c82d6a,Profyle,Profyle,R&B
Sarina Paris,20,exact_text,1.0,87fb1e5a-6ed4-4683-949c-f70fa5eba1d1,Sarina Paris,Sarina Paris,Pop
Azul Azul,20,exact_text,1.0,9f59a530-6d6e-4f73-801b-5439e1a33c92,Azul Azul,Azul Azul,Pop
Erick Sermon Featuring Marvin Gaye,20,exact_text,1.0,7fdb6168-64a8-4b5a-9a6a-e39803e4aec1,Erick Sermon,Erick Sermon,Hip-Hop
Dirty Vegas,20,exact_text,1.0,75df1c98-2075-494f-9612-b87513f0e50c,Dirty Vegas,Dirty Vegas,Electronic
Floetry,20,exact_text,1.0,bd74fb1e-9cc5-46d2-ac64-d44c358db201,Floetry,Floetry,"Hip-Hop, R&B"
Kimberley Locke,20,exact_text,1.0,45c70955-7e38-4a76-9a74-1a3d7f07d792,Kimberley Locke,Kimberley Locke,"Electronic, Pop, R&B"
Lloyd Banks,20,exact_text,1.0,8a6ccf62-b8fa-46d7-87df-f2dd14e6280d,Lloyd Banks,Lloyd Banks,Hip-Hop
Lil Scrappy,20,exact_text,1.0,77fafce8-a32f-4d42-bdce-266bbf913cee,Lil Scrappy,Lil Scrappy,Hip-Hop
Trina Featuring Kelly Rowland,20,exact_text,1.0,8a07d810-3d55-4426-a1f6-55f0a68f1dc6,Trina,Trina,Hip-Hop
Matisyahu,20,exact_text,1.0,e8993e9d-9313-4447-ad23-791459a3790d,Matisyahu,Matisyahu,"Country, Hip-Hop, Rock"
Teddy Geiger,20,exact_text,1.0,e54820fc-02c2-46be-ab4c-593dfd63dc44,Teddy Geiger,Teddy Geiger,"Pop, Rock"
Saving Jane,20,exact_text,1.0,31448e1e-baa0-4792-a6cd-c45b82ebb51f,Saving Jane,Saving Jane,Rock
Fort Minor Featuring Holly Brook,20,exact_text,1.0,e1564e98-978b-4947-8698-f6fd6f8b0181,Fort Minor,Fort Minor,Rock
Jibbs,20,exact_text,1.0,4036bf23-2b69-4be9-a285-e89677ab49bb,Jibbs,Jibbs,Hip-Hop
Kat DeLuna Featuring Elephant Man,20,exact_text,1.0,ddd4c4bc-a4ae-4946-b59c-a86aea7fa4f0,Kat DeLuna,Kat DeLuna,"Country, Electronic, Hip-Hop, Pop, R&B"
Flobots,20,exact_text,1.0,7892c869-1e2b-4b38-8540-4caff7dd2b49,Flobots,Flobots,Rock
Miranda Cosgrove,20,exact_text,1.0,75285014-bdd1-4ca2-81c9-c6c642bfdec7,Miranda Cosgrove,Miranda Cosgrove,Pop
Dorrough,20,exact_text,1.0,ab55429e-23c7-4702-a84c-026df5758145,Dorrough,Dorrough,Hip-Hop
Tinie Tempah Featuring Eric Turner,20,exact_text,1.0,3cce3d37-d44f-46a2-b1e3-cd7247d5015c,Tinie Tempah,Tinie Tempah,"Electronic, Hip-Hop, Pop"
Alexandra Stan,20,exact_text,1.0,70e6fee5-36b1-4cdb-b573-2132f9566dad,Alexandra Stan,Alexandra Stan,Pop
Breathe Carolina,20,exact_text,1.0,0509d076-7e31-4f53-bad3-80ee246e23b7,Breathe Carolina,Breathe Carolina,"Electronic, Rock"
Outasight,20,exact_text,1.0,dc4b3fb1-8e03-4a81-96f9-e7f8a8e05be7,Outasight,Outasight,"Pop, R&B, Rock"
Grouplove,20,exact_text,1.0,d8e41375-bd8d-4e39-9da7-f0c171e97086,Grouplove,Grouplove,"Electronic, Pop, Rock"
Olly Murs Featuring Flo Rida,20,exact_text,1.0,0b108024-ccb5-468f-b2e9-77ed4f5615c6,Olly Murs,Olly Murs,"Country, Pop, R&B"
Baauer,20,exact_text,1.0,61a54a1e-3fa1-4ccc-bfc2-86c1a27e27de,Baauer,Baauer,"Electronic, Hip-Hop"
Ace Hood Featuring Future & Rick Ross,20,exact_text,1.0,986ee464-cf8a-4e59-a71f-74756102067f,Ace Hood,Ace Hood,Hip-Hop
Little Mix,20,exact_text,1.0,38f59974-2f4d-4bfa-b2e3-d2696de1b675,Little Mix,Little Mix,"Pop, R&B"
Danielle Bradbery,20,exact_text,1.0,efe7d853-d381-4887-be9b-dec26ff27705,Danielle Bradbery,Danielle Bradbery,Country
August Alsina Featuring Trinidad James,20,exact_text,1.0,7c24178a-8658-4e7f-889f-82013f8fd3f6,August Alsina,August Alsina,"Hip-Hop, Pop, R&B"
Sevyn Streeter Featuring Chris Brown,20,exact_text,1.0,ec3e1298-23c5-4c39-bb2b-ae6a588afdeb,Sevyn Streeter,Sevyn Streeter,"Pop, R&B"
Arctic Monkeys,20,exact_text,1.0,ada7a83c-e3e1-40f1-93f9-3e73dbc9298a,Arctic Monkeys,Arctic Monkeys,"Pop, Rock"
Aloe Blacc,20,exact_text,1.0,4bf89e02-6c30-4603-9f6a-52619b1bea1a,Aloe Blacc,Aloe Blacc,"Hip-Hop, Pop, R&B"
O.T. Genasis,20,exact_text,1.0,f3c48d53-8dfe-435f-84e6-1756754c4687,O.T. Genasis,O.T. Genasis,Hip-Hop
MadeinTYO,20,exact_text,1.0,01667dde-e5fd-4748-9986-ac623e4e9d65,MadeinTYO,MadeinTYO,Hip-Hop
Tee Grizzley,20,exact_text,1.0,babeb28b-5142-4af9-a3c5-9987315f1fc3,Tee Grizzley,Tee Grizzley,Hip-Hop
LANco,20,exact_text,1.0,bc4c4098-32b1-4881-9d38-659637de0692,LANCO,LANCO,Country
Yella Beezy,20,exact_text,1.0,aac4086f-b38e-4067-98ed-8e6b1d996e46,Yella Beezy,Yella Beezy,Hip-Hop
Blueface,20,exact_text,1.0,664bd251-a22c-4ab9-a4f7-25da4b14f9fc,Blueface,Blueface,Hip-Hop
YNW Melly,20,exact_text,1.0,59d6cea7-3771-4ce6-8c02-395ac5ba927a,YNW Melly,YNW Melly,"Hip-Hop, R&B"
Ingrid Andress,20,exact_text,1.0,3ae306a3-b2a6-4969-b59f-89f0370549e5,Ingrid Andress,Ingrid Andress,Country
Morray,20,exact_text,1.0,9c8ab6af-c34b-435a-8dd5-0889d3f4f4d9,Morray,Morray,"Hip-Hop, R&B"
Mooski,20,exact_text,1.0,2f4380ec-30e7-45b0-b62e-bcacbc66e5dd,Mooski,Mooski,"Hip-Hop, R&B"
Normani Featuring Cardi B,20,exact_text,1.0,04d93730-f81c-450c-8441-d5f5fcf98485,Normani,Normani,"Pop, R&B"
Yeat,20,exact_text,1.0,9e6a6a2f-f696-4cc0-87f1-e4f712e46802,Yeat,Yeat,"Electronic, Hip-Hop"
SleazyWorld Go Featuring Lil Baby,20,exact_text,1.0,bb37b960-7ef5-4cc3-8a67-e493a5225aa2,SleazyWorld Go,SleazyWorld Go,Hip-Hop
Grupo Frontera,20,exact_text,1.0,4c57c827-4ce3-4cf4-9492-0ff7f1ee2b0f,Grupo Frontera,Grupo Frontera,Country
Myke Towers,20,exact_text,1.0,d2945137-b01d-4195-9f82-64d20f8ba657,Myke Towers,Myke Towers,Hip-Hop
Mitski,20,exact_text,1.0,fa58cf24-0e44-421d-8519-8bf461dcfaa5,Mitski,Mitski,"Pop, Rock"
Chayce Beckham,20,exact_text,1.0,18e67e51-3510-47d8-b849-44fd7cfbdefe,Chayce Beckham,Chayce Beckham,Country
Poni-Tails,19,exact_normalized,1.0,3b3b8842-717a-4b07-89a5-d1873e0351f3,The Poni-Tails,The Poni-Tails,Pop
Chet Atkins,19,exact_text,1.0,5810667a-9db6-4fd0-abac-667cdac5d415,Chet Atkins,Chet Atkins,"Country, Jazz, Pop, Rock"
Marcie Blane,19,exact_text,1.0,6ce22798-7801-4bda-95e0-03169745f5e4,Marcie Blane,Marcie Blane,Pop
Millie Small,19,exact_text,1.0,c0dab97a-bd3c-42b2-8bc4-05d941b76b7a,Millie Small,Millie Small,Country
Don Covay & The Goodtimers,19,exact_text,1.0,56ea1e51-bbef-4bd8-af02-3267d2b94edc,Don Covay & the Goodtimers,Don Covay & the Goodtimers,"Jazz, R&B, Rock"
Sandie Shaw,19,exact_text,1.0,16963107-9288-43a2-946c-81de2f5eddfa,Sandie Shaw,Sandie Shaw,Pop
Wayne Fontana & The Mindbenders,19,exact_text,1.0,94d52495-cf48-4864-8fa1-a5f78cc2b5f7,Wayne Fontana & The Mindbenders,Wayne Fontana & The Mindbenders,"Pop, Rock"
Scott McKenzie,19,exact_text,1.0,120d7ba0-73e1-4e96-98e3-e75f60f232e8,Scott McKenzie,Scott McKenzie,Pop
Jimi Hendrix,19,exact_text,1.0,06fb1c8b-566e-4cb2-985b-b467c90781d4,Jimi Hendrix,Jimi Hendrix,"Jazz, R&B, Rock"
Edison Lighthouse,19,exact_text,1.0,5528ebce-9a4e-4e16-8e75-211e475928d6,Edison Lighthouse,Edison Lighthouse,Pop
Jack Blanchard & Misty Morgan,19,exact_text,1.0,69a733b9-9d5a-4241-a9b8-4703f3964058,Jack Blanchard & Misty Morgan,Jack Blanchard & Misty Morgan,Country
Dottie West,19,exact_text,1.0,edfa1708-f764-43b1-867f-6dd363cca3f1,Dottie West,Dottie West,Country
Van McCoy & The Soul City Symphony,19,exact_text,1.0,427a1dc8-54a0-4cf4-8a32-8e81a3d9fb79,Van McCoy & The Soul City Symphony,Van McCoy & The Soul City Symphony,R&B
Norman Connors,19,exact_text,1.0,ffc0b74d-10c3-4706-b793-e4d822021ab5,Norman Connors,Norman Connors,Jazz
Ramones,19,exact_text,1.0,d6ed7887-a401-47a8-893c-34b967444d26,Ramones,Ramones,Rock
Warren Zevon,19,exact_text,1.0,970fb29f-e288-403e-a388-d2a7889bfa47,Warren Zevon,Warren Zevon,"Country, Pop, Rock"
Rocky Burnette,19,exact_text,1.0,9d9ef140-1fd0-4c35-a061-7c80c4dd8242,Rocky Burnette,Rocky Burnette,Rock
Harold Faltermeyer,19,exact_text,1.0,3bd08e76-bf53-4b16-82ee-63f95ca5cdae,Harold Faltermeyer,Harold Faltermeyer,Pop
Clarence Clemons & Jackson Browne,19,exact_text,1.0,c2f71f85-cce3-42e2-92e1-43c7bd725d9b,Clarence Clemons And Jackson Browne,Clarence Clemons And Jackson Browne,"R&B, Rock"
Keedy,19,exact_text,1.0,3dbcf682-e45d-42c2-b55a-7076e04332cf,Keedy,Keedy,Pop
Andru Donalds,19,exact_text,1.0,0e5b035f-3b77-4e57-8fa9-b6fcfa4a7373,Andru Donalds,Andru Donalds,"Country, R&B"
Nate Dogg Featuring Snoop Doggy Dogg,19,exact_text,1.0,405528df-2632-4730-80fc-83e775a97651,Nate Dogg,Nate Dogg,"Hip-Hop, R&B"
Faithless,19,exact_text,1.0,23d9d74d-c95e-46a6-be26-a6075c49747a,Faithless,Faithless,Electronic
Lila McCann,19,exact_text,1.0,2c8be624-83bf-42b0-8149-147c8d8a4679,Lila McCann,Lila McCann,Country
Modjo,19,exact_text,1.0,04bac789-bf59-4383-8ad7-799d20d969f7,Modjo,Modjo,Electronic
Joe Budden,19,exact_text,1.0,02e81a75-461f-4b9d-b635-9cc916cef9c0,Joe Budden,Joe Budden,Hip-Hop
Shawnna,19,exact_text,1.0,beae0387-b082-4901-b87e-e336706bd727,Shawnna,Shawnna,Hip-Hop
Yael Naim,19,exact_text,1.0,def226b0-7990-4b38-ab1a-7740461844dc,Yael Naïm,Yael Naïm,"Country, Pop, Rock"
Marsha Ambrosius,19,exact_text,1.0,24285231-f192-42f1-baea-0f467dd1d8aa,Marsha Ambrosius,Marsha Ambrosius,R&B
Travis Porter Featuring Tyga,19,exact_text,1.0,53423220-42b5-4082-a374-417ce6f8a919,Travis Porter,Travis Porter,Hip-Hop
PnB Rock,19,exact_text,1.0,aa5a6061-e60d-4a58-b9f6-c09de390bb2d,PnB Rock,PnB Rock,"Electronic, Hip-Hop, R&B"
Famous Dex Featuring A$AP Rocky,19,exact_text,1.0,c34cfbd6-1df2-4865-96d9-e3bb4fe0577d,Famous Dex,Famous Dex,Hip-Hop
Daniel Caesar Featuring H.E.R.,19,exact_text,1.0,b46e298d-d3a5-4695-a03e-63e8c523b23e,Daniel Caesar,Daniel Caesar,R&B
Sleepy Hallow,19,exact_text,1.0,13108baf-5129-47b5-a174-5f720012155a,Sleepy Hallow,Sleepy Hallow,"Hip-Hop, R&B"
Tai Verdes,19,exact_text,1.0,83dea770-0013-4607-8057-ac989320e4bd,Tai Verdes,Tai Verdes,Pop
Max McNown,19,exact_text,1.0,cc45b39c-c7c2-4db3-98f2-9c0220c76d7c,Max McNown,Max McNown,Country
Ray Anthony and His Orchestra,18,exact_text,1.0,45280529-87d0-439e-bdce-390710be400b,Ray Anthony and His Orchestra,Ray Anthony and His Orchestra,Jazz
Eddie Fisher,18,exact_text,1.0,86831539-fa31-4248-9977-d4c6c0716a52,Eddie Fisher,Eddie Fisher,Pop
Arlo Guthrie,18,exact_text,1.0,b8efe8ac-45db-4a71-bb51-c1503986172f,Arlo Guthrie,Arlo Guthrie,Country
Black Sabbath,18,exact_text,1.0,5182c1d9-c7d2-4dad-afa0-ccfeada921a8,Black Sabbath,Black Sabbath,Rock
Hot Butter,18,exact_text,1.0,f7ea1e79-21bf-4dc9-a427-d2c43f5aadd0,Hot Butter,Hot Butter,"Electronic, Pop"
Foster Sylvers,18,exact_text,1.0,b6e4be33-0689-4314-94f0-ec8d25eda9c9,Foster Sylvers,Foster Sylvers,"Electronic, R&B"
Laid Back,18,exact_text,1.0,a8fee308-c305-4ca1-8d30-28d150a8d5f7,Laid Back,Laid Back,"Electronic, Pop, Rock"
Ziggy Marley And The Melody Makers,18,exact_text,1.0,7b5239b1-07ff-41ce-834b-29fe98de9970,Ziggy Marley and the Melody Makers,Ziggy Marley and the Melody Makers,Country
Climie Fisher,18,exact_text,1.0,3f1f765d-8b6a-403f-a953-5a828a87ae28,Climie Fisher,Climie Fisher,Pop
Neal McCoy,18,exact_text,1.0,ceeb25b6-a273-40b8-9645-b517892abe3c,Neal McCoy,Neal McCoy,Country
Raekwon,18,exact_text,1.0,4e954b02-fae2-4bd7-9547-e055a6ac0527,Raekwon,Raekwon,Hip-Hop
Shawn Mullins,18,exact_text,1.0,f20e3539-bf98-4066-85eb-12f254545660,Shawn Mullins,Shawn Mullins,"Country, Rock"
504 Boyz,18,exact_text,1.0,3038ea0d-1cad-458c-a08b-b11276b27619,504 Boyz,504 Boyz,Hip-Hop
Kellie Coffey,18,exact_text,1.0,7b8245d2-e4dc-44c4-beef-739ad26b9df9,Kellie Coffey,Kellie Coffey,Country
Benzino,18,exact_text,1.0,c2108a56-8cfe-4930-84c3-0be018e6e7f6,Benzino,Benzino,Hip-Hop
MercyMe,18,exact_text,1.0,c5a016d4-567e-4698-96a2-af134adb8395,MercyMe,MercyMe,Pop
Josh Groban,18,exact_text,1.0,12be5b16-915f-44bc-978a-8ddfab235b79,Josh Groban,Josh Groban,"Pop, R&B"
Teairra Mari,18,exact_text,1.0,22dd0eab-394b-4f05-ada7-c8d3dd336c52,Teairra Marí,Teairra Marí,"Pop, R&B"
Carolina Liar,18,exact_text,1.0,8a4bd6ab-acd4-4f1b-b1c6-bee1cee43fff,Carolina Liar,Carolina Liar,"Pop, Rock"
Kacey Musgraves,18,exact_text,1.0,d1393ecb-431b-4fde-a6ea-d769f2f040cb,Kacey Musgraves,Kacey Musgraves,"Country, Pop"
Bad Wolves,18,exact_text,1.0,2002b451-41ec-4e57-b806-a109931743b1,Bad Wolves,Bad Wolves,Rock
Kaliii,18,exact_text,1.0,67d33c91-279a-4185-a068-b7c6bfc4bc1a,Kaliii,Kaliii,Hip-Hop
Sleep Token,18,exact_text,1.0,775ad383-ac2d-479a-af9d-b561442cb749,Sleep Token,Sleep Token,"Pop, Rock"
Bill Doggett,17,exact_text,1.0,b6d381bb-3642-455c-ab73-125ba1259b71,Bill Doggett,Bill Doggett,"Jazz, R&B, Rock"
Jesse Belvin,17,exact_text,1.0,0199f646-7c2d-459a-b524-c04926386239,Jesse Belvin,Jesse Belvin,R&B
Barrett Strong,17,exact_text,1.0,31ee774b-6248-48d5-a8b5-0d9bebeaba9d,Barrett Strong,Barrett Strong,R&B
Teddy Randazzo,17,exact_text,1.0,da5cb3cd-17c1-4157-987c-899a6ff95a5d,Teddy Randazzo,Teddy Randazzo,Pop
Rusty Draper,17,exact_text,1.0,ace6f283-8089-4538-9d8d-b603d2afcc5a,Rusty Draper,Rusty Draper,Country
Joe Henderson,17,exact_text,1.0,bcab8301-c7e5-4689-a4ad-9ee947b4ce37,Joe Henderson,Joe Henderson,Jazz
Mitty Collier,17,exact_text,1.0,1f6949e2-f257-40f3-851e-e2e02271e398,Mitty Collier,Mitty Collier,R&B
Georgie Fame And The Blue Flames,17,exact_text,1.0,d8fca938-6479-4697-bdcd-71e493977877,Georgie Fame & the Blue Flames,Georgie Fame & the Blue Flames,"Jazz, Pop, R&B"
Stone Poneys Featuring Linda Ronstadt,17,exact_normalized,1.0,a226bf5f-1ccd-4ada-b0af-b54857e76ccb,The Stone Poneys,The Stone Poneys,Country
Blue Cheer,17,exact_text,1.0,523b52d7-a819-4111-9085-69fc269c9638,Blue Cheer,Blue Cheer,Rock
Mocedades,17,exact_text,1.0,9c2f1f4c-8e54-4ba8-8904-9c1edb33c739,Mocedades,Mocedades,"Country, Pop"
Kraftwerk,17,exact_text,1.0,5700dcd4-c139-4f31-aa3e-6382b9af9032,Kraftwerk,Kraftwerk,"Electronic, Pop"
Bryan Ferry,17,exact_text,1.0,4ef7a9e2-2cf5-483a-8616-ef7791a98026,Bryan Ferry,Bryan Ferry,"Pop, Rock"
Maynard Ferguson,17,exact_text,1.0,625f1d57-8bac-4a3a-97af-f407f2967755,Maynard Ferguson,Maynard Ferguson,Jazz
Mtume,17,exact_text,1.0,3e0ad499-0d3b-4445-8224-c63b4ad46317,Mtume,Mtume,"Jazz, Pop, R&B"
Greg Kihn,17,exact_text,1.0,17b041e5-cc75-4b3e-9fd4-d599e15ddd0b,Greg Kihn,Greg Kihn,"Pop, Rock"
Queensryche,17,exact_text,1.0,deeea939-7f89-4762-b09f-79269cd70d3b,Queensrÿche,Queensrÿche,Rock
Chaka Demus & Pliers,17,exact_text,1.0,449f264b-1a94-4ef8-b601-2ffccbbedefa,Chaka Demus & Pliers,Chaka Demus & Pliers,Country
N-Trance,17,fuzzy,0.9333,17adce06-a815-4c5b-9be7-e6b184f92ee4,N‐Trance,N‐Trance,"Electronic, Pop"
Camp Lo,17,exact_text,1.0,a5474ad8-1671-4ace-a5ea-82df42245bda,Camp Lo,Camp Lo,Hip-Hop
Tatyana Ali,17,exact_text,1.0,94ce10fd-a85f-466d-80ba-552faba67ad3,Tatyana Ali,Tatyana Ali,R&B
Sporty Thievz Featuring Mr. Woods,17,exact_text,1.0,bcbcd6f5-8675-40cb-94de-6d0f239e6ee8,Sporty Thievz,Sporty Thievz,Hip-Hop
Lara Fabian,17,exact_text,1.0,7a1daf7f-b972-4808-bc03-2e1e3a79dce0,Lara Fabian,Lara Fabian,Pop
Aaron Carter,17,exact_text,1.0,4c0bb5bc-95ad-47de-99e3-fbb4fbc5f393,Aaron Carter,Aaron Carter,Hip-Hop
JC Chasez,17,exact_text,1.0,40316898-fbcf-477e-b019-ccbafd710f46,JC Chasez,JC Chasez,"Pop, R&B"
Slum Village Featuring Kanye West & John Legend,17,exact_text,1.0,c0c1183e-6940-48ca-8f96-98250fcb3ef1,Slum Village,Slum Village,Hip-Hop
Shawty Lo,17,exact_text,1.0,4b2c4580-7e17-4277-8b20-5246f5f37b61,Shawty Lo,Shawty Lo,Hip-Hop
Zara Larsson,17,exact_text,1.0,134e6410-6954-45d1-bd4a-0f2d2ad5471d,Zara Larsson,Zara Larsson,"Electronic, Pop, R&B"
Dae Dae,17,exact_text,1.0,1d77e146-b983-469b-9cd7-b59bc8ceb2d9,Dae Dae,Dae Dae,Hip-Hop
Trippie Redd,17,exact_text,1.0,8032cf05-d916-4b2a-9c53-6e75d4a24bd8,Trippie Redd,Trippie Redd,"Hip-Hop, R&B, Rock"
Quavo,17,exact_text,1.0,6143403a-df6c-429e-8ee6-ef869896b0da,Quavo,Quavo,Hip-Hop
Ari Lennox,17,exact_text,1.0,6fe9125b-bd80-4704-9084-56bc7e07e48f,Ari Lennox,Ari Lennox,R&B
Yung Gravy,17,exact_text,1.0,20b034b2-35a1-40be-908f-22d1b5681572,Yung Gravy,Yung Gravy,Hip-Hop
Domenico Modugno,16,exact_text,1.0,b8e60837-e646-4f18-8f92-27d1173511b0,Domenico Modugno,Domenico Modugno,"Country, Pop"
Kay Starr,16,exact_text,1.0,d25d395a-3891-4243-9a05-8308ad24969d,Kay Starr,Kay Starr,"Country, Jazz, Pop"
O.V. Wright,16,exact_text,1.0,ac486e0f-9d86-4dec-8f4f-0f06e4d51946,O.V. Wright,O.V. Wright,R&B
Savoy Brown,16,exact_text,1.0,f0167ca4-f151-4194-813f-021bca2ecf7b,Savoy Brown,Savoy Brown,Rock
Cymarron,16,exact_text,1.0,35d81fc6-1f27-4790-8d09-e6e272c718ef,Cymarron,Cymarron,Pop
Holland-Dozier,16,fuzzy,0.963,4b52f926-4bf1-4dc0-bda0-da8e2ccdea6f,Holland–Dozier,Holland–Dozier,R&B
Mike Oldfield,16,exact_text,1.0,a1684a49-feaa-4150-b758-d9412fc59f12,Mike Oldfield,Mike Oldfield,"Country, Electronic, Pop, Rock"
Ronnie McDowell,16,exact_text,1.0,a3911c6f-3109-4c1c-960a-dce57b24defc,Ronnie McDowell,Ronnie McDowell,Country
France Joli,16,exact_text,1.0,45306991-40ab-4cb4-be0c-2963bdc0b8d2,France Joli,France Joli,"Pop, R&B"
Jim Steinman,16,exact_text,1.0,80e7cb60-3ed8-46dd-8eec-9052606306f2,Jim Steinman,Jim Steinman,"Pop, Rock"
Bill Champlin,16,exact_text,1.0,1c5adcd9-f1e4-4987-a1c0-1bb7200026cf,Bill Champlin,Bill Champlin,"Jazz, R&B, Rock"
Bronski Beat,16,exact_text,1.0,27acebf2-5440-42a7-9db6-19ad2c9dea38,Bronski Beat,Bronski Beat,"Pop, R&B"
Oingo Boingo,16,exact_text,1.0,166bc1cb-a2b7-412d-bcd5-5f439d2cf5f1,Oingo Boingo,Oingo Boingo,"Country, Rock"
Deon Estus,16,exact_text,1.0,4b66082d-36a3-4418-a80c-ea7773e46bf6,Deon Estus,Deon Estus,"Pop, R&B"
BulletBoys,16,exact_text,1.0,210c57b3-91dc-48db-9487-97f30719ea81,BulletBoys,BulletBoys,Rock
Perfect Gentlemen,16,exact_text,1.0,ad40cc6e-7d91-4847-97d2-1385428c4a0b,Perfect Gentlemen,Perfect Gentlemen,"Hip-Hop, R&B"
Monie Love Featuring True Image,16,exact_text,1.0,00e8c9fb-546f-481e-b529-6ec23f3b3f72,Monie Love,Monie Love,Hip-Hop
Inoj,16,exact_text,1.0,58c76587-e641-49f8-a574-afd0e3c02c3d,INOJ,INOJ,"Hip-Hop, Pop, R&B"
Mikaila,16,exact_text,1.0,416fc533-434a-4e42-a438-123db5d5f826,Mikaila,Mikaila,"Pop, R&B"
Mis-Teeq,16,exact_text,1.0,55d648e3-60d0-4fce-851d-cf6fb1c4e398,Mis-Teeq,Mis-Teeq,"Hip-Hop, R&B"
Dashboard Confessional,16,exact_text,1.0,50549203-9602-451c-b49f-ff031ba8635c,Dashboard Confessional,Dashboard Confessional,Rock
Kristinia DeBarge,16,exact_text,1.0,685c876c-1b1c-4ebf-9244-b5254a4297b0,Kristinia DeBarge,Kristinia DeBarge,"Pop, R&B"
will.i.am Featuring Justin Bieber,16,exact_text,1.0,d574c9bd-46f6-440a-8d6a-8412a283eeb1,will.i.am,will.i.am,"Hip-Hop, Pop, R&B"
RaeLynn,16,exact_text,1.0,1aa9959c-a1bf-4e3a-bd57-07baa15e3fa0,RaeLynn,RaeLynn,Country
YBN Nahmir,16,exact_text,1.0,e3928973-a746-401b-ad79-0b27a9f4ed7d,YBN Nahmir,YBN Nahmir,Hip-Hop
Ali Gatie,16,exact_text,1.0,c5d8019c-fe79-4968-9329-f7af6cdc26f3,Ali Gatie,Ali Gatie,"Pop, R&B"
Tenille Arts,16,exact_text,1.0,2415e269-6c50-437a-a7b5-fcc7c6109974,Tenille Arts,Tenille Arts,Country
Tex Ritter,15,exact_text,1.0,f7c029f2-c082-4aaf-bfd2-d75e762b78a9,Tex Ritter,Tex Ritter,Country
Martin Denny and His Orchestra,15,exact_text,1.0,19178bff-090b-462e-b5f0-69c15ec01c90,Martin Denny & His Orchestra,Martin Denny & His Orchestra,"Country, Pop"
Kai Winding & Orchestra,15,fuzzy,0.9259,c42288ba-14b0-4908-8785-da7c7b31ba45,Kai Winding & His Orchestra,Kai Winding & His Orchestra,Jazz
Roy Orbison And The Candy Men,15,exact_text,1.0,889ea25a-b71b-4638-b150-c7a172d1a13b,Roy Orbison & The Candy Men,Roy Orbison & The Candy Men,"Country, Pop, Rock"
Toussaint McCall,15,exact_text,1.0,e7710993-dec9-4517-b37f-ee235360dc83,Toussaint McCall,Toussaint McCall,R&B
Gunhill Road,15,exact_text,1.0,853cdf0d-27ed-4210-b9b0-9b696e11ce53,Gunhill Road,Gunhill Road,"Country, Rock"
Jeanne Pruett,15,exact_text,1.0,1a378463-c13d-481c-9730-a3cb5af2bc70,Jeanne Pruett,Jeanne Pruett,Country
Roger Whittaker,15,exact_text,1.0,80d07b5b-35b1-4d58-a72e-49ac98cba13f,Roger Whittaker,Roger Whittaker,"Country, Pop"
Greg Lake,15,exact_text,1.0,6e2fdea5-8960-46ec-8a05-41b7eec3b2a9,Greg Lake,Greg Lake,Rock
Nick Lowe,15,exact_text,1.0,a3d5a6bf-c86d-44d3-969b-f345620009c6,Nick Lowe,Nick Lowe,"Pop, Rock"
Agnetha Faltskog,15,exact_text,1.0,aebbb417-0d18-4fec-a2e2-ce9663d1fa7e,Agnetha Fältskog,Agnetha Fältskog,Pop
Newcleus,15,exact_text,1.0,7e937cd8-ac02-407e-9cbc-39e2b376d66f,Newcleus,Newcleus,"Electronic, Hip-Hop"
Roger Hodgson,15,exact_text,1.0,210bf857-3387-4a7e-9301-7eb9c66800d6,Roger Hodgson,Roger Hodgson,"Pop, Rock"
Dan Seals,15,exact_text,1.0,47ac957d-1078-410a-9b1d-803bf83c1b87,Dan Seals,Dan Seals,"Country, Pop"
Hipsway,15,exact_text,1.0,b3694fe1-fc16-4f2e-bc1c-9187d8ea2358,Hipsway,Hipsway,"Pop, Rock"
World Party,15,exact_text,1.0,f7691e08-2824-4e40-b126-4e4a20675036,World Party,World Party,"Country, Pop, Rock"
L'Trimm,15,fuzzy,0.9231,0f95ffa9-40d0-4b60-899a-c7e194828ff8,L’Trimm,L’Trimm,Hip-Hop
Megadeth,15,exact_text,1.0,a9044915-8be3-4c7e-b11f-9e2d2ea0a91e,Megadeth,Megadeth,Rock
Wendy Moten,15,exact_text,1.0,f58a85e3-d79a-49c0-8543-fef332632bad,Wendy Moten,Wendy Moten,"Jazz, R&B, Rock"
Tasmin Archer,15,exact_text,1.0,44ecd2ac-a5b9-4b64-8edb-f3c76a5fa439,Tasmin Archer,Tasmin Archer,"Pop, R&B, Rock"
Nightcrawlers,15,exact_text,1.0,1c68d986-7b3a-4ecb-9d14-43e6902ef2bd,Nightcrawlers,Nightcrawlers,"Country, Rock"
Morrissey,15,exact_text,1.0,013fa897-86db-41d3-8e9f-386c8a34f4e6,Morrissey,Morrissey,"Pop, Rock"
Shawn Stockman,15,exact_text,1.0,bc6da2ed-e930-4b1f-a77b-9af6832987d4,Shawn Stockman,Shawn Stockman,"Hip-Hop, Pop, R&B"
Canibus,15,exact_text,1.0,3f09f9d0-a88a-41a0-8cd8-a6dbcff2c50d,Canibus,Canibus,Hip-Hop
Jimmy Cozier,15,exact_text,1.0,059e0aca-516b-4655-acb3-8ef5dbec4887,Jimmy Cozier,Jimmy Cozier,"Country, Hip-Hop, R&B"
Relient K,15,exact_text,1.0,a49b5d41-7399-49ef-bcb8-a5779a30d2e9,Relient K,Relient K,Rock
Heidi Newfield,15,exact_text,1.0,c95f1dc9-c9e4-4e88-ab30-3b4afedf8b9a,Heidi Newfield,Heidi Newfield,Country
Steel Magnolia,15,exact_text,1.0,5f549372-3e08-42aa-ad67-0d3c60e1b86d,Steel Magnolia,Steel Magnolia,Country
Sick Puppies,15,exact_text,1.0,86f78011-5087-48d2-8922-c381d2eb0c40,Sick Puppies,Sick Puppies,Rock
Rita Ora,15,exact_text,1.0,c9dd033c-0270-463c-b3ec-f4b7712486fe,Rita Ora,Rita Ora,Pop
SoMo,15,exact_text,1.0,bd83292c-242b-45cd-bd8d-6bd362c60e6e,SoMo,SoMo,"Hip-Hop, Pop, R&B"
Austin Mahone Featuring Pitbull,15,exact_text,1.0,b69b9854-f568-4a50-b076-309c459946a8,Austin Mahone,Austin Mahone,"Pop, R&B"
J Balvin,15,exact_text,1.0,5bdeb32d-56a5-4b6d-a768-264101fa0a0a,J Balvin,J Balvin,"Hip-Hop, Pop"
Robin Schulz Featuring Francesco Yates,15,exact_text,1.0,163218c2-9e0f-4d2d-aecb-ebbdef6aab70,Robin Schulz,Robin Schulz,Electronic
Travis Denning,15,exact_text,1.0,2ceae0c1-a16a-4533-a827-6bd8f00acfed,Travis Denning,Travis Denning,Country
Ashley McBryde,15,exact_text,1.0,ba8520a7-e14a-4ba6-9ab5-1fab4d0a154f,Ashley McBryde,Ashley McBryde,"Country, Rock"
Conan Gray,15,exact_text,1.0,850a8b03-98a7-4fd3-afbd-5e5520b4ef5f,Conan Gray,Conan Gray,Pop
Twice,15,exact_text,1.0,8da127cc-c432-418f-b356-ef36210d82ac,TWICE,TWICE,"Electronic, Pop"
Jimmy Clanton And His Rockets,14,exact_text,1.0,b06e00c6-58d4-4d0f-bcf3-83590b1f47c4,Jimmy Clanton & His Rockets,Jimmy Clanton & His Rockets,R&B
Cyril Stapleton And His Orchestra,14,exact_text,1.0,71219e03-e920-4036-a6d4-fc2d5aba75b8,Cyril Stapleton & His Orchestra,Cyril Stapleton & His Orchestra,Jazz
Louis Prima,14,exact_text,1.0,b5997eef-2516-491a-a10e-5cee842bbcdc,Louis Prima,Louis Prima,"Jazz, Pop"
Ernie Maresca,14,exact_text,1.0,cf595f4e-b552-4069-8da3-94bd4087a8de,Ernie Maresca,Ernie Maresca,"Pop, R&B, Rock"
Joe Harnell And His Orchestra,14,exact_text,1.0,088cbe63-b67a-4ad3-9845-fee49836428a,Joe Harnell and His Orchestra,Joe Harnell and His Orchestra,"Jazz, Pop"
Tammi Terrell,14,exact_text,1.0,ce4582b6-aee7-4da1-b841-3c619d4fb5a5,Tammi Terrell,Tammi Terrell,R&B
Claudine Longet,14,exact_text,1.0,d92e5e90-2266-4835-bccc-e94c7790e1b4,Claudine Longet,Claudine Longet,"Jazz, Pop"
Miriam Makeba,14,exact_text,1.0,bc5c2918-4aba-4ef6-a245-100563a4487f,Miriam Makeba,Miriam Makeba,"Country, Jazz, R&B"
Wes Montgomery,14,exact_text,1.0,663f8232-8c46-4851-803f-a91d31593b14,Wes Montgomery,Wes Montgomery,Jazz
Lalo Schifrin,14,exact_text,1.0,adf017f5-76d6-4d31-b1b9-a0211675e7c2,Lalo Schifrin,Lalo Schifrin,"Jazz, Rock"
Georgie Fame,14,exact_text,1.0,17776099-2662-48e0-9a51-7e3cbe0930fa,Georgie Fame,Georgie Fame,"Jazz, Pop, R&B"
Crabby Appleton,14,exact_text,1.0,c6b4d75c-f541-45b5-a5a6-049915d96d57,Crabby Appleton,Crabby Appleton,"Pop, Rock"
Elephant's Memory,14,fuzzy,0.9697,4d8768ae-1459-4841-b168-e0773feeb6af,Elephant’s Memory,Elephant’s Memory,"R&B, Rock"
Mickey Newbury,14,exact_text,1.0,d347a10f-6675-48dd-9615-b839c2ac0210,Mickey Newbury,Mickey Newbury,Country
Lou Reed,14,exact_text,1.0,9d1ebcfe-4c15-4d18-95d3-d919898638a1,Lou Reed,Lou Reed,Rock
Elvis Costello And The Attractions,14,exact_text,1.0,0ffb6573-a98e-412e-aa01-0a580e9d8b06,Elvis Costello & The Attractions,Elvis Costello & The Attractions,"Pop, Rock"
Jonathan Butler,14,exact_text,1.0,68b8199b-eff2-45fb-be86-da8138d97067,Jonathan Butler,Jonathan Butler,"Jazz, R&B"
Elvis Costello,14,exact_text,1.0,8a338e06-d182-46f2-bd16-30a09bc840ba,Elvis Costello,Elvis Costello,"Pop, Rock"
Born Jamericans,14,exact_text,1.0,0df686f8-150e-44e2-97ac-35780952e8c2,Born Jamericans,Born Jamericans,"Country, Hip-Hop"
Juliet Roberts,14,exact_text,1.0,64c09807-3793-49ca-8228-2be8cdcb4f55,Juliet Roberts,Juliet Roberts,"Electronic, Jazz, R&B, Rock"
Pressha,14,exact_text,1.0,a7ba7c7b-6bd2-4da7-a8e6-adb5b52524d0,Pressha,Pressha,R&B
BlackHawk,14,exact_text,1.0,091ef352-590c-41e6-827e-d3e925b2ffa5,BlackHawk,BlackHawk,Country
Hoku,14,exact_text,1.0,3af5bf95-b4ea-4b21-b40d-2b9bdab1c2f0,Hoku,Hoku,Pop
Godsmack,14,exact_text,1.0,ac2d1c91-3667-46aa-9fe7-170ca7fce9e2,Godsmack,Godsmack,Rock
Bridgit Mendler,14,exact_text,1.0,f59f7cee-8f6a-4a6f-b23c-f3b5fdf6208f,Bridgit Mendler,Bridgit Mendler,"Pop, R&B"
Lauren Alaina,14,exact_text,1.0,f2506ff4-4091-4e57-ac5b-156110732aa9,Lauren Alaina,Lauren Alaina,Country
Chief Keef,14,exact_text,1.0,9118f524-be76-4eaf-875c-ccf15e2a2ad6,Chief Keef,Chief Keef,Hip-Hop
Labrinth Featuring Emeli Sande,14,exact_text,1.0,dc99e6fd-c710-4f79-b74b-127b4d0b7849,Labrinth,Labrinth,"Electronic, Hip-Hop, Pop, R&B, Rock"
Kiesza,14,exact_text,1.0,87ff5ccd-64cd-45d6-bba3-ba2647e85d74,Kiesza,Kiesza,"Electronic, Pop"
DJ Drama Featuring Chris Brown| Skeme & Lyquin,14,exact_text,1.0,de23d637-20df-4b15-ae63-263dd5a34f10,DJ Drama,DJ Drama,Hip-Hop
Bryce Vine,14,exact_text,1.0,a9630d3d-2a3b-4b51-903d-3b092abbc443,Bryce Vine,Bryce Vine,"Hip-Hop, Pop, Rock"
George Jones,13,exact_text,1.0,f2903be0-79a7-4334-8cc5-e45309482a97,George Jones,George Jones,"Country, R&B"
Ronnie Hawkins,13,exact_text,1.0,8a701db6-1180-4bfb-bd69-417614406212,Ronnie Hawkins,Ronnie Hawkins,"Country, R&B, Rock"
Tommy Facenda,13,exact_text,1.0,9799ff59-db5b-4555-81be-1429ad5be535,Tommy Facenda,Tommy Facenda,Rock
Henry Mancini,13,exact_text,1.0,83e71a21-caf7-4e48-8ff7-6512d51e88a3,Henry Mancini,Henry Mancini,"Jazz, Pop, Rock"
The Dukays,13,exact_text,1.0,d2128047-a99c-43c6-ac99-7d0719362b3c,The Dukays,The Dukays,R&B
Inez Foxx,13,exact_text,1.0,415da583-42ab-41ac-a124-b4e683cd0ae7,Inez Foxx,Inez Foxx,"Pop, R&B"
Cilla Black,13,exact_text,1.0,e002853b-7843-449b-a46a-c35fe6b8bed5,Cilla Black,Cilla Black,"Pop, R&B, Rock"
Mongo Santamaria,13,exact_text,1.0,915f84de-eac2-4e78-99ad-9ab6e2c50af6,Mongo Santamaría,Mongo Santamaría,Jazz
The Casinos,13,exact_normalized,1.0,2ee4a2bb-3eda-4289-8d49-c0342075e296,Casinos,Casinos,R&B
Mungo Jerry,13,exact_text,1.0,d99a6247-94ab-4685-87df-572ba6ef44b7,Mungo Jerry,Mungo Jerry,"Country, Jazz, Rock"
Loretta Lynn,13,exact_text,1.0,613260c3-d620-4645-94cd-33cd55f29b1e,Loretta Lynn,Loretta Lynn,"Country, R&B"
Bloodrock,13,exact_text,1.0,a5d9716e-659c-4e04-b911-eb1b7ab2a6cf,Bloodrock,Bloodrock,Rock
Buffy Sainte-Marie,13,fuzzy,0.9714,7b1a3022-6f4d-4c6b-acb3-bfa8919222b9,Buffy Sainte‐Marie,Buffy Sainte‐Marie,"Country, Rock"
Joe Stampley,13,exact_text,1.0,c7ebf416-4067-4924-b93c-2dc7b6a77ef2,Joe Stampley,Joe Stampley,Country
Cerrone,13,exact_text,1.0,9ec90f51-2c4a-495b-b478-2dfc9c07f8bc,Cerrone,Cerrone,"Electronic, Pop, R&B"
Alan Parsons,13,exact_text,1.0,9774cfd1-8862-42bd-919e-156c31f079b4,Alan Parsons,Alan Parsons,Rock
Justin Hayward,13,exact_text,1.0,c113d7a7-2b22-49dc-886b-366ee68577cb,Justin Hayward,Justin Hayward,Rock
Liquid Gold,13,exact_text,1.0,d69eb0c6-14e2-4cbf-9f9b-637e68b7d396,Liquid Gold,Liquid Gold,"Pop, R&B"
Niteflyte,13,exact_text,1.0,920d3538-7074-4118-840b-ef3c61e958b5,Niteflyte,Niteflyte,R&B
Red Rider,13,exact_text,1.0,a22d8a5d-1ca1-43cf-85a6-07f64a18273d,Red Rider,Red Rider,Rock
Nik Kershaw,13,exact_text,1.0,6286e04b-7bc1-4f22-bca5-fdd34d1b0d93,Nik Kershaw,Nik Kershaw,"Pop, Rock"
Romeo Void,13,exact_text,1.0,70693ef1-2d81-4b35-a483-bd78553db176,Romeo Void,Romeo Void,Rock
Gwen Guthrie,13,exact_text,1.0,0116ef38-f596-440c-a911-8265c2122ab5,Gwen Guthrie,Gwen Guthrie,"Pop, R&B"
Buster Poindexter & His Banshees Of Blue,13,exact_text,1.0,ce475fc9-6768-41d9-b5f2-29c4b85d3a4f,Buster Poindexter and His Banshees of Blue,Buster Poindexter and His Banshees of Blue,"Jazz, Pop, Rock"
Stage Dolls,13,exact_text,1.0,7a53094c-962f-4f48-8e99-c6298b7ea9d5,Stage Dolls,Stage Dolls,Rock
Danger Danger,13,exact_text,1.0,4eeef72c-42d3-4c61-a4a2-3613a8c3b00b,Danger Danger,Danger Danger,Rock
3rd Bass,13,exact_text,1.0,34ea2ef9-c05c-427e-a26f-0bb35c7d6524,3rd Bass,3rd Bass,Hip-Hop
Scatman John,13,exact_text,1.0,9904bde1-04a7-41cf-a2a3-d09a42445145,Scatman John,Scatman John,"Hip-Hop, Jazz, Pop"
Suga Free,13,exact_text,1.0,dba60855-62c2-4801-81cb-5450ac0ddbae,Suga Free,Suga Free,Hip-Hop
Gigi D'Agostino,13,fuzzy,0.9655,57c1e5ea-e08f-413a-bcb1-f4e4b675bead,Gigi D’Agostino,Gigi D’Agostino,Electronic
Pilar Montenegro,13,exact_text,1.0,411d0b59-1f96-430d-acaf-39261e5057a1,Pilar Montenegro,Pilar Montenegro,"Country, Pop"
Regina Spektor,13,exact_text,1.0,fbb375f9-48bb-4635-824e-4120273b3ba7,Regina Spektor,Regina Spektor,Rock
Ashley Tisdale,13,exact_text,1.0,1fa14a96-c25c-4bb7-b94d-ff453519eab3,Ashley Tisdale,Ashley Tisdale,Pop
Driicky Graham,13,exact_text,1.0,ce68c286-af75-4537-bf02-2400f17f53b2,Driicky Graham,Driicky Graham,Hip-Hop
Hillsong United,13,exact_text,1.0,a29ae051-283b-4703-be3d-2accfa3a75a2,Hillsong UNITED,Hillsong UNITED,Pop
Erica Banks,13,exact_text,1.0,0dcbb84a-d113-495d-a54b-da197a4504b7,Erica Banks,Erica Banks,Hip-Hop
Metro Boomin Featuring Don Toliver & Future,13,exact_text,1.0,59db3d82-86ea-451f-881f-dffc8ec387c9,Metro Boomin,Metro Boomin,Hip-Hop
Koe Wetzel,13,exact_text,1.0,cf59723d-febb-4481-9b9b-3cb2c7f2a7e6,Koe Wetzel,Koe Wetzel,"Country, Rock"
G Herbo,13,exact_text,1.0,1b1f50d1-4746-468b-a6a2-7db7200d3dfc,G Herbo,G Herbo,Hip-Hop
The Quin-Tones,12,exact_text,1.0,51331965-53f5-4dec-92d0-d73c7cd2e8b2,The Quin-Tones,The Quin-Tones,R&B
Gogi Grant,12,exact_text,1.0,ce476ab2-d9b4-4f2d-b848-82c9a2373772,Gogi Grant,Gogi Grant,"Jazz, Pop"
Jimmy Barnes,12,exact_text,1.0,acaacdc4-194e-45ae-9959-c8e83e3120b2,Jimmy Barnes,Jimmy Barnes,"Country, Electronic, R&B, Rock"
Narvel Felts,12,exact_text,1.0,7b2d7a70-5c1c-4cb0-93f7-dd627a45662c,Narvel Felts,Narvel Felts,"Country, Rock"
Deane Hawley,12,exact_text,1.0,5eea70bb-d24a-43f9-b4b4-2000f515ceb7,Deane Hawley,Deane Hawley,Pop
Cowboy Copas,12,exact_text,1.0,dde0c16b-4697-4109-b58c-d8eb2c657f5d,Cowboy Copas,Cowboy Copas,Country
Hank Snow,12,exact_text,1.0,c328faea-ae26-4988-85f5-e9a8dc322bb1,Hank Snow,Hank Snow,Country
Jimmy McCracklin,12,exact_text,1.0,497acfd9-091f-4405-a603-0623d099cc1d,Jimmy McCracklin,Jimmy McCracklin,"Jazz, R&B"
Nelson Riddle,12,exact_text,1.0,4308fdc4-7f8a-42f0-aaea-a8b397da5e3c,Nelson Riddle,Nelson Riddle,"Jazz, Pop"
Dave Dudley,12,exact_text,1.0,2439e604-b15b-40ad-bfaf-ea7c3f5a6fca,Dave Dudley,Dave Dudley,Country
Ginny Arnell,12,exact_text,1.0,fc1f4a83-1adb-4ffa-abea-1d5d4e161856,Ginny Arnell,Ginny Arnell,Pop
Red Sovine,12,exact_text,1.0,03e318a0-2292-4219-888c-f491ac63c6d1,Red Sovine,Red Sovine,Country
Margaret Whiting,12,exact_text,1.0,dcda6ece-8cca-4d98-9785-2d5e9b07be80,Margaret Whiting,Margaret Whiting,"Jazz, Pop"
Henson Cargill,12,exact_text,1.0,9cd0c8c6-e9c6-4bde-ae04-f4dbebb3b481,Henson Cargill,Henson Cargill,Country
Max Frost And The Troopers,12,exact_text,1.0,a0e47ac3-ed1a-456a-adb8-9b478d5576a8,Max Frost & the Troopers,Max Frost & the Troopers,Pop
Gregg Allman,12,exact_text,1.0,679a4fa1-f7f3-44ca-b440-ad6fb163b10d,Gregg Allman,Gregg Allman,"Country, Jazz, R&B, Rock"
Melba Moore,12,exact_text,1.0,3dd35366-4551-4818-bc87-c0fd83f002b1,Melba Moore,Melba Moore,R&B
Cyndi Grecco,12,exact_text,1.0,5110bb3e-92ab-4499-9a3b-bab0126285d1,Cyndi Grecco,Cyndi Grecco,Pop
Lenny LeBlanc,12,exact_text,1.0,db89c5d7-d9fe-468a-a472-86296349285b,Lenny LeBlanc,Lenny LeBlanc,Pop
Teri DeSario,12,exact_text,1.0,4f063999-7faf-4eae-91f2-7eeaa301468d,Teri DeSario,Teri DeSario,"Pop, R&B"
Giorgio Moroder,12,exact_text,1.0,38dd6337-19ae-4793-ab4b-313eff523457,Giorgio Moroder,Giorgio Moroder,Electronic
Chuck Brown & The Soul Searchers,12,exact_text,1.0,ee60b539-6e37-403a-8716-1fddcece99be,Chuck Brown & The Soul Searchers,Chuck Brown & The Soul Searchers,"Hip-Hop, Jazz, R&B"
Kurtis Blow,12,exact_text,1.0,72eafbba-ff08-4257-9594-267d4a6fcdca,Kurtis Blow,Kurtis Blow,Hip-Hop
Rockpile,12,exact_text,1.0,e0bcd6af-e702-4e3c-964d-355801ce2c65,Rockpile,Rockpile,"Pop, Rock"
Nona Hendryx,12,exact_text,1.0,af78c8ec-0d33-4082-98f5-23281b65b109,Nona Hendryx,Nona Hendryx,"Electronic, Pop, R&B, Rock"
Icicle Works,12,exact_normalized,1.0,03143cba-d359-4bd9-8ab3-5ba6590f9933,The Icicle Works,The Icicle Works,Rock
Trans-X,12,fuzzy,0.9231,fbd5e01b-9739-4736-a36a-fc815f705350,Trans‐X,Trans‐X,Pop
Ann Wilson,12,exact_text,1.0,5d8a6a6f-44ae-4421-865f-470600f4db65,Ann Wilson,Ann Wilson,"Country, Pop, Rock"
Kaoma,12,exact_text,1.0,bc5e04ab-51fe-4364-ac78-54b657ea2848,Kaoma,Kaoma,Country
Indecent Obsession,12,exact_text,1.0,fd09142f-272e-4c8d-9d4c-dd4393b8fed9,Indecent Obsession,Indecent Obsession,Pop
Dawn Penn,12,exact_text,1.0,2303f592-119c-4ca7-b8fd-819c5ac5667d,Dawn Penn,Dawn Penn,Country
The Crooklyn Dodgers,12,exact_text,1.0,0eb35c17-df1a-42a8-8b79-d9bc7f203140,The Crooklyn Dodgers,The Crooklyn Dodgers,Hip-Hop
Freedy Johnston,12,exact_text,1.0,466b0935-98c2-44db-bf2b-f8033735b485,Freedy Johnston,Freedy Johnston,"Country, Rock"
Tina Arena,12,exact_text,1.0,c1ccc784-9f18-4369-96b1-38106419b5ad,Tina Arena,Tina Arena,"Pop, R&B"
BeBe Winans,12,exact_text,1.0,8c86f18c-6703-473c-a1ca-482abd0cca27,BeBe Winans,BeBe Winans,R&B
Lari White,12,exact_text,1.0,20291e0d-22d9-4a3c-ac0b-1f3b3ce009a3,Lari White,Lari White,Country
Trina & Tamara,12,exact_text,1.0,c7417e39-a0a8-47a9-b51e-51c44b7153fb,Trina & Tamara,Trina & Tamara,Hip-Hop
Coko,12,exact_text,1.0,0e340cd1-7d5d-494f-847a-9397367d2ba2,Coko,Coko,"Hip-Hop, R&B"
Beth Hart,12,exact_text,1.0,3fe817fc-966e-4ece-b00a-76be43e7e73c,Beth Hart,Beth Hart,"Jazz, R&B, Rock"
Bloodhound Gang,12,exact_text,1.0,b2dbfc09-b332-408b-a235-1850e41971c5,Bloodhound Gang,Bloodhound Gang,Rock
Project Pat,12,exact_text,1.0,8b8985eb-f71f-4229-9f11-171a7aac98c1,Project Pat,Project Pat,Hip-Hop
Sum 41,12,exact_text,1.0,f2eef649-a6d5-4114-afba-e50ab26254d2,Sum 41,Sum 41,Rock
Method Man & Redman,12,exact_text,1.0,c03e2388-9e1b-4b78-8194-28c0d6ca19a0,Method Man & Redman,Method Man & Redman,Hip-Hop
Isyss,12,exact_text,1.0,9a4a3b85-8a85-4924-872f-24b8bf2feb26,Isyss,Isyss,"Hip-Hop, Pop, R&B"
Dwele,12,exact_text,1.0,808c1fbb-ccfb-4b15-a541-72bec155e696,Dwele,Dwele,R&B
Mannie Fresh,12,exact_text,1.0,34dc70df-8b2c-4bb0-a132-0958671a509c,Mannie Fresh,Mannie Fresh,Hip-Hop
Paris Hilton,12,exact_text,1.0,0d9ff9c7-394e-4228-93aa-c4afd4765324,Paris Hilton,Paris Hilton,Electronic
Jessie James,12,fuzzy,0.9167,80667aa7-9cb7-483b-9dc8-016a9cf60a43,Jesse Jaymes,Jesse Jaymes,"Country, Pop"
Roscoe Dash Featuring Soulja Boy Tell'em,12,exact_text,1.0,2d79c678-e9e6-4456-a941-8ca436747a43,Roscoe Dash,Roscoe Dash,Hip-Hop
Sunny Sweeney,12,exact_text,1.0,8582240e-2992-4d9f-aff8-ef03b5eeeedf,Sunny Sweeney,Sunny Sweeney,Country
Nicole Scherzinger Featuring 50 Cent,12,exact_text,1.0,0f7534a6-dc5f-46ca-a2e0-13d214cdd52b,Nicole Scherzinger,Nicole Scherzinger,"Electronic, Hip-Hop, Pop, R&B"
Michel Telo,12,exact_text,1.0,6d00cc0d-2027-41d4-be9f-13770037354b,Michel Teló,Michel Teló,Country
Bella Poarch,12,exact_text,1.0,6e29613f-68dd-4a24-add2-9a9962de2523,Bella Poarch,Bella Poarch,"Electronic, Pop"
Sophie Ellis-Bextor,12,fuzzy,0.973,c4b87e45-c07a-460f-9c58-8d15328e2964,Sophie Ellis‐Bextor,Sophie Ellis‐Bextor,"Electronic, Pop"
Imogen Heap,12,exact_text,1.0,328d146c-79f1-4eb6-9e40-8ee5710c14e5,Imogen Heap,Imogen Heap,"Electronic, Pop, Rock"
Bobby Marchan,11,exact_text,1.0,ca7129b1-b2b8-40da-89ea-a2b6aeabb87b,Bobby Marchan,Bobby Marchan,"R&B, Rock"
Lonnie Donegan And His Skiffle Group,11,exact_text,1.0,032a670a-59fc-4b04-aec6-67255e7a915c,Lonnie Donegan & His Skiffle Group,Lonnie Donegan & His Skiffle Group,"Country, Jazz, Pop"
Duals,11,exact_normalized,1.0,62c98db5-d59c-4395-b8a8-7481715ae40f,The Duals,The Duals,Rock
Dick Dale and The Del-Tones,11,fuzzy,0.9057,820263ae-ab51-426d-85e9-bed5a74f00e1,Dick Dale and His Del‐Tones,Dick Dale and His Del‐Tones,Rock
Mel Torme,11,exact_text,1.0,4439c2fd-a754-4f6a-b3a6-791b47726156,Mel Tormé,Mel Tormé,"Jazz, Pop"
Tommy McLain,11,exact_text,1.0,ddf2b13b-6739-4eed-8c0f-b5cfe2a3e8c4,Tommy McLain,Tommy McLain,R&B
Potliquor,11,exact_text,1.0,01d09ead-4643-4ddd-a939-3e870887a07c,Potliquor,Potliquor,Rock
Lyn Collins,11,exact_text,1.0,dba14974-c3a7-43db-8de4-cfa996c1b05c,Lyn Collins,Lyn Collins,R&B
Demis Roussos,11,exact_text,1.0,b3fa1a75-d947-4f32-9f5d-dc72d7438afa,Demis Roussos,Demis Roussos,"Country, Pop, Rock"
Desmond Child And Rouge,11,exact_text,1.0,de28a646-be9a-4fed-862e-1a60e41c2f0c,Desmond Child & Rouge,Desmond Child & Rouge,"Pop, R&B, Rock"
Herman Brood,11,exact_text,1.0,b6a8f165-b329-433e-8904-06aec124266f,Herman Brood,Herman Brood,Rock
Rodney Crowell,11,exact_text,1.0,a201fa9d-5896-423d-b629-327228c62a7c,Rodney Crowell,Rodney Crowell,Country
Split Enz,11,exact_text,1.0,2bbdc83c-3d4d-44f4-8e26-6bc748d358dd,Split Enz,Split Enz,"Pop, Rock"
Marshall Crenshaw,11,exact_text,1.0,3a389027-814a-4f99-8f12-44e5276595cf,Marshall Crenshaw,Marshall Crenshaw,"Country, Pop, Rock"
Afrika Bambaataa & The Soul Sonic Force,11,fuzzy,0.9351,3c92c119-b8fb-414c-bb09-9bfbfc189432,Afrika Bambaataa & Soulsonic Force,Afrika Bambaataa & Soulsonic Force,"Electronic, Hip-Hop"
Josie Cotton,11,exact_text,1.0,aa0e428a-6e55-4079-bbcb-c5aa73f1f902,Josie Cotton,Josie Cotton,"Pop, Rock"
Belouis Some,11,exact_text,1.0,05ee3560-9587-4eed-bc09-bec3bdeaced2,Belouis Some,Belouis Some,"Pop, Rock"
Yello,11,exact_text,1.0,c616aef1-e21f-46f8-864f-b7bad96f41b2,Yello,Yello,"Electronic, Pop, Rock"
Indigo Girls,11,exact_text,1.0,00c49f40-d715-4b79-b223-432048602cce,Indigo Girls,Indigo Girls,Country
Marcia Griffiths,11,exact_text,1.0,f7fb3771-3dc1-4b7b-b144-7f0a43fa1422,Marcia Griffiths,Marcia Griffiths,Country
Sydney Youngblood,11,exact_text,1.0,deee48aa-f583-4a33-8fe2-3d9690c0adf3,Sydney Youngblood,Sydney Youngblood,Electronic
Daisy Dee,11,exact_text,1.0,2519503f-2327-4452-890a-9f9302361eb2,Daisy Dee,Daisy Dee,"Electronic, Hip-Hop, Pop"
Dr. Alban,11,exact_text,1.0,85a3072a-08eb-43a4-a57d-f7084503ee4c,Dr. Alban,Dr. Alban,"Country, Hip-Hop, Pop"
Jill Sobule,11,exact_text,1.0,2b2df5fd-7d41-4d78-a456-62c738bb4d9c,Jill Sobule,Jill Sobule,Country
Yaki-Da,11,exact_text,1.0,c3353d27-ad89-4aa3-8d0a-64ca631fae84,Yaki-Da,Yaki-Da,Pop
Tim Rushlow,11,exact_text,1.0,30c01706-b4ae-4fe0-9d38-1f54f01e6c36,Tim Rushlow,Tim Rushlow,"Country, Jazz"
X-Ecutioners,11,fuzzy,0.9565,9bb0ae46-c22c-499f-915f-9b4fc8d4f767,X‐Ecutioners,X‐Ecutioners,Hip-Hop
Soluna,11,exact_text,1.0,810a0d6d-564c-425b-84b9-f906e37bd0b4,Soluna,Soluna,"Hip-Hop, Pop"
Jermaine Dupri,11,exact_text,1.0,fb75bc76-a50b-4d3a-b060-63092a4c6bbf,Jermaine Dupri,Jermaine Dupri,"Hip-Hop, R&B"
Romeo Santos Featuring Drake,11,exact_text,1.0,35f343df-3b87-4475-b0e4-d2ba5cc26eea,Romeo Santos,Romeo Santos,"Country, Pop"
Dawin,11,exact_text,1.0,6d670145-5d7b-4154-b66d-34bbe644476d,Dawin,Dawin,"Electronic, Hip-Hop, Pop, R&B"
Nipsey Hussle Featuring Roddy Ricch & Hit-Boy,11,exact_text,1.0,410bbb19-8309-4a0b-9f87-3d65bde4a826,Nipsey Hussle,Nipsey Hussle,Hip-Hop
Jody Reynolds,10,exact_text,1.0,2ec1b269-51b4-4876-b0d0-17c0374f9d93,Jody Reynolds,Jody Reynolds,Rock
Sammy Kaye And His Orchestra,10,exact_text,1.0,65e3ba0c-0191-4f35-9d38-6209c493ee19,Sammy Kaye and His Orchestra,Sammy Kaye and His Orchestra,Jazz
Jack Nitzsche,10,exact_text,1.0,28a20b09-5ef7-4f81-878a-a5d8aef5ab1c,Jack Nitzsche,Jack Nitzsche,"Electronic, Pop, Rock"
Boots Randolph,10,exact_text,1.0,7b10ba94-21c3-4abb-802c-fe4984817504,Boots Randolph,Boots Randolph,Country
Vic Damone,10,exact_text,1.0,423066e2-4dcb-4014-b824-cc55933f0bf0,Vic Damone,Vic Damone,"Jazz, Pop"
Napoleon XIV,10,exact_text,1.0,21e08280-f2fe-4abf-93f9-a71a673ada9e,Napoleon XIV,Napoleon XIV,Pop
Terry Knight and The Pack,10,exact_text,1.0,6a5accb4-39d0-46b7-802d-166a30d32729,Terry Knight & The Pack,Terry Knight & The Pack,"Pop, Rock"
Desmond Dekker And The Aces,10,exact_text,1.0,ba971bf0-8316-4d0d-820b-57f4882c497f,Desmond Dekker & the Aces,Desmond Dekker & the Aces,Country
Thunderclap Newman,10,exact_text,1.0,e5ef73d3-58ce-4a71-bbf7-72cf5cb2393a,Thunderclap Newman,Thunderclap Newman,"Pop, Rock"
Kiki Dee,10,exact_text,1.0,ccb4d559-44f9-4927-9cf3-cd1530cc5bcc,Kiki Dee,Kiki Dee,"Pop, R&B"
The Rubettes,10,exact_text,1.0,af64d87b-4114-48e8-8c9a-b61b314a4bd4,The Rubettes,The Rubettes,"Pop, Rock"
Plastic Bertrand,10,exact_text,1.0,39cf1c51-8e6a-4d7a-a1f5-9ea212e66699,Plastic Bertrand,Plastic Bertrand,Rock
McGuffey Lane,10,exact_text,1.0,c0171478-1e95-4b19-98d6-b4cc6770365f,McGuffey Lane,McGuffey Lane,Country
Yoko Ono,10,exact_text,1.0,b0b33754-a664-43b7-ba00-be0dc4ec2396,Yoko Ono,Yoko Ono,"Electronic, Pop, Rock"
Jocelyn Brown,10,exact_text,1.0,6a628a50-1c5c-4d29-a13a-79a73eb012d9,Jocelyn Brown,Jocelyn Brown,"Electronic, R&B"
Barry Gibb,10,exact_text,1.0,b02e4ca5-312a-4d2e-b087-30db9d5ec579,Barry Gibb,Barry Gibb,"Country, Pop, R&B, Rock"
Freddie Mercury,10,exact_text,1.0,022589ac-7177-460d-a178-9976cf70e29f,Freddie Mercury,Freddie Mercury,"Pop, Rock"
Y&T,10,exact_text,1.0,e773e9a3-cadd-41d2-a7e9-4ca097ae5a3f,Y&T,Y&T,Rock
Howard Hewett,10,exact_text,1.0,767a8acd-5a6d-4c6e-b8a3-337c311b2b77,Howard Hewett,Howard Hewett,"Jazz, R&B"
Taja Sevelle,10,exact_text,1.0,6a274d5c-562f-4f13-bd67-eb2daa3a68d0,Taja Sevelle,Taja Sevelle,"Pop, R&B"
Soulsister,10,exact_text,1.0,217351e4-a130-49f1-aab9-99b53bf4fe9e,Soulsister,Soulsister,"Pop, R&B"
Joan Jett,10,exact_text,1.0,f376828a-b438-4fda-bb2e-dcd5fbe81f83,Joan Jett,Joan Jett,Rock
Caron Wheeler,10,exact_text,1.0,e24587e5-c4c8-4a81-a0cd-6850190f4b94,Caron Wheeler,Caron Wheeler,"Country, Pop, R&B"
Happy Mondays,10,exact_text,1.0,01f4fb92-6bf0-4de5-83dc-3fe194e763bf,Happy Mondays,Happy Mondays,Rock
MC Serch,10,exact_text,1.0,356dd158-c6db-49b4-8079-6ba807710f82,MC Serch,MC Serch,Hip-Hop
Natalie Imbruglia,10,exact_text,1.0,60530915-9371-4b16-bc31-5c4456317ae0,Natalie Imbruglia,Natalie Imbruglia,Pop
Sherrie Austin,10,exact_text,1.0,caa9d00a-8a58-45bb-ae2f-3d4167dbfa72,Sherrié Austin,Sherrié Austin,Country
Kumbia Kings Featuring A.B. Quintanilla,10,exact_text,1.0,0fea436e-be7f-49b8-aec0-1f044e8eeb27,Kumbia Kings,Kumbia Kings,"Country, Hip-Hop, Pop, R&B"
Afroman,10,exact_text,1.0,8c332797-2784-45a7-9b5c-3b86f07a03de,Afroman,Afroman,Hip-Hop
Talib Kweli,10,exact_text,1.0,bb3cbea2-5ad4-4917-bc84-8a1975d40315,Talib Kweli,Talib Kweli,Hip-Hop
Luis Fonsi,10,exact_text,1.0,d68fda90-ab8d-4799-be56-317ba4ae700f,Luis Fonsi,Luis Fonsi,"Hip-Hop, Pop, R&B"
Ghostface Killah Featuring Ne-Yo,10,exact_text,1.0,3b39abeb-0064-4eed-9ddd-ee47a45c54cb,Ghostface Killah,Ghostface Killah,Hip-Hop
Ferras,10,exact_text,1.0,5df19697-1078-4609-970c-bb0a0cede94d,Ferras,Ferras,"Pop, Rock"
Framing Hanley,10,exact_text,1.0,7f616512-e114-433f-86c1-4c8fe9f7fe2c,Framing Hanley,Framing Hanley,Rock
Madcon,10,exact_text,1.0,2da9b8e3-e2de-4599-aa30-bf47e35e3fc0,Madcon,Madcon,"Electronic, Hip-Hop, Pop"
Kreayshawn,10,exact_text,1.0,b87b38cc-b446-4a0c-968a-addb0e244c9d,Kreayshawn,Kreayshawn,Hip-Hop
Mindless Behavior Featuring Diggy,10,exact_text,1.0,b5ddbf00-9166-41a2-ba10-4e80b029dab6,Mindless Behavior,Mindless Behavior,"Hip-Hop, Pop, R&B"
Tucker Beathard,10,exact_text,1.0,3f0f0163-c21a-4f89-b21c-a5e42a6606e1,Tucker Beathard,Tucker Beathard,"Country, Rock"
Tyler Childers,10,exact_text,1.0,9947e874-ddd0-4e1a-b0d4-a76f6532fe45,Tyler Childers,Tyler Childers,Country
Rich Amiri,10,exact_text,1.0,8ae4189a-67e8-4466-91cb-8902f2b72ab2,Rich Amiri,Rich Amiri,"Hip-Hop, R&B"
Cynthia Erivo Featuring Ariana Grande,10,exact_text,1.0,752bebd2-b44c-41bb-8a21-bdf3cd1b5518,Cynthia Erivo,Cynthia Erivo,"Pop, R&B"
Johnnie Ray,9,exact_text,1.0,a74dcc96-ed1b-4b0c-8492-cc5345d629d8,Johnnie Ray,Johnnie Ray,"Jazz, Pop, Rock"
Tommy Sands,9,exact_text,1.0,5247e3c6-2989-46cc-800f-c4f6d39e4b1e,Tommy Sands,Tommy Sands,"Country, Pop, Rock"
Stan Kenton,9,exact_text,1.0,f19ce47e-2ceb-484c-9c4d-c04dcc7aff7e,Stan Kenton,Stan Kenton,Jazz
Boots Randolph and his Combo,9,exact_text,1.0,9ea0e8b6-62ec-417a-a348-6fbec17bf500,Boots Randolph and His Combo,Boots Randolph and His Combo,Country
Ray Barretto,9,exact_text,1.0,169153fd-ba80-401a-8ccd-2825efaf9155,Ray Barretto,Ray Barretto,Jazz
Count Basie,9,exact_text,1.0,0dbd6300-efdc-420b-857e-895e18fad317,Count Basie,Count Basie,Jazz
Norma Tanega,9,exact_text,1.0,6afd770e-8d2a-4243-b1fc-d9c22f11e428,Norma Tanega,Norma Tanega,"Country, Electronic, Jazz, Pop"
Walter Wanderley,9,exact_text,1.0,9e031ad0-8f7f-44ab-905e-6ed093eca2e3,Walter Wanderley,Walter Wanderley,"Jazz, Pop"
Jimmy Castor,9,exact_text,1.0,913b6dab-7bda-43d2-80df-254eebb5314e,Jimmy Castor,Jimmy Castor,R&B
Miguel Rios,9,exact_text,1.0,cfd5e4f3-e73d-4f8e-a315-6b99c7b1c3f7,Miguel Ríos,Miguel Ríos,"Jazz, Pop, Rock"
Emitt Rhodes,9,exact_text,1.0,87fa7ab0-2720-46c4-8926-900f4d916e66,Emitt Rhodes,Emitt Rhodes,"Pop, Rock"
Susan Raye,9,exact_text,1.0,db5a16ec-c9ca-4698-9044-c89fd46c92bf,Susan Raye,Susan Raye,Country
Valerie Simpson,9,exact_text,1.0,03f97204-818e-45e0-b3d5-1108a52789ba,Valerie Simpson,Valerie Simpson,R&B
Shawn Phillips,9,exact_text,1.0,a8e1ce2e-8b10-4bc3-b212-fa3f21a1f053,Shawn Phillips,Shawn Phillips,Country
Edgar Winter,9,exact_text,1.0,c927b0e2-072c-4dbd-aaf5-d92aa57841dc,Edgar Winter,Edgar Winter,"Jazz, Pop, R&B, Rock"
Odia Coates,9,exact_text,1.0,b0e5edbd-40e0-4d3a-b1a4-d7c7bde21b0f,Odia Coates,Odia Coates,Pop
Jonathan Cain,9,exact_text,1.0,cf933e60-92da-4140-bddb-694e7e49f61f,Jonathan Cain,Jonathan Cain,"Pop, Rock"
Dana Valery,9,exact_text,1.0,44013bba-371c-4fdd-b793-ab6c93bb7590,Dana Valery,Dana Valery,"Pop, R&B"
Louise Goffin,9,exact_text,1.0,9e255b05-925a-444c-9da9-2629a7c5894a,Louise Goffin,Louise Goffin,"Pop, Rock"
Ronnie Laws,9,exact_text,1.0,e26aa662-2255-4435-8332-85097f8aba0b,Ronnie Laws,Ronnie Laws,Jazz
O'Bryan,9,fuzzy,0.9231,077b59a9-926f-4ed2-ac88-243d9e76c3ae,O’Bryan,O’Bryan,"Jazz, Pop, R&B"
Walter Murphy,9,exact_text,1.0,c48af196-bab1-4505-9256-0922adac0fe2,Walter Murphy,Walter Murphy,"Jazz, Pop, R&B"
Nick Lowe And His Cowboy Outfit,9,exact_text,1.0,a09b39f1-5b08-4e6e-bf24-d9180e0d8182,Nick Lowe and His Cowboy Outfit,Nick Lowe and His Cowboy Outfit,"Pop, Rock"
Doug Stone,9,exact_text,1.0,0446078e-3898-4a6a-813f-3247b95d0b0a,Doug Stone,Doug Stone,Country
Da Youngsta's,9,fuzzy,0.96,0cd4b62f-f9eb-4f3c-811e-432bd40e83d6,Da Youngsta’s,Da Youngsta’s,Hip-Hop
Twinz,9,exact_text,1.0,bd9599df-e57f-42a3-9281-6e7d36779a06,Twinz,Twinz,Hip-Hop
Edwyn Collins,9,exact_text,1.0,14c0c282-e0c1-46fe-acd1-9a015ba721c5,Edwyn Collins,Edwyn Collins,"Pop, Rock"
Mindy McCready,9,exact_text,1.0,05950280-7d03-4816-aecb-438c9e4cb312,Mindy McCready,Mindy McCready,Country
Las Ketchup,9,exact_text,1.0,5c6f6348-15b5-4eb5-a8ae-d8a3ee3354a1,Las Ketchup,Las Ketchup,Pop
Killer Mike Featuring Big Boi,9,exact_text,1.0,47864525-aea7-439a-800f-17c57e51cbcc,Killer Mike,Killer Mike,"Hip-Hop, R&B"
Jane's Addiction,9,fuzzy,0.9677,e3434cc7-d348-491a-9dc8-325af3d9086d,Jane’s Addiction,Jane’s Addiction,Rock
RBD,9,exact_text,1.0,5bae9c05-fabd-420f-b806-c5b8ba88bd7e,RBD,RBD,Pop
Thriving Ivory,9,exact_text,1.0,2017e87a-60f7-46d7-b2bc-8c4ad5e14bfd,Thriving Ivory,Thriving Ivory,"Pop, Rock"
BROCKHAMPTON,9,exact_text,1.0,3ac96b4c-4f42-48c8-b793-84dbf54d7ac6,BROCKHAMPTON,BROCKHAMPTON,"Hip-Hop, R&B"
42 Dugg Featuring Future,9,exact_text,1.0,4214aa04-64b0-442a-982b-0560e6d3a5bd,42 Dugg,42 Dugg,Hip-Hop
$uicideboy$,9,exact_text,1.0,ef326b3d-61f0-4379-aca0-21237d696d63,$uicideboy$,$uicideboy$,Hip-Hop
Ty Myers,9,exact_text,1.0,4b37e8d8-af26-438b-9ec9-bd5c0d4c91d6,Ty Myers,Ty Myers,"Country, Jazz, R&B, Rock"
Gavin Adcock,9,exact_text,1.0,4a75faf4-995d-42dd-88b6-e5ff2d61e791,Gavin Adcock,Gavin Adcock,"Country, Rock"
Marty Wilde,8,exact_text,1.0,ffbd09fd-30ca-4941-8e83-968c31076891,Marty Wilde,Marty Wilde,"Pop, Rock"
Pete Seeger,8,exact_text,1.0,af18a9bc-e4ab-4068-9489-b64e8186fcf1,Pete Seeger,Pete Seeger,Country
Lucille Starr,8,exact_text,1.0,71b29def-bf79-4a06-bb1f-7210d505805c,Lucille Starr,Lucille Starr,Country
Harold Betters,8,exact_text,1.0,d5291b4c-4a60-495c-82dc-71446c3e9423,Harold Betters,Harold Betters,"Jazz, Pop, R&B"
Neal Hefti,8,exact_text,1.0,75770f14-cbe0-4b06-8825-14797098ff2a,Neal Hefti,Neal Hefti,Jazz
Erma Franklin,8,exact_text,1.0,4ba12614-fcce-462b-8784-8dd1a92fbf2b,Erma Franklin,Erma Franklin,R&B
Paul Mauriat,8,exact_text,1.0,87496c04-c857-4bd5-b86b-345129a1be63,Paul Mauriat,Paul Mauriat,"Pop, Rock"
Bert Sommer,8,exact_text,1.0,74c27726-4f07-4adc-8f6d-1f6351c967b3,Bert Sommer,Bert Sommer,"Country, Pop"
Whatnauts,8,exact_normalized,1.0,86c0f463-b054-4b10-a204-cdcc6538c7f5,The Whatnauts,The Whatnauts,R&B
Peter Skellern,8,exact_text,1.0,ac550643-5f8a-4d0d-a3e0-d5969b9b641c,Peter Skellern,Peter Skellern,Pop
Mother's Finest,8,fuzzy,0.9655,7b38a145-7137-4c61-8d04-89ade521a6fc,Mother’s Finest,Mother’s Finest,"R&B, Rock"
Graham Parker And The Rumour,8,exact_text,1.0,c4e861e5-42d5-4d9c-ac84-4862ed12f585,Graham Parker & The Rumour,Graham Parker & The Rumour,"R&B, Rock"
Gene Simmons,8,exact_text,1.0,96a1182f-e8e6-4df6-a811-82cb67d4565c,Gene Simmons,Gene Simmons,Rock
Fern Kinney,8,exact_text,1.0,b97d3b5f-f939-4559-9782-5890a9b64963,Fern Kinney,Fern Kinney,R&B
Russ Ballard,8,exact_text,1.0,f0bea941-5c7e-4253-ad43-5ba3c5a5f14d,Russ Ballard,Russ Ballard,"Pop, Rock"
Larry Carlton,8,exact_text,1.0,f1f81989-dfa9-4bd3-805e-dcf3900c43e3,Larry Carlton,Larry Carlton,"Jazz, Pop"
Twilight 22,8,exact_text,1.0,68806e7e-8952-4c29-9481-f3470da10106,Twilight 22,Twilight 22,Electronic
LaToya Jackson,8,exact_text,1.0,7a0a724b-6c98-4a7a-9991-2faf659d3f8b,LaToya Jackson,LaToya Jackson,"Electronic, Pop, R&B"
George Thorogood & The Destroyers,8,exact_text,1.0,bc01f01c-a401-40d8-9472-b377ac33af05,George Thorogood & the Destroyers,George Thorogood & the Destroyers,Rock
Marillion,8,exact_text,1.0,1932f5b6-0b7b-4050-b1df-833ca89e5f44,Marillion,Marillion,Rock
Michelle Shocked,8,exact_text,1.0,e2f41b6e-7045-44e8-86bf-deee758532e2,Michelle Shocked,Michelle Shocked,Country
Marc Almond,8,exact_text,1.0,d67e6b0a-d2c6-4e4a-ba30-7834701535a1,Marc Almond,Marc Almond,"Pop, Rock"
Adrian Belew,8,exact_text,1.0,73c3f499-60e2-44e1-81dd-7fe2191461fa,Adrian Belew,Adrian Belew,Rock
John Farnham,8,exact_text,1.0,3b81f816-bdcb-42d0-a0dd-1aa4fc4e19ec,John Farnham,John Farnham,"Pop, R&B"
Lidell Townsell & M.T.F.,8,exact_text,1.0,6cac51a9-c93d-414e-aaa7-b65f17342cfa,Lidell Townsell & M.T.F.,Lidell Townsell & M.T.F.,"Electronic, R&B"
MC Eiht,8,exact_text,1.0,103555b8-ae47-4e99-8fc3-e31bdfd7854e,MC Eiht,MC Eiht,Hip-Hop
Deep Forest,8,exact_text,1.0,67468e38-0c90-4318-b2d2-0c18b7b1e144,Deep Forest,Deep Forest,"Country, Electronic"
Edie Brickell,8,exact_text,1.0,070473e5-b214-4d6f-a7ca-bc7b84c94fca,Edie Brickell,Edie Brickell,"Country, Rock"
Jamiroquai,8,exact_text,1.0,f4857fb9-e255-4dc6-bd01-e4ca7cc68544,Jamiroquai,Jamiroquai,"Electronic, Jazz, R&B"
Sweetbox,8,exact_text,1.0,6a987199-99f9-4531-960f-16e18002bd80,sweetbox,sweetbox,"Electronic, Hip-Hop, Pop, R&B"
6LACK,8,exact_text,1.0,07832b42-8826-4ab1-acd3-c49a2f595ffe,6LACK,6LACK,"Hip-Hop, R&B"
Loud Luxury Featuring Brando,8,exact_text,1.0,4c445344-9df2-407e-9bf3-8a5c0b86777e,Loud Luxury,Loud Luxury,Electronic
Ant Saunders,8,exact_text,1.0,0443fb76-2a30-433a-b28e-606f6303f86e,Ant Saunders,Ant Saunders,"Pop, R&B"
Ivan Cornejo,8,exact_text,1.0,81a9fcc1-a954-4749-90d8-5a39001d18ad,Ivan Cornejo,Ivan Cornejo,Country
Ed Sheeran & Elton John,8,exact_text,1.0,033d1bf3-bd3a-45d5-a03e-30087023e2ff,Ed Sheeran & Elton John,Ed Sheeran & Elton John,"Country, Pop"
Libianca,8,exact_text,1.0,6f73cf76-8550-459d-935a-d9b932b4266b,Libianca,Libianca,R&B
Nicola Paone,7,exact_text,1.0,1fa8b424-118c-4256-99af-b5865c323615,Nicola Paone,Nicola Paone,Country
Marvin Rainwater,7,exact_text,1.0,7089f88e-6d18-48df-bfe1-62d23e88f404,Marvin Rainwater,Marvin Rainwater,"Country, Pop, Rock"
Rosco Gordon,7,exact_text,1.0,440981eb-1c1e-43b7-a0bc-518bc9297a0c,Rosco Gordon,Rosco Gordon,"Jazz, R&B"
The Merry-Go-Round,7,fuzzy,0.9412,2f05bc67-6acd-42b3-8b42-7ad6a6507772,The Merry‐Go‐Round,The Merry‐Go‐Round,"Pop, Rock"
Autry Inman,7,exact_text,1.0,ebf28e48-1176-456c-80ec-e96c292ea077,Autry Inman,Autry Inman,Country
Hello People,7,exact_text,1.0,74afda69-9e33-4faa-af36-f9d0a5a871d1,Hello People,Hello People,"Pop, Rock"
Robin Trower,7,exact_text,1.0,6605c2c6-f115-486c-8b1a-b786882de463,Robin Trower,Robin Trower,Rock
Carrie Lucas,7,exact_text,1.0,0ec56df8-abd0-4e07-b5de-5caff7e42746,Carrie Lucas,Carrie Lucas,"Electronic, R&B"
Pat Travers,7,exact_text,1.0,71fd1b0d-4f63-4060-95d9-afbc80ddffc2,Pat Travers,Pat Travers,Rock
Zapp,7,exact_text,1.0,e89e79d4-04c1-4bc3-9be1-a15899c93d8f,Zapp,Zapp,"Electronic, R&B"
Sherbs,7,exact_text,1.0,19d6d29f-06e9-4b56-ba3e-b361e01a9548,Sherbs,Sherbs,"Pop, R&B, Rock"
Garland Jeffreys,7,exact_text,1.0,6123044a-f551-4c68-8d28-64c40035172c,Garland Jeffreys,Garland Jeffreys,"Country, Jazz, R&B, Rock"
Aurra,7,exact_text,1.0,4ec7c9bb-9ddc-4e43-9a8c-5806e91740c1,Aurra,Aurra,"Electronic, Pop, R&B"
Grandmaster Flash,7,exact_text,1.0,7db590cd-d7e6-4b36-b4e7-e8209426b02d,Grandmaster Flash,Grandmaster Flash,"Electronic, Hip-Hop, R&B"
Judas Priest,7,exact_text,1.0,6b335658-22c8-485d-93de-0bc29a1d0349,Judas Priest,Judas Priest,Rock
David Gilmour,7,exact_text,1.0,1dce970e-34bc-48b2-ab51-48d87544a4c2,David Gilmour,David Gilmour,Rock
Jules Shear,7,exact_text,1.0,3b88a652-36b2-4158-bec5-9d6fee5ef655,Jules Shear,Jules Shear,Pop
Toni Childs,7,exact_text,1.0,dc4dd336-2299-4d7d-9514-b4f2cd8d0297,Toni Childs,Toni Childs,"Pop, Rock"
Richie Sambora,7,exact_text,1.0,3ae4a23a-80a2-408f-9079-d6571c2525ae,Richie Sambora,Richie Sambora,"Country, Rock"
Gravediggaz,7,exact_text,1.0,7010fbf2-cbfd-4625-b0ef-a7efb9285320,Gravediggaz,Gravediggaz,Hip-Hop
Rusted Root,7,exact_text,1.0,eec37ec3-79f5-4158-bed8-370ccb4aa295,Rusted Root,Rusted Root,"Country, Rock"
Funkmaster Flex Featuring DMX,7,exact_text,1.0,de9e1687-377f-4559-8133-6fe5986dd95c,Funkmaster Flex,Funkmaster Flex,Hip-Hop
Darren Hayes,7,exact_text,1.0,ec21de7d-2288-4640-a015-edecf6ac147f,Darren Hayes,Darren Hayes,"Electronic, Pop"
Crazy Frog,7,exact_text,1.0,3df914b9-e0bc-493c-875a-c412f84ecdad,Crazy Frog,Crazy Frog,Pop
Lindsay Lohan,7,exact_text,1.0,63b43c69-b822-4268-bdad-bcde12531f50,Lindsay Lohan,Lindsay Lohan,Pop
Swizz Beatz,7,exact_text,1.0,698ff525-ff51-4206-8f08-60a7458aab24,Swizz Beatz,Swizz Beatz,Hip-Hop
K'Naan,7,fuzzy,0.9091,ee421ee4-f861-405d-8730-29cb512dfdbd,K’naan,K’naan,Country
Dia Frampton,7,exact_text,1.0,fe3399b8-16c1-4e96-8f06-331072cb61bf,Dia Frampton,Dia Frampton,Country
Sawyer Fredericks,7,exact_text,1.0,d443bf6c-501a-44f2-acdf-689f2ef28a67,Sawyer Fredericks,Sawyer Fredericks,"Country, Jazz"
Tech N9ne Featuring 2 Chainz & B.o.B,7,exact_text,1.0,dde3d9b1-0e44-48bc-b0c9-d739b3570000,Tech N9ne,Tech N9ne,"Hip-Hop, Rock"
Rag'n'Bone Man,7,fuzzy,0.9231,37993cdf-f61a-488f-8cca-07e03b8aaa02,Rag’n’Bone Man,Rag’n’Bone Man,"Jazz, Pop, R&B"
Bhad Bhabie,7,exact_text,1.0,a9d2cd95-8441-4cd3-a2f5-d0e9304fc40e,Bhad Bhabie,Bhad Bhabie,Hip-Hop
Priscilla Block,7,exact_text,1.0,39c0b99a-7e0e-42c7-94e2-14dc7c99a019,Priscilla Block,Priscilla Block,Country
Lucky Daye,7,exact_text,1.0,a7472b5e-9b6e-48a6-b910-37c940487086,Lucky Daye,Lucky Daye,R&B
Omar Apollo,7,exact_text,1.0,0b966a38-5ad9-43c1-b86b-c07079523165,Omar Apollo,Omar Apollo,R&B
MGK,7,exact_text,1.0,f6af669a-56ea-448a-a044-de76181ada33,mgk,mgk,"Hip-Hop, Rock"
Arthur Lyman,6,exact_text,1.0,20374192-9f2e-475a-b423-9aa2d5834875,Arthur Lyman,Arthur Lyman,"Country, Jazz"
Bobby Comstock And The Counts,6,exact_text,1.0,293de855-a862-4b0a-99b9-5a8e48ea4554,Bobby Comstock & The Counts,Bobby Comstock & The Counts,"Pop, Rock"
Frank DeVol And His Rainbow Strings,6,fuzzy,0.9296,62ca394e-c5a5-47a6-a251-d3d53274e777,Frank De Vol & The Rainbow Strings,Frank De Vol & The Rainbow Strings,"Jazz, Pop"
Thelma Carpenter,6,exact_text,1.0,679df852-9630-4523-a704-b46bf64f647a,Thelma Carpenter,Thelma Carpenter,Jazz
Micky Dolenz,6,exact_text,1.0,e97b6d05-3020-48e2-ac8b-29b71add512b,Micky Dolenz,Micky Dolenz,"Pop, Rock"
Albert King,6,exact_text,1.0,10f89195-3af1-46f5-aa36-504aa3309f5a,Albert King,Albert King,"Jazz, R&B"
Eivets Rednow,6,exact_text,1.0,85db5120-7b1d-4b18-be06-630840398fbc,Eivets Rednow,Eivets Rednow,R&B
Peter Sarstedt,6,exact_text,1.0,4889bd79-347c-448d-92e7-54620fab9dfe,Peter Sarstedt,Peter Sarstedt,"Country, Pop"
Conway Twitty & Loretta Lynn,6,exact_text,1.0,eccda029-2b09-4cad-ac07-44fed76ddfbc,Conway Twitty & Loretta Lynn,Conway Twitty & Loretta Lynn,"Country, Rock"
Donald Byrd,6,exact_text,1.0,69f95e5c-4b34-4c8b-b8fe-c59f9296195a,Donald Byrd,Donald Byrd,Jazz
NRBQ,6,exact_text,1.0,4777dc1b-2533-4189-9062-c1b2b477d5c5,NRBQ,NRBQ,"Country, Jazz, Pop, R&B, Rock"
Hoyt Axton,6,exact_text,1.0,2e359fac-9a6b-4436-9719-6170315e0072,Hoyt Axton,Hoyt Axton,"Country, Jazz, Rock"
Bob Marley And The Wailers,6,exact_text,1.0,c296e10c-110a-4103-9e77-47bfebb7fb2e,Bob Marley & The Wailers,Bob Marley & The Wailers,Country
Gino Soccio,6,exact_text,1.0,222d2ac7-08e7-47be-8df5-49098b79caee,Gino Soccio,Gino Soccio,"Pop, R&B"
Leon Redbone,6,exact_text,1.0,954dd6e2-ee1a-4004-a8f5-fc3ac0505a5d,Leon Redbone,Leon Redbone,"Jazz, Pop"
Joan Armatrading,6,exact_text,1.0,fa598e78-5cc5-4a8b-a3b5-63934d4712c7,Joan Armatrading,Joan Armatrading,"Country, Jazz"
Jenny Burton,6,exact_text,1.0,6b16ad36-44fb-4238-bcff-48657038da0f,Jenny Burton,Jenny Burton,"Pop, R&B"
Apollonia 6,6,exact_text,1.0,fe86daf3-10ce-4964-a2a4-49114b4c772d,Apollonia 6,Apollonia 6,"Pop, R&B"
Steve Arrington,6,exact_text,1.0,0df4ba7d-f65d-48ee-a6db-e9c0821d04f4,Steve Arrington,Steve Arrington,"Pop, R&B"
Beau Coup,6,exact_text,1.0,b40af9f1-4dfa-47cc-b6eb-64e988dd3c4d,Beau Coup,Beau Coup,"Pop, Rock"
Fairground Attraction,6,exact_text,1.0,63f4a78d-009d-4579-98f6-810d15f18397,Fairground Attraction,Fairground Attraction,"Country, Pop"
XTC,6,exact_text,1.0,97c86b2c-2765-46a2-aef8-76a7e24c430f,XTC,XTC,"Pop, Rock"
Tora Tora,6,exact_text,1.0,acb5a55d-2e39-4098-962e-acbc68adc663,Tora Tora,Tora Tora,Rock
Bjork,6,exact_text,1.0,87c5dedd-371d-4a53-9f7f-80522fb7f3cb,Björk,Björk,"Electronic, Pop, Rock"
Shyheim,6,exact_text,1.0,fb09bb85-5a97-4092-b056-a9e50773974a,Shyheim,Shyheim,Hip-Hop
Tanya Blount,6,exact_text,1.0,4cece400-073b-4b2e-999e-c52b250cc487,Tanya Blount,Tanya Blount,"Country, R&B"
Aimee Mann,6,exact_text,1.0,db3c0a20-bf05-4b30-ac22-f294aea24172,Aimee Mann,Aimee Mann,Rock
Juliana Hatfield,6,exact_text,1.0,f8bf63aa-9bc9-4c03-8673-396cfd5d3cab,Juliana Hatfield,Juliana Hatfield,Rock
Lorrie Morgan,6,exact_text,1.0,5f2dc270-3205-4aef-a8ea-119fb8b87294,Lorrie Morgan,Lorrie Morgan,Country
Remy Shand,6,exact_text,1.0,4043e97e-8a69-424f-bf59-16bc8aac71e6,Remy Shand,Remy Shand,R&B
Fefe Dobson,6,exact_text,1.0,42f55e6a-7a8d-4e8f-bbc7-da411b41bd15,Fefe Dobson,Fefe Dobson,Pop
Cheyenne Kimball,6,exact_text,1.0,e19729b9-e1b3-42fd-a6dd-bbfc8686cdea,Cheyenne Kimball,Cheyenne Kimball,"Country, Pop"
Jordan Pruitt,6,exact_text,1.0,78a4c050-c724-45a6-b98a-d05ae56c63e3,Jordan Pruitt,Jordan Pruitt,Pop
MGMT,6,exact_text,1.0,c485632c-b784-4ee9-8ea1-c5fb365681fc,MGMT,MGMT,"Pop, Rock"
Javier Colon,6,exact_text,1.0,2c82d814-6ee6-4ed3-a9f7-0799b5f0ffd9,Javier Colon,Javier Colon,"Country, R&B, Rock"
Edens Edge,6,exact_text,1.0,d2a498f2-f813-4b03-b3f9-22bac5bd5419,Edens Edge,Edens Edge,Country
Bonnie McKee,6,exact_text,1.0,0faaba05-d9b3-4bde-85d1-bbbbcb838ece,Bonnie McKee,Bonnie McKee,"Electronic, Pop"
Jess Glynne,6,exact_text,1.0,89ccd7c3-b4f8-45a6-a53f-e903eaaf96be,Jess Glynne,Jess Glynne,"Electronic, Pop, R&B"
Key Glock,6,exact_text,1.0,c5460e21-d5e7-4e26-ab4c-ba9c627809f8,Key Glock,Key Glock,Hip-Hop
Lay Bankz,6,exact_text,1.0,e5a2ad03-b5bd-4c56-97ce-bb574f00a19e,Lay Bankz,Lay Bankz,"Hip-Hop, R&B"
Adrian Kimberly,5,exact_text,1.0,8ce8b9bb-cb30-4e7e-8e15-786437fc2b2c,Adrian Kimberly,Adrian Kimberly,"Country, Pop, Rock"
Burt Bacharach,5,exact_text,1.0,2882ffa3-dec9-4055-a842-a950728bcb02,Burt Bacharach,Burt Bacharach,Pop
Lefty Frizzell,5,exact_text,1.0,bc1c9fba-bb4a-4f4a-91d2-ecf891376434,Lefty Frizzell,Lefty Frizzell,"Country, Jazz"
Nella Dodds,5,exact_text,1.0,7b2fd7b7-00f6-42d8-aaa3-98e737f88c7b,Nella Dodds,Nella Dodds,R&B
Cal Tjader,5,exact_text,1.0,1015b5e3-8e3d-4d78-806a-c530cf742e66,Cal Tjader,Cal Tjader,Jazz
Jeannie Seely,5,exact_text,1.0,38491b0f-7994-46bc-9b45-80c72d8436d4,Jeannie Seely,Jeannie Seely,Country
Marlena Shaw,5,exact_text,1.0,f94db5b3-9260-4e81-9d35-6806e50c713f,Marlena Shaw,Marlena Shaw,"Jazz, R&B"
Bill Wyman,5,exact_text,1.0,2d33fef2-f1c4-4123-af0e-12fd690b3687,Bill Wyman,Bill Wyman,"Jazz, Rock"
Hamilton Camp,5,exact_text,1.0,c3bb4161-072f-4153-ac33-3c9c26522464,Hamilton Camp,Hamilton Camp,"Country, Electronic"
Johnny Winter,5,exact_text,1.0,8300d0fa-d120-47f6-a84e-91f140c74767,Johnny Winter,Johnny Winter,"Jazz, Rock"
Susan Jacks,5,exact_text,1.0,d35f89cc-0ef4-431a-9334-5758b90992c9,Susan Jacks,Susan Jacks,Pop
Nektar,5,exact_text,1.0,8a5c294f-8d3b-452d-a6f9-6332cfb408f3,Nektar,Nektar,Rock
Shirley Caesar,5,exact_text,1.0,2bb81df0-e9e2-42ee-9708-d30b0c85d946,Shirley Caesar,Shirley Caesar,R&B
Yvonne Fair,5,exact_text,1.0,0333f705-90bb-4858-a8d3-ee1b3cb29143,Yvonne Fair,Yvonne Fair,R&B
Judy Cheeks,5,exact_text,1.0,26348c6b-16ab-4460-82c8-4490be11141e,Judy Cheeks,Judy Cheeks,"Electronic, R&B"
Debra Laws,5,exact_text,1.0,41ba646f-120c-4518-bdd7-d8379aae9326,Debra Laws,Debra Laws,R&B
Ultravox,5,exact_text,1.0,7e786a4c-c743-4713-9340-a6f12d8515d4,Ultravox,Ultravox,"Pop, Rock"
Rubber Rodeo,5,exact_text,1.0,35ee9b9d-aed7-4739-86a8-b97a7551a812,Rubber Rodeo,Rubber Rodeo,"Country, Rock"
Evelyn Thomas,5,exact_text,1.0,581d0ede-1cc9-4457-91f0-a5df738e9a31,Evelyn Thomas,Evelyn Thomas,"Pop, R&B"
UTFO,5,exact_text,1.0,848a1f71-c8b5-458b-8b05-a20ea1e962de,UTFO,UTFO,Hip-Hop
Julio Iglesias Featuring Stevie Wonder,5,exact_text,1.0,3be4099e-f180-4038-af84-ae18a09eab02,Julio Iglesias,Julio Iglesias,Pop
Midge Ure,5,exact_text,1.0,24cac374-29bd-499f-a0f8-72165d2f2f43,Midge Ure,Midge Ure,"Pop, Rock"
Funkdoobiest,5,exact_text,1.0,2a1a72fc-b9e1-40b2-823e-77c81b4b1062,Funkdoobiest,Funkdoobiest,Hip-Hop
Smif-N-Wessun,5,fuzzy,0.9167,6177f8df-469c-4e9d-a09f-524b29c4d849,Smif‐n‐Wessun,Smif‐n‐Wessun,Hip-Hop
Sammy Kershaw,5,exact_text,1.0,55815bb6-ed69-4e5b-83d8-5408b48254a5,Sammy Kershaw,Sammy Kershaw,Country
Pharoahe Monch,5,exact_text,1.0,a4d62ced-2f87-488a-9c76-ab88ea7a2cbf,Pharoahe Monch,Pharoahe Monch,Hip-Hop
St. Lunatics,5,exact_text,1.0,51da3924-90e9-41fb-be47-58f30176a101,St. Lunatics,St. Lunatics,Hip-Hop
Pastor Troy Featuring Ms. Jade,5,exact_text,1.0,a016df3e-736e-415d-8026-d4c15552bbc1,Pastor Troy,Pastor Troy,Hip-Hop
Dilated Peoples Featuring Kanye West,5,exact_text,1.0,c71abd83-9d66-4c7b-9f0d-c9c36e85a955,Dilated Peoples,Dilated Peoples,Hip-Hop
Remy Ma,5,exact_text,1.0,1e882508-f664-4abb-919a-8e266f2fad63,Remy Ma,Remy Ma,Hip-Hop
Don Omar,5,exact_text,1.0,afbdfac9-2955-4404-ae22-c08bf1c1b51e,Don Omar,Don Omar,Hip-Hop
Trent Tomlinson,5,exact_text,1.0,db67b3ae-42e8-4cb3-87ec-b0a9238ad12a,Trent Tomlinson,Trent Tomlinson,Country
Corbin Bleu,5,exact_text,1.0,393e3b99-a8dc-497c-81e7-f41f4fb49244,Corbin Bleu,Corbin Bleu,"Electronic, Pop, R&B"
DragonForce,5,exact_text,1.0,ef58d4c9-0d40-42ba-bfab-9186c1483edd,DragonForce,DragonForce,Rock
Melanie Martinez,5,exact_text,1.0,0df563ec-1a79-486e-a46d-5b9862a40311,Melanie Martinez,Melanie Martinez,"Electronic, Pop"
Jonas Blue Featuring Dakota,5,exact_text,1.0,17678771-5799-4017-851a-319f25b6948d,Jonas Blue,Jonas Blue,"Electronic, Pop"
Ben Rector,5,exact_text,1.0,9f478f13-554c-49fc-b5f6-fcf110010c39,Ben Rector,Ben Rector,"Country, Pop"
Galantis,5,exact_text,1.0,a7229e38-bab7-48c1-9f35-9b4c49738b0f,Galantis,Galantis,Electronic
Hey Violet,5,exact_text,1.0,dda7dcb6-154e-471e-a28d-6acbe11c7f2d,Hey Violet,Hey Violet,"Electronic, Pop, Rock"
Sofi Tukker Featuring NERVO| The Knocks & Alisa Ueno,5,exact_text,1.0,4ac723f4-8be8-4a0d-a3ae-d5dda20f0a9a,Sofi Tukker,Sofi Tukker,Electronic
Runaway June,5,exact_text,1.0,6edbfdce-57ec-4181-bdbd-ace81b52b694,Runaway June,Runaway June,Country
JENNIE,5,exact_text,1.0,779351de-0da5-4943-928b-495a3c40e8c0,JENNIE,JENNIE,"Hip-Hop, Pop, R&B"
Ariana Grande & Cynthia Erivo,5,exact_text,1.0,818493bd-e032-4927-94b5-c639c9afcbb2,Ariana Grande & Cynthia Erivo,Ariana Grande & Cynthia Erivo,"Pop, R&B"
Augie Rios,4,exact_text,1.0,03a62df3-6ca1-4edc-9daa-cf6cae086f3c,Augie Rios,Augie Rios,"Pop, Rock"
Bobby Vee and The Shadows,4,exact_text,1.0,d9bb20bc-9716-4087-be76-59251224e115,Bobby Vee & The Shadows,Bobby Vee & The Shadows,"Pop, Rock"
Mitch Miller,4,exact_text,1.0,99f8c41c-4edc-433c-8620-5e9b90f3c084,Mitch Miller,Mitch Miller,Pop
Frankie Lymon,4,exact_text,1.0,8e4bd349-122c-4490-b33e-d556d9824124,Frankie Lymon,Frankie Lymon,"Pop, R&B, Rock"
Otis Williams And His Charms,4,fuzzy,0.9286,30e81941-562a-4342-9d62-246cc9cf29bd,Otis Williams & the Charms,Otis Williams & the Charms,R&B
Rockin' Rebels,4,exact_text,1.0,79913806-c9ef-4f8a-8c40-2a5cd9a53ddc,Rockin' Rebels,Rockin' Rebels,Rock
Lee Morgan,4,exact_text,1.0,a1235272-3650-4ed7-9317-5a55a08701ec,Lee Morgan,Lee Morgan,Jazz
Dallas Frazier,4,exact_text,1.0,66902918-02fa-4a00-aaab-a4c37a3751ac,Dallas Frazier,Dallas Frazier,Country
Lou Donaldson,4,exact_text,1.0,db147d97-f5cf-4e80-9e1a-08ddcb1d0bf8,Lou Donaldson,Lou Donaldson,Jazz
Porter Wagoner,4,exact_text,1.0,942123a3-df28-463f-9f6e-202b69b8e253,Porter Wagoner,Porter Wagoner,R&B
MC5,4,exact_text,1.0,08b736bb-1c82-40b4-8b0b-49e2182a067a,MC5,MC5,Rock
Mavis Staples,4,exact_text,1.0,04f57a2d-2449-400e-8fff-5b1c5af9560b,Mavis Staples,Mavis Staples,R&B
Ballin' Jack,4,exact_text,1.0,611a5ad0-593a-4dbf-a628-56b65d6928ed,Ballin’ Jack,Ballin’ Jack,Rock
Ronnie Spector,4,exact_text,1.0,e0718a77-e7a0-4602-9592-a0d8d4764c32,Ronnie Spector,Ronnie Spector,"Pop, Rock"
Drupi,4,exact_text,1.0,a29d86de-91d5-46f4-b017-c28580b02cec,Drupi,Drupi,Rock
Dorothy Norwood,4,exact_text,1.0,387ed135-0389-4dbb-88cf-52ba1d780a4d,Dorothy Norwood,Dorothy Norwood,R&B
Randy Edelman,4,exact_text,1.0,7cbdfc61-30a9-4f17-b2fc-dcae3757adba,Randy Edelman,Randy Edelman,Pop
Houston Person,4,exact_text,1.0,88dce64c-3e5e-4c2a-b82c-4fb391ea8afe,Houston Person,Houston Person,Jazz
Wendy Waldman,4,exact_text,1.0,8f5ddbbf-445c-40d6-b2de-f7127057de46,Wendy Waldman,Wendy Waldman,Country
Southside Johnny & The Asbury Jukes,4,exact_text,1.0,d7bc97fb-4bd3-453b-98a1-9081f89c52f0,Southside Johnny & The Asbury Jukes,Southside Johnny & The Asbury Jukes,"Jazz, R&B, Rock"
Ellen Foley,4,exact_text,1.0,cebef2c4-a8b1-4c02-b4e1-1fd60a8e4af3,Ellen Foley,Ellen Foley,Rock
Peter Tosh,4,exact_text,1.0,7db6aae5-6644-4513-9bfc-ca2e79d4469c,Peter Tosh,Peter Tosh,Country
Julian Cope,4,exact_text,1.0,09d878d8-bc2e-4d04-b4aa-57ab614f93ab,Julian Cope,Julian Cope,Rock
Mica Paris,4,exact_text,1.0,8e999f06-978a-4bff-8f18-9832403c1da6,Mica Paris,Mica Paris,"Jazz, R&B"
Sinitta,4,exact_text,1.0,3cd38610-cab5-4d8b-8bd8-68d76b95a461,Sinitta,Sinitta,"Pop, R&B"
Jimmy Somerville,4,exact_text,1.0,09bc57df-6fc7-40f7-b7e6-2261481f801e,Jimmy Somerville,Jimmy Somerville,Electronic
Betty Boo,4,exact_text,1.0,b00ad5ac-6169-45cb-9a58-59eaed1d6e69,Betty Boo,Betty Boo,"Hip-Hop, Pop"
Eric B. & Rakim,4,exact_text,1.0,925228de-bbe5-4c7b-b76f-78e382ec9148,Eric B. & Rakim,Eric B. & Rakim,Hip-Hop
MC Ren,4,exact_text,1.0,a6f5f408-e37e-444a-a0dc-ea41a152dfcf,MC Ren,MC Ren,Hip-Hop
Rayvon,4,exact_text,1.0,991b7af2-d245-4533-bcfa-9b52cda62519,Rayvon,Rayvon,Country
Brady Seals,4,exact_text,1.0,3fdb5ffd-4bd5-45b4-9380-1d220ae7555b,Brady Seals,Brady Seals,Country
Brooklyn Bounce,4,exact_text,1.0,d0e2adbb-6b1c-4631-aa42-32462fdc2493,Brooklyn Bounce,Brooklyn Bounce,Electronic
Ms. Jade,4,exact_text,1.0,43de6887-21d9-4849-b9da-b592d1db9237,Ms. Jade,Ms. Jade,Hip-Hop
TRUSTcompany,4,exact_text,1.0,6ae8c8fe-143b-4386-882e-eb23a331f318,TRUSTcompany,TRUSTcompany,Rock
Maria Mena,4,exact_text,1.0,88679ca2-2080-4cea-8669-41ab4b8d865d,Maria Mena,Maria Mena,"Country, Pop, Rock"
Mudvayne,4,exact_text,1.0,f1c8da15-b408-4149-b863-f1cbe9971f19,Mudvayne,Mudvayne,Rock
Matt McAndrew,4,exact_text,1.0,b757ff7a-742f-4c05-926b-af2d8ee6cd29,Matt McAndrew,Matt McAndrew,"Pop, R&B, Rock"
Nate Ruess,4,exact_text,1.0,a049a513-f794-4b8d-8c3a-f106cfd22841,Nate Ruess,Nate Ruess,"Pop, Rock"
Lord Huron,4,exact_text,1.0,51c76d97-0635-433c-b26d-66beb81657f8,Lord Huron,Lord Huron,"Country, Rock"
Pusha T,4,exact_text,1.0,14ecd19f-7121-4192-8549-e5056241a42f,Pusha T,Pusha T,Hip-Hop
RealestK,4,exact_text,1.0,6cc07d10-d725-4a42-b6c2-4e8498ab3509,RealestK,RealestK,R&B
Mac DeMarco,4,exact_text,1.0,f2492c31-54a8-4347-a1fc-f81f72873bbf,Mac DeMarco,Mac DeMarco,Rock
Ozuna Featuring Feid,4,exact_text,1.0,f2651b63-a44d-4d1d-ba64-d981d971ecd1,Ozuna,Ozuna,"Hip-Hop, Pop"
Dominic Fike,4,exact_text,1.0,e337c918-098f-418e-97a2-81dc224b1bf9,Dominic Fike,Dominic Fike,"Pop, Rock"
Cris Mj,4,exact_text,1.0,a89326cc-8fb3-4cdd-9fc6-69386e95cbd2,Cris MJ,Cris MJ,Hip-Hop
Stan Freberg,3,exact_text,1.0,04190e55-fc9d-4552-843c-0a2610a0ced8,Stan Freberg,Stan Freberg,"Jazz, Pop"
Huelyn Duvall,3,exact_text,1.0,99baf42f-0e15-459c-a64a-83d305338315,Huelyn Duvall,Huelyn Duvall,Rock
Rusty York,3,exact_text,1.0,3e57fee0-275d-455d-9144-ce2c870b658a,Rusty York,Rusty York,"Country, Rock"
Rosemary Clooney,3,exact_text,1.0,b6f69ada-cb4f-4083-913f-a00f47bfbe4b,Rosemary Clooney,Rosemary Clooney,Pop
Bing Crosby,3,exact_text,1.0,2437980f-513a-44fc-80f1-b90d9d7fcf8f,Bing Crosby,Bing Crosby,"Jazz, Pop"
Edith Piaf,3,exact_text,1.0,4f8ef4a3-40fa-46b5-8773-97686a8424f4,Édith Piaf,Édith Piaf,Pop
Junior Parker,3,exact_text,1.0,79bd0f86-95f0-4e2b-806f-7d78640cf683,Junior Parker,Junior Parker,"Jazz, R&B"
Phyllis McGuire,3,exact_text,1.0,19c6cc12-7167-4e0e-9473-0815d77ea902,Phyllis McGuire,Phyllis McGuire,Pop
Cab Calloway,3,exact_text,1.0,315bd083-892b-4e76-a9f0-91a7408168fc,Cab Calloway,Cab Calloway,Jazz
Ellie Greenwich,3,exact_text,1.0,4c857e19-d9bb-460e-b3ec-2d1ea24c3247,Ellie Greenwich,Ellie Greenwich,"Pop, Rock"
Otis Clay,3,exact_text,1.0,566c5190-cbec-41d0-822d-883f6ac61695,Otis Clay,Otis Clay,"Jazz, R&B"
John Mayall,3,exact_text,1.0,18c1e06b-fe76-4802-b070-53a2f6b707bd,John Mayall,John Mayall,"Jazz, Rock"
King Crimson,3,exact_text,1.0,b38225b8-8e5f-42aa-bcdc-7bae5b5bdab3,King Crimson,King Crimson,Rock
Apollo 100,3,exact_text,1.0,f022fc87-1831-40ad-844a-d2a1596e1209,Apollo 100,Apollo 100,"Pop, Rock"
Billy Thunderkloud & The Chieftones,3,exact_text,1.0,b0301f5d-252e-43c1-ab72-1947eb747012,Billy Thunderkloud And The Chieftones,Billy Thunderkloud And The Chieftones,Country
Steve Harley And Cockney Rebel,3,exact_text,1.0,9a07b4ae-7c2f-4473-b019-c63c3d5db45c,Steve Harley & Cockney Rebel,Steve Harley & Cockney Rebel,"Pop, Rock"
Santa Esmeralda,3,exact_text,1.0,b233a9a9-2538-4c5b-986a-5843650e2611,Santa Esmeralda,Santa Esmeralda,"Pop, R&B"
Vaughan Mason And Crew,3,exact_text,1.0,bfb35d28-432c-42d5-993e-68e1b8999b43,Vaughan Mason & Crew,Vaughan Mason & Crew,"Pop, R&B"
Lani Hall,3,exact_text,1.0,f7b4213c-d766-47d4-80c7-d6de66380f30,Lani Hall,Lani Hall,"Jazz, Pop"
Shamus M'Cool,3,exact_text,1.0,c6b393a5-28f1-4545-a7d2-85f4607a40f6,Shamus M'Cool,Shamus M'Cool,Country
Tiggi Clay,3,exact_text,1.0,6c45518a-4410-40e3-940c-feaea8294824,Tiggi Clay,Tiggi Clay,"Jazz, R&B, Rock"
Jeff Lynne,3,exact_text,1.0,372304d0-5e6a-4030-bc2b-09bdb0ee8abb,Jeff Lynne,Jeff Lynne,"Pop, Rock"
Whodini,3,exact_text,1.0,1cc9fbfc-6221-409f-ac5a-b9373b1f192f,Whodini,Whodini,"Electronic, Hip-Hop"
Nile Rodgers,3,exact_text,1.0,c6d571dd-c0ae-4ac8-9500-780b1b9b25e5,Nile Rodgers,Nile Rodgers,"Electronic, Pop, R&B, Rock"
Transvision Vamp,3,exact_text,1.0,968f61f8-c6e1-400a-95cb-114c9d67dd8e,Transvision Vamp,Transvision Vamp,"Pop, Rock"
Gary Moore,3,exact_text,1.0,a8806b5c-3ee0-4277-94d3-1a5427a7707c,Gary Moore,Gary Moore,"Jazz, Rock"
Slick Rick,3,exact_text,1.0,486af4f0-a79b-468f-be73-527cd4caf6ea,Slick Rick,Slick Rick,Hip-Hop
Amel Larrieux,3,exact_text,1.0,a5dbe358-13c1-42f8-872f-f63a551fcf93,Amel Larrieux,Amel Larrieux,"Jazz, R&B"
Anastacia,3,exact_text,1.0,d3b2bec4-b70e-460e-b433-a865ceac2de8,Anastacia,Anastacia,"Pop, R&B"
Smokie Norful,3,exact_text,1.0,a66ab26a-ea04-4134-ae67-97e64d33f6fe,Smokie Norful,Smokie Norful,R&B
Ben Folds,3,exact_text,1.0,51b7f46f-6c0f-46f2-9496-08c9ec2624d4,Ben Folds,Ben Folds,"Pop, Rock"
Day26,3,exact_text,1.0,ce21c231-7e3f-4817-8c1c-a8b4c180388c,DAY26,DAY26,R&B
Chrisette Michele,3,exact_text,1.0,197db30d-0886-41ad-908e-c9dd70e62739,Chrisette Michele,Chrisette Michele,"Hip-Hop, Jazz, R&B"
Vicci Martinez,3,exact_text,1.0,6aabc385-f85b-4c98-8f68-684891a44c81,Vicci Martinez,Vicci Martinez,"Pop, Rock"
Pistol Annies,3,exact_text,1.0,c8b457e5-cfb7-42bf-99a2-af151867f6cc,Pistol Annies,Pistol Annies,Country
Emblem3,3,exact_text,1.0,2ff61fb7-cf59-4a82-a15c-fa24dc8b16d0,Emblem3,Emblem3,"Pop, Rock"
Christina Grimmie,3,exact_text,1.0,94d40ba7-2b35-48ae-86f1-66ea06102693,Christina Grimmie,Christina Grimmie,Pop
Jacob Sartorius,3,exact_text,1.0,d5c4569c-1ba2-44fd-861c-8e4bbc43ab56,Jacob Sartorius,Jacob Sartorius,Pop
Baby Keem,3,exact_text,1.0,81d12ca7-5b89-4d21-8736-860b7400b4eb,Baby Keem,Baby Keem,Hip-Hop
Stray Kids,3,exact_text,1.0,142b343d-bf5a-428c-a64f-6d1a7566bbe9,Stray Kids,Stray Kids,"Electronic, Hip-Hop, Pop"
Le Sserafim,3,exact_text,1.0,1ee37742-1e3d-4e61-84d2-bc85f4c1459a,LE SSERAFIM,LE SSERAFIM,Pop
Tame Impala,3,exact_text,1.0,63aa26c3-d59b-4da4-84ac-716b54f1ef4d,Tame Impala,Tame Impala,"Electronic, Pop, Rock"
Gerry Granahan,2,exact_text,1.0,5b48dd77-81c6-45f0-897c-96c8322cb95f,Gerry Granahan,Gerry Granahan,"Pop, R&B, Rock"
Warren Storm,2,exact_text,1.0,4c2bef45-237f-4d20-bdeb-beda8850e1f8,Warren Storm,Warren Storm,"Country, R&B"
Nappy Brown,2,exact_text,1.0,8f9fe421-4255-485e-8180-638fbe1f3401,Nappy Brown,Nappy Brown,"Jazz, R&B"
Vaughn Monroe,2,exact_text,1.0,f6c901bc-145f-4075-b07f-ed9b93b3e6c3,Vaughn Monroe,Vaughn Monroe,"Jazz, Pop"
Carl Perkins,2,exact_text,1.0,068bd7ab-c38e-4fae-8ed2-cb0c153ed68f,Carl Perkins,Carl Perkins,"Country, Rock"
Hawkshaw Hawkins,2,exact_text,1.0,2a233c17-72e1-4da0-b7df-99da708f518c,Hawkshaw Hawkins,Hawkshaw Hawkins,Country
Clyde Stacy,2,exact_text,1.0,e4129f63-feef-42c9-b047-54a3098050c8,Clyde Stacy,Clyde Stacy,Rock
Valadiers,2,exact_normalized,1.0,72eb153e-d3a9-4c3d-9f22-54ccacae1b93,The Valadiers,The Valadiers,R&B
Bobby Vee and The Crickets,2,exact_text,1.0,e70aabd5-c9c2-40cb-b92f-af0893a0b58f,Bobby Vee & The Crickets,Bobby Vee & The Crickets,"Pop, Rock"
Lena Horne,2,exact_text,1.0,0031bc7a-1b6f-4620-99db-5202405b0749,Lena Horne,Lena Horne,"Pop, R&B"
B.B. King And His Orchestra,2,exact_text,1.0,53e74442-a01c-4e74-8bbd-13b023d45b0b,B.B. King and His Orchestra,B.B. King and His Orchestra,"Jazz, R&B, Rock"
Adam Faith,2,exact_text,1.0,e3cd1a30-7c61-49b0-bbdd-39425200334b,Adam Faith,Adam Faith,"Pop, Rock"
Jimmy Roselli,2,exact_text,1.0,3ceb5723-878f-4007-896e-4345dd0f7948,Jimmy Roselli,Jimmy Roselli,"Jazz, Pop"
Rotary Connection,2,exact_text,1.0,3b7698a3-7ab2-4481-8425-f5ab45f91a75,Rotary Connection,Rotary Connection,"R&B, Rock"
Laura Nyro,2,exact_text,1.0,bb0a1e95-9444-4a05-a1bb-22b8d7ed7844,Laura Nyro,Laura Nyro,"Jazz, Pop, R&B"
Brian Auger & The Trinity,2,exact_text,1.0,6c3412f5-aa21-4ecf-a641-9d9ae885b1e5,Brian Auger & the Trinity,Brian Auger & the Trinity,"Jazz, Rock"
Cissy Houston,2,exact_text,1.0,eb3bcef2-0a08-4afc-8315-1730c3c35c59,Cissy Houston,Cissy Houston,"Pop, R&B"
Johnny Paycheck,2,exact_text,1.0,fae7b17e-03e9-44ea-9734-f4ed92246f9f,Johnny Paycheck,Johnny Paycheck,Country
Kerry Chater,2,exact_text,1.0,a5fca179-617d-429d-aa3e-420e67c7a843,Kerry Chater,Kerry Chater,"Country, Pop, R&B, Rock"
Idris Muhammad,2,exact_text,1.0,318c02c2-d766-4843-9035-e186531fc98c,Idris Muhammad,Idris Muhammad,"Jazz, R&B"
Grace Slick,2,exact_text,1.0,5015d411-eec3-4126-a613-60532e33d5cb,Grace Slick,Grace Slick,"Pop, Rock"
Graham Parker,2,exact_text,1.0,f9227504-4fa5-44ee-b205-5301a1f86936,Graham Parker,Graham Parker,"R&B, Rock"
Britny Fox,2,exact_text,1.0,e6f73e88-1a75-4f96-b024-0b7a05531d53,Britny Fox,Britny Fox,Rock
Chubb Rock,2,exact_text,1.0,54a783d6-1066-4a3d-b3ee-d12547ea5daa,Chubb Rock,Chubb Rock,Hip-Hop
Martha Wash,2,exact_text,1.0,e34a3db6-ad81-44f1-aa85-fe1b020b5aef,Martha Wash,Martha Wash,"Electronic, R&B"
Dina Carroll,2,exact_text,1.0,e4a10ad0-3c15-4c47-b376-6b34ae48f38a,Dina Carroll,Dina Carroll,R&B
Sadat X,2,exact_text,1.0,bd6f11fd-b4a8-42bd-9a6b-d1cc3616a6d4,Sadat X,Sadat X,Hip-Hop
Boomkat,2,exact_text,1.0,a0601ca1-ba4e-4d55-a1ba-40f2a4438ed0,Boomkat,Boomkat,"Electronic, Hip-Hop, Pop, R&B"
Mr. Vegas,2,exact_text,1.0,a1b20750-6757-4bf6-8235-4e1fc45cc46b,Mr. Vegas,Mr. Vegas,Country
Sugababes,2,exact_text,1.0,dfa715ac-b536-44df-af43-570d3ea3edec,Sugababes,Sugababes,"Pop, R&B"
Chris Cornell,2,exact_text,1.0,cbf9738d-8f81-4a92-bc64-ede09341652d,Chris Cornell,Chris Cornell,Rock
Landon Pigg,2,exact_text,1.0,142db9a8-d42d-44f4-8f3c-db20e5bdfd78,Landon Pigg,Landon Pigg,Pop
Kate Voegele,2,exact_text,1.0,5c0c9c6a-e85b-4544-a139-a8bb028ce69d,Kate Voegele,Kate Voegele,"Country, Pop"
Mitchel Musso,2,exact_text,1.0,5fa27bba-a086-4363-a6a7-ff1b3be6cc7e,Mitchel Musso,Mitchel Musso,Pop
Nick Jonas & The Administration,2,exact_text,1.0,40a7d5b5-5e58-4938-9e73-9f4e836f01db,Nick Jonas & the Administration,Nick Jonas & the Administration,"Pop, R&B"
Hugh Laurie,2,exact_text,1.0,4b90c344-31bd-48d1-aa58-8e061a8251c9,Hugh Laurie,Hugh Laurie,"Jazz, R&B"
Bella Thorne,2,exact_text,1.0,53c336fa-358f-4ce5-8681-ab7909922874,Bella Thorne,Bella Thorne,"Hip-Hop, Pop"
Alabama Shakes,2,exact_text,1.0,40419b33-18e9-4d5a-a674-30b4bb14bac2,Alabama Shakes,Alabama Shakes,"R&B, Rock"
Zach Sobiech,2,exact_text,1.0,b9cde97c-d8ea-45bf-9d3b-0b3d8674dd14,Zach Sobiech,Zach Sobiech,"Country, Pop"
Tessanne Chin,2,exact_text,1.0,e7fd6685-38da-4b3b-9796-09a2562e3cd7,Tessanne Chin,Tessanne Chin,"Country, Pop, R&B"
N.W.A,2,exact_text,1.0,3a54bffa-2314-44a2-927b-60144119c780,N.W.A,N.W.A,Hip-Hop
Sundance Head,2,exact_text,1.0,cb13adb3-d73c-4015-a1cd-6d58254710a8,Sundance Head,Sundance Head,"Country, Jazz, R&B, Rock"
Calum Scott,2,exact_text,1.0,68fdc9cc-1094-48bb-942f-66492343e41c,Calum Scott,Calum Scott,Pop
Chloe Kohanski,2,exact_text,1.0,517ec1a9-a7d1-43cd-a100-3f4cd77db027,Chloe Kohanski,Chloe Kohanski,"Pop, Rock"
Joyner Lucas Featuring Logic,2,exact_text,1.0,cb862d76-90a8-4733-b8f6-69240d60d805,Joyner Lucas,Joyner Lucas,Hip-Hop
Clinton Kane,2,exact_text,1.0,39de519c-ee75-4e33-b3c6-bd9a23f47433,Clinton Kane,Clinton Kane,Pop
EST Gee Featuring Lil Baby| 42 Dugg & Rylo Rodriguez,2,exact_text,1.0,b299e6fc-a7cb-4c7d-a798-0692b60b9e48,EST Gee,EST Gee,Hip-Hop
Sueco,2,exact_text,1.0,82cbe859-5255-4bbd-bda3-7610a3f857dc,Sueco,Sueco,"Hip-Hop, Rock"
Rylo Rodriguez Featuring NoCap,2,exact_text,1.0,1c4b484c-746c-48b8-88b2-40f09e15159d,Rylo Rodriguez,Rylo Rodriguez,Hip-Hop
Carin Leon,2,exact_text,1.0,db8efd58-7cd0-4ca8-a538-14ad6b44640b,Carin León,Carin León,"Country, Pop, R&B, Rock"
Fridayy,2,exact_text,1.0,cb9c2a2b-96c2-44d7-bd31-04ef87572b57,Fridayy,Fridayy,"Hip-Hop, R&B"
Chuckyy,2,exact_text,1.0,72a6f25a-9ca8-4fbc-b9ab-2731fe80a168,Chuckyy,Chuckyy,Hip-Hop
ATEEZ,2,exact_text,1.0,cf0dbc16-4e24-4957-b5b4-955c8978f690,ATEEZ,ATEEZ,"Electronic, Hip-Hop, Pop"
Phil Wickham,2,exact_text,1.0,b635a97f-a971-4d53-8317-b21d3ca4f901,Phil Wickham,Phil Wickham,Pop
Kitty Wells,1,exact_text,1.0,5a5eeab3-e4b7-42e9-8ae9-b90eeb210b96,Kitty Wells,Kitty Wells,"Country, R&B"
Jodie Sands,1,exact_text,1.0,75928a3e-b716-4831-a708-59eb5cfa8eaa,Jodie Sands,Jodie Sands,Pop
Ernestine Anderson,1,exact_text,1.0,d4fed395-5b9d-4b70-b45a-c6cbb0b46c9e,Ernestine Anderson,Ernestine Anderson,Jazz
Helen Shapiro,1,exact_text,1.0,267f7395-1854-4eda-9d07-49368181fc14,Helen Shapiro,Helen Shapiro,"Jazz, Pop"
Mahalia Jackson,1,exact_text,1.0,1bebb19e-9305-4da8-a3fd-5dd40a6e517e,Mahalia Jackson,Mahalia Jackson,R&B
Pookie Hudson,1,exact_text,1.0,29dc9009-015f-47c4-bd17-ed2af6d2ae0c,Pookie Hudson,Pookie Hudson,R&B
Jimmy Witherspoon,1,exact_text,1.0,1eaf1688-4f52-49e8-98bc-743828fe3e7e,Jimmy Witherspoon,Jimmy Witherspoon,Jazz
A.B. Skhy,1,exact_text,1.0,2d73bfee-888a-4b89-a846-33fd1aab6365,A.B. Skhy,A.B. Skhy,"Jazz, Rock"
Siedah Garrett,1,exact_text,1.0,69407e6e-8cc1-4d48-91f8-7e07b94032a0,Siedah Garrett,Siedah Garrett,R&B
Utah Saints,1,exact_text,1.0,6de1f94d-3d2e-40dd-a5e7-3170332a6a93,Utah Saints,Utah Saints,"Electronic, Hip-Hop, Pop"
Super Cat,1,exact_text,1.0,2d5fbbfd-27a7-4b74-848a-2b1f24fa1d0a,Super Cat,Super Cat,Country
Fragma,1,exact_text,1.0,ae79ff82-e327-4230-9b29-880d92634365,Fragma,Fragma,"Electronic, Pop"
Cristian Castro,1,exact_text,1.0,8cc00e45-94c9-40e0-882b-0e76dd5b472b,Cristian Castro,Cristian Castro,"Country, Pop, Rock"
Tenacious D,1,exact_text,1.0,148ddea2-6839-4354-8e2c-5dfadf136b7f,Tenacious D,Tenacious D,Rock
Alejandro Sanz,1,exact_text,1.0,9bacf78f-9132-43da-8873-8a9eb49da0e9,Alejandro Sanz,Alejandro Sanz,Pop
Joss Stone,1,exact_text,1.0,dbbc47a5-1338-4830-9298-a8d0b11c0a46,Joss Stone,Joss Stone,"Country, R&B"
Brandi Carlile,1,exact_text,1.0,baf05baf-69fb-47dd-93c2-033536b8c385,Brandi Carlile,Brandi Carlile,"Country, Rock"
Serj Tankian,1,exact_text,1.0,e471b63c-c3b5-4f62-a971-cd0b2273838f,Serj Tankian,Serj Tankian,"Jazz, Rock"
Silversun Pickups,1,exact_text,1.0,b5bd9f88-962e-4730-84a7-795592ba42e8,Silversun Pickups,Silversun Pickups,"Pop, Rock"
Anya Marina,1,exact_text,1.0,84b0af1a-8f10-433f-a1ed-948e71712b16,Anya Marina,Anya Marina,"Pop, Rock"
Francesca Battistelli,1,exact_text,1.0,9e8b297d-e183-4524-a325-7a4b214dfbf1,Francesca Battistelli,Francesca Battistelli,"Pop, R&B"
Eddie Vedder,1,exact_text,1.0,1a60d6dd-9d3e-40fc-a66d-3184f9ee0d61,Eddie Vedder,Eddie Vedder,"Country, Rock"
Danny Gokey,1,exact_text,1.0,2bfdbebe-e54a-4cab-9087-88141d440479,Danny Gokey,Danny Gokey,"Pop, R&B"
Crystal Bowersox,1,exact_text,1.0,23644c2d-7351-4690-81c0-0153e4652847,Crystal Bowersox,Crystal Bowersox,"Country, Jazz, R&B, Rock"
Soundgarden,1,exact_text,1.0,153c9281-268f-4cf3-8938-f5a4593e5df4,Soundgarden,Soundgarden,Rock
Rise Against,1,exact_text,1.0,606bf117-494f-4864-891f-09d63ff6aa4b,Rise Against,Rise Against,Rock
Duck Sauce,1,exact_text,1.0,5269d3d2-63c6-4b8f-8200-6908ffa365d5,Duck Sauce,Duck Sauce,Electronic
Ashton Shepherd,1,exact_text,1.0,9f1c4795-60fb-42e7-a90c-fe75f4a1f4bb,Ashton Shepherd,Ashton Shepherd,Country
Grace Potter & The Nocturnals,1,exact_text,1.0,9501a1d0-04a2-47ee-828d-9d016c315bb7,Grace Potter & the Nocturnals,Grace Potter & the Nocturnals,"Pop, Rock"
Candice Glover,1,exact_text,1.0,e502b863-c08b-41f4-9fde-bd18fbea2935,Candice Glover,Candice Glover,"Jazz, Pop, R&B"
Lea Michele,1,exact_text,1.0,6bb57027-e15a-40fe-974e-fa788711cb75,Lea Michele,Lea Michele,Pop
Lucy Hale,1,exact_text,1.0,55489cf2-1d70-420f-a364-44b4e0eb276c,Lucy Hale,Lucy Hale,"Country, Pop"
Jake Worthington,1,exact_text,1.0,3548b790-9f39-47d5-9398-15ecbc1140ed,Jake Worthington,Jake Worthington,Country
I Prevail,1,exact_text,1.0,1921c28c-ec61-4725-8e35-38dd656f7923,I Prevail,I Prevail,Rock
Koryn Hawthorne,1,exact_text,1.0,db760d20-6304-4a84-a7c9-fe0dc831c2c3,Koryn Hawthorne,Koryn Hawthorne,R&B
Nick Fradiani,1,exact_text,1.0,a90c76ab-7b3b-43d9-a676-16f29afcd4d9,Nick Fradiani,Nick Fradiani,Pop
Meghan Linsey,1,exact_text,1.0,33f101d3-fd9d-4963-a5e2-14c4cad8cdb3,Meghan Linsey,Meghan Linsey,Country
Lindsey Stirling,1,exact_text,1.0,53e40f93-f4af-4f8c-819c-7bbe4b6f0a1c,Lindsey Stirling,Lindsey Stirling,Electronic
Alisan Porter,1,exact_text,1.0,f87e19fb-1590-4f62-ae7d-a973c1efbc1b,Alisan Porter,Alisan Porter,"Country, Pop, Rock"
Leonard Cohen,1,exact_text,1.0,65314b12-0e08-43fa-ba33-baaa7b874c15,Leonard Cohen,Leonard Cohen,"Country, Pop"
Lil Peep,1,exact_text,1.0,92da4329-77a4-425c-8e92-4280110cace9,Lil Peep,Lil Peep,"Hip-Hop, Rock"
Janelle Monae,1,exact_text,1.0,ee190f6b-7d98-43ec-b924-da5f8018eca0,Janelle Monáe,Janelle Monáe,"Hip-Hop, Pop, R&B"
Swae Lee Featuring Slim Jxmmi,1,exact_text,1.0,a17ce9c3-8f6f-4dcc-a1b7-2a04ab9e31f0,Swae Lee,Swae Lee,"Hip-Hop, Pop"
Steve Aoki Featuring BTS,1,exact_text,1.0,a39acc4a-985e-4173-a9ed-f325f2d3bc1c,Steve Aoki,Steve Aoki,"Electronic, Hip-Hop"
Anuel AA,1,exact_text,1.0,87a75fc3-59e7-4598-925c-8e230bce5db9,Anuel AA,Anuel AA,"Hip-Hop, R&B"
Clairo,1,exact_text,1.0,d786f59b-1836-4ddb-8393-ab753edbe984,Clairo,Clairo,Pop
Ant Clemons Featuring Justin Timberlake,1,exact_text,1.0,0843b9d2-da32-406b-8c31-2ac4a18e42a8,Ant Clemons,Ant Clemons,"Hip-Hop, R&B"
Nessa Barrett,1,exact_text,1.0,da0c8f4f-f4f4-4e91-86ca-e31108bb5706,Nessa Barrett,Nessa Barrett,Pop
Yung Miami,1,exact_text,1.0,7e987fc0-7606-4637-8eb1-8c9c3e57a65c,Yung Miami,Yung Miami,Hip-Hop
Carlos Vives,1,exact_text,1.0,ac367c2e-7783-41e5-a184-131da6b0c166,Carlos Vives,Carlos Vives,"Country, Hip-Hop, Pop, Rock"
ThxSoMch,1,exact_text,1.0,7e576af7-21e0-4926-bada-135d16a3e5ad,ThxSoMch,ThxSoMch,"Hip-Hop, Rock"
Hailey Whitters,1,exact_text,1.0,684875cb-f334-4979-8043-ee8ec91000b9,Hailey Whitters,Hailey Whitters,Country
Andre 3000,1,exact_text,1.0,f563a1a9-069b-41ed-8b3b-e1b1a6f5b34b,André 3000,André 3000,"Electronic, Hip-Hop, Jazz, R&B"
ILLIT,1,exact_text,1.0,6b128dd7-e998-4edb-a4f5-400fef190445,ILLIT,ILLIT,Pop
Surf Curse,1,exact_text,1.0,89ea85c2-c90a-46ea-93db-9bed95d5c8f8,Surf Curse,Surf Curse,Rock
Odetari,1,exact_text,1.0,2d8be86e-dccf-481a-a01c-faf9e48edd6d,Odetari,Odetari,"Electronic, Hip-Hop"
PinkPantheress,1,exact_text,1.0,7441014f-f8f5-494f-81db-ff166fbc078d,PinkPantheress,PinkPantheress,"Pop, R&B"
