listener_artist,chart_appearances,match_type,match_score,mbid,artist_mb,matched_name
Taylor Swift,1611,exact_text,1.0,20244d07-534f-4eff-b4d4-930878889970,Taylor Swift,Taylor Swift
Morgan Wallen,1031,exact_text,1.0,2077273e-eaa1-4f49-903c-f286ededecb9,Morgan Wallen,Morgan Wallen
Drake,990,exact_text,1.0,9fff2f8a-21e6-47de-a2b8-7f449929d43f,Drake,Drake
Elton John,889,exact_text,1.0,b83bc61f-8451-4a5d-8b8e-7e9ed295e822,Elton John,Elton John
Madonna,857,exact_text,1.0,79239441-bfd5-4981-a70c-55c3f15c1287,Madonna,Madonna
Kenny Chesney,783,exact_text,1.0,5dca4d22-d6c8-4e70-8ca1-4543e43353c7,Kenny Chesney,Kenny Chesney
Tim McGraw,749,exact_text,1.0,7e5cfc9a-e9e1-46f1-b81a-861b12049488,Tim McGraw,Tim McGraw
Keith Urban,674,exact_text,1.0,f45da029-7b00-4bf3-962c-0eeb20309cc4,Keith Urban,Keith Urban
Stevie Wonder,659,exact_text,1.0,1ee18fb3-18a6-4c7f-8ba0-bc41cdd0462e,Stevie Wonder,Stevie Wonder
Rod Stewart,657,exact_text,1.0,a35237a0-4f47-40a6-b6f3-1e786db23402,Rod Stewart,Rod Stewart
Mariah Carey,649,exact_text,1.0,494e8d09-f85b-4543-892f-a5096aed1cd4,Mariah Carey,Mariah Carey
Jason Aldean,633,exact_text,1.0,f24df11a-7e35-4979-a4db-a3b2a170ce27,Jason Aldean,Jason Aldean
Michael Jackson,615,exact_text,1.0,f27ec8db-af05-4f36-916e-3d57f91ecf5e,Michael Jackson,Michael Jackson
Beyonce,608,exact_text,1.0,859d0860-d480-4efd-970c-c05d5f1776b8,Beyoncé,Beyoncé
Chicago,607,exact_text,1.0,3f5be744-e867-42fb-8913-5fd69e4099b5,Chicago,Chicago
Rascal Flatts,604,exact_text,1.0,6e0ae159-8449-4262-bba5-18ec87fa529f,Rascal Flatts,Rascal Flatts
Rihanna,592,exact_text,1.0,73e5e69d-3554-40d8-8516-00cb38737a1c,Rihanna,Rihanna
Billy Joel,589,exact_text,1.0,64b94289-9474-4d43-8c93-918ccc1920d1,Billy Joel,Billy Joel
The Beatles,587,exact_text,1.0,b10bbbfc-cf9e-42e0-be17-e2c3e1d2600d,The Beatles,The Beatles
The Rolling Stones,585,exact_text,1.0,b071f9fa-14b0-4217-8e97-eb41da73f598,The Rolling Stones,The Rolling Stones
P!nk,570,exact_text,1.0,f4d5cc07-3bc9-4836-9b15-88a08359bc63,P!nk,P!nk
Aretha Franklin,569,exact_text,1.0,2f9ecbed-27be-40e6-abca-6de49d50299e,Aretha Franklin,Aretha Franklin
Whitney Houston,561,exact_text,1.0,0307edfc-437c-4b48-8700-80680e66a228,Whitney Houston,Whitney Houston
Carrie Underwood,561,exact_text,1.0,70f0e309-5418-49b6-a130-666e2f76eecd,Carrie Underwood,Carrie Underwood
Brad Paisley,559,exact_text,1.0,6cfd7ffc-824f-4219-8e27-4b9417700f44,Brad Paisley,Brad Paisley
Neil Diamond,553,exact_text,1.0,a42d3fd5-55de-4206-86c3-4fbb5404018f,Neil Diamond,Neil Diamond
George Strait,553,exact_text,1.0,5ab2cf34-517e-48eb-b3a5-34e1cbcd600a,George Strait,George Strait
The Beach Boys,541,exact_text,1.0,ebfc1398-8d96-47e3-82c3-f782abcdb13d,The Beach Boys,The Beach Boys
Daryl Hall  John Oates,540,fuzzy,0.913,debabff3-2559-46e5-862d-ef2a906d7010,Daryl Hall & John Oates,Daryl Hall & John Oates
The Weeknd,536,exact_text,1.0,c8b03190-306c-4120-bb0b-6f2ebfc06ea9,The Weeknd,The Weeknd
Blake Shelton,534,exact_text,1.0,2ad66473-ccb3-41d2-8756-b56680cdfe62,Blake Shelton,Blake Shelton
Kelly Clarkson,531,exact_text,1.0,d339efbb-77b9-4147-ba9e-59f2f24550b2,Kelly Clarkson,Kelly Clarkson
Toby Keith,527,exact_text,1.0,2f951906-5629-4fef-a260-5033151c162a,Toby Keith,Toby Keith
Luke Combs,527,exact_text,1.0,c20ee61f-071f-4e65-9c81-45ee931a54ce,Luke Combs,Luke Combs
Ed Sheeran,526,exact_text,1.0,b8a7c51f-362c-4dcb-a259-bc6e0095f0a6,Ed Sheeran,Ed Sheeran
Billie Eilish,521,exact_text,1.0,f4abc0b5-3f7a-4eff-8f78-ac078dbce533,Billie Eilish,Billie Eilish
Chris Brown,517,exact_text,1.0,c234fa42-e6a6-443e-937e-2f4b073538a3,Chris Brown,Chris Brown
Bee Gees,516,exact_text,1.0,bf0f7e29-dfe1-416c-b5c6-f9ebc19ea810,Bee Gees,Bee Gees
Maroon 5,511,exact_text,1.0,0ab49580-c84f-44d4-875f-d83760ea2cfe,Maroon 5,Maroon 5
Elvis Presley,508,exact_text,1.0,01809552-4f87-45b0-afff-2c6f0730a3be,Elvis Presley,Elvis Presley
Connie Francis,486,exact_text,1.0,5fcd7daf-25e1-47fd-9ba1-830b42708f84,Connie Francis,Connie Francis
The Temptations,478,exact_text,1.0,d8df96ae-8fcf-4997-b3e6-e5d1aaf0f69e,The Temptations,The Temptations
Brenda Lee,471,exact_text,1.0,6ca4886a-8f77-4133-b404-46fb3908e24a,Brenda Lee,Brenda Lee
Ariana Grande,471,exact_text,1.0,f4fdbb4c-e4b7-47a0-b83b-d91bbfcfa387,Ariana Grande,Ariana Grande
Kool & The Gang,469,exact_text,1.0,2469950a-f0ca-425a-bfbc-baf55ea3afde,Kool & the Gang,Kool & the Gang
Usher,456,exact_text,1.0,3414d446-735a-443c-931f-10634f57e5b9,Usher,Usher
Dionne Warwick,451,exact_text,1.0,6784ee31-6d79-4a37-9e1f-01d6ef31940e,Dionne Warwick,Dionne Warwick
Mary J. Blige,449,exact_text,1.0,db76c5ca-d555-4f09-b1db-baa1b713d875,Mary J. Blige,Mary J. Blige
Dierks Bentley,447,exact_text,1.0,6bd7faa9-601f-44db-a2a6-239209f83156,Dierks Bentley,Dierks Bentley
Imagine Dragons,442,exact_text,1.0,012151a8-0f9a-44c9-997f-ebd68b5389f9,Imagine Dragons,Imagine Dragons
Aerosmith,429,exact_text,1.0,3d2b98e5-556f-4451-a3ff-c50ea18d57cb,Aerosmith,Aerosmith
Janet Jackson,429,exact_text,1.0,6be2828f-6c0d-4059-99d4-fa18acf1a296,Janet Jackson,Janet Jackson
Bad Bunny,428,exact_text,1.0,89aa5ecb-59ad-46f5-b3eb-2d424e941f19,Bad Bunny,Bad Bunny
R. Kelly,427,exact_text,1.0,c2d25856-a09a-4d15-b404-77dd19c19e63,R. Kelly,R. Kelly
Heart,426,exact_text,1.0,bdbd48f5-abf3-4a4f-9a21-4551dbc3fde9,Heart,Heart
Nickelback,425,exact_text,1.0,bc710bcf-8815-42cf-bad2-3f1d12246aeb,Nickelback,Nickelback
Diana Ross,424,exact_text,1.0,60d41417-feda-4734-bbbf-7dcc30e08a83,Diana Ross,Diana Ross
Justin Bieber,422,exact_text,1.0,e0140a67-e4d1-4f13-8a01-364355bee46e,Justin Bieber,Justin Bieber
Gladys Knight And The Pips,416,exact_text,1.0,ca825016-f7fd-4ccf-a523-6ee36ea88828,Gladys Knight & the Pips,Gladys Knight & the Pips
Britney Spears,413,exact_text,1.0,45a663b5-b1cb-4a91-bff6-2bef7bbfdd76,Britney Spears,Britney Spears
Bon Jovi,410,exact_text,1.0,5dcdb5eb-cb72-4e6e-9e63-b7bace604965,Bon Jovi,Bon Jovi
Olivia Newton-John,408,fuzzy,0.9714,10ccb5d8-f9d5-4954-9441-3419b522a214,Olivia Newton‐John,Olivia Newton‐John
Phil Collins,406,exact_text,1.0,401c3991-b76b-499d-8082-9f2df958ef78,Phil Collins,Phil Collins
Cher,402,exact_text,1.0,bfcc6d75-a6a5-4bc6-8282-47aec8531818,Cher,Cher
Donna Summer,399,exact_text,1.0,b60527cc-54f3-4bbe-a01b-dcf34c95ae14,Donna Summer,Donna Summer
Lady Gaga,399,exact_text,1.0,650e7db6-b795-4eb5-a702-5ea2fc46c848,Lady Gaga,Lady Gaga
Katy Perry,395,exact_text,1.0,122d63fc-8671-43e4-9752-34e846d62a9c,Katy Perry,Katy Perry
Marvin Gaye,393,exact_text,1.0,afdb7919-059d-43c1-b668-ba1d265e7e42,Marvin Gaye,Marvin Gaye
The Pointer Sisters,387,exact_text,1.0,81bac815-97c5-4723-8f0b-4d8edfad1010,The Pointer Sisters,The Pointer Sisters
Barry Manilow,387,exact_text,1.0,7bb60591-46f3-4147-b692-1814a87e832e,Barry Manilow,Barry Manilow
The Black Eyed Peas,382,exact_normalized,1.0,d5be5333-4171-427e-8e12-732087c6b78e,Black Eyed Peas,Black Eyed Peas
SZA,382,exact_text,1.0,272989c8-5535-492d-a25c-9f58803e027f,SZA,SZA
James Brown,381,exact_text,1.0,20ff3303-4fe2-4a47-a1b6-291e26aa3438,James Brown,James Brown
Paul Anka,380,exact_text,1.0,420c6768-0885-415a-bb59-d6a275121125,Paul Anka,Paul Anka
Alan Jackson,380,exact_text,1.0,7291957b-c463-4275-a41c-a104c9e2337f,Alan Jackson,Alan Jackson
Bruno Mars,380,exact_text,1.0,afb680f2-b6eb-4cd7-a70b-a63b25c763d5,Bruno Mars,Bruno Mars
Eminem,379,exact_text,1.0,b95ce3ff-3d05-4e87-9e01-c97b66af13d4,Eminem,Eminem
Sabrina Carpenter,377,exact_text,1.0,1882fe91-cdd9-49c9-9956-8e06a3810bd4,Sabrina Carpenter,Sabrina Carpenter
U2,376,exact_text,1.0,a3cb23fc-acd3-4ce0-8f36-1e5aa6a18432,U2,U2
Thomas Rhett,373,exact_text,1.0,bca8bfc0-9d5b-449b-b713-914596f88d56,Thomas Rhett,Thomas Rhett
Miley Cyrus,371,exact_text,1.0,7e9bd05a-117f-4cce-87bc-e011527a8b18,Miley Cyrus,Miley Cyrus
Bobby Vinton,369,exact_text,1.0,f37f26ea-6a9a-49b8-9614-bdad762f1ba6,Bobby Vinton,Bobby Vinton
Four Tops,367,exact_text,1.0,0d21b01f-21f2-419b-8d98-4158ba0c0aa4,Four Tops,Four Tops
Earth| Wind & Fire,366,exact_text,1.0,535afeda-2538-435d-9dd1-5e10be586774,"Earth, Wind & Fire","Earth, Wind & Fire"
Kanye West,365,exact_text,1.0,164f0d73-1234-4e2c-8743-d77bf2191051,Kanye West,Kanye West
Post Malone,365,exact_text,1.0,b1e26560-60e5-4236-bbdb-9aa5a8d5ee19,Post Malone,Post Malone
Andy Williams,364,exact_text,1.0,57cb4257-9855-4a42-b1be-bfba1d9b520d,Andy Williams,Andy Williams
Prince,361,exact_text,1.0,070d193a-845c-479f-980e-bef15710653e,Prince,Prince
Adele,360,exact_text,1.0,cc2c9c3c-b7bc-4b8b-84d8-4fbd8779e493,Adele,Adele
Bryan Adams,359,exact_text,1.0,4dbf5678-7a31-406a-abbe-232f8ac2cd63,Bryan Adams,Bryan Adams
Brook Benton,358,exact_text,1.0,e449337e-4192-415d-88d0-81352c068d2c,Brook Benton,Brook Benton
Fleetwood Mac,355,exact_text,1.0,bd13909f-1c29-4c27-a874-d4aaf27c5b1a,Fleetwood Mac,Fleetwood Mac
Commodores,354,exact_text,1.0,900ab237-327b-44e2-87e4-73250bbe025a,Commodores,Commodores
Dua Lipa,354,exact_text,1.0,6f1a58bf-9b1b-49cf-a44a-6cefad7ae04f,Dua Lipa,Dua Lipa
Jackie Wilson,352,exact_text,1.0,f0bf4fa0-028e-452f-82d3-7d4375e105dd,Jackie Wilson,Jackie Wilson
Ray Charles,352,exact_text,1.0,2ce02909-598b-44ef-a456-151ba0a3bd70,Ray Charles,Ray Charles
Barbra Streisand,352,exact_text,1.0,56cd15a1-0d74-438b-8244-c96ffe1cae03,Barbra Streisand,Barbra Streisand
Journey,352,exact_text,1.0,abd506e1-6f2b-4d6f-b937-92c267f6f88b,Journey,Journey
Justin Timberlake,350,exact_text,1.0,596ffa74-3d08-44ef-b113-765d43d12738,Justin Timberlake,Justin Timberlake
Linkin Park,345,exact_text,1.0,f59c5520-5f46-4d2c-b2c4-822eabf53419,Linkin Park,Linkin Park
Genesis,341,exact_text,1.0,8e3fcd7d-bda1-4ca0-b987-b8528d2ee74e,Genesis,Genesis
Lionel Richie,340,exact_text,1.0,3cb25fb2-5547-4b05-adec-1a5e37830d46,Lionel Richie,Lionel Richie
Foreigner,337,exact_text,1.0,160629ab-ec18-4931-8c95-02cb92d06186,Foreigner,Foreigner
Faith Hill,337,exact_text,1.0,406552d4-5ba1-4226-b7c0-367bc50fc767,Faith Hill,Faith Hill
Bobby Darin,335,exact_text,1.0,1f223eed-aa38-49da-9e76-62ab3adc2e04,Bobby Darin,Bobby Darin
Nicki Minaj,333,exact_text,1.0,1036b808-f58c-4a3e-b461-a2c4492ecf1b,Nicki Minaj,Nicki Minaj
Lil Baby,333,exact_text,1.0,d42a5768-ada1-4fb6-85fd-f61aba6264e0,Lil Baby,Lil Baby
Boyz II Men,331,exact_text,1.0,b42eca0f-9381-43db-badb-1cba080a7dc2,Boyz II Men,Boyz II Men
Bruce Springsteen,329,exact_text,1.0,70248960-cb53-4ea4-943a-edb18f7d336f,Bruce Springsteen,Bruce Springsteen
Carpenters,327,exact_text,1.0,4580d83b-093e-4241-91fb-2dd71f5f1f3f,Carpenters,Carpenters
Electric Light Orchestra,326,exact_text,1.0,0c502791-4ee9-4c5f-9696-0602b721ff3b,Electric Light Orchestra,Electric Light Orchestra
Celine Dion,326,exact_text,1.0,847e8a0c-cc20-4213-9e16-975515c2a926,Céline Dion,Céline Dion
Sam Cooke,325,exact_text,1.0,6c8fd0be-d961-454c-aee0-4366a6dbc993,Sam Cooke,Sam Cooke
Brooks & Dunn,325,exact_text,1.0,f30118c5-f783-4969-8427-f3c096378267,Brooks & Dunn,Brooks & Dunn
Miranda Lambert,324,exact_text,1.0,4eca1aa0-c79f-481b-af8a-4a2d6c41aa5c,Miranda Lambert,Miranda Lambert
Olivia Rodrigo,322,exact_text,1.0,6925db17-f35e-42f3-a4eb-84ee6bf5d4b0,Olivia Rodrigo,Olivia Rodrigo
The Isley Brothers,320,exact_text,1.0,4a76400d-283f-492e-9754-18ef41755f81,The Isley Brothers,The Isley Brothers
Huey Lewis & The News,320,exact_text,1.0,2be6ae30-d220-4419-80da-2a46813ed872,Huey Lewis and the News,Huey Lewis and the News
Kendrick Lamar,320,exact_text,1.0,381086ea-f511-4aba-bdf9-71c753dc5077,Kendrick Lamar,Kendrick Lamar
Fats Domino,318,exact_text,1.0,e787de5d-49e2-4b1f-9bde-1fd3a671b971,Fats Domino,Fats Domino
TLC,316,exact_text,1.0,99790314-885a-4975-8614-9c5bc890364d,TLC,TLC
Montgomery Gentry,313,exact_text,1.0,d39f9276-32c1-4b84-9389-d77dbc3801ae,Montgomery Gentry,Montgomery Gentry
Alicia Keys,313,exact_text,1.0,8ef1df30-ae4f-4dbd-9351-1a32b208a01e,Alicia Keys,Alicia Keys
Neil Sedaka,310,exact_text,1.0,577d92bd-32ac-48b6-86df-4db6b0b52fbf,Neil Sedaka,Neil Sedaka
Zac Brown Band,310,exact_text,1.0,507226f4-0842-4f43-950e-81a7017230ec,Zac Brown Band,Zac Brown Band
Chubby Checker,309,exact_text,1.0,920febb2-ea05-4339-8a08-17294e60c736,Chubby Checker,Chubby Checker
Glen Campbell,309,exact_text,1.0,57976431-1a5c-4968-a422-b92c5e9b0d4f,Glen Campbell,Glen Campbell
Queen,308,exact_text,1.0,0383dadf-2a4e-4d10-a46a-e9e041da8eb3,Queen,Queen
Train,308,exact_text,1.0,bfd5aec5-62a2-4560-a316-7c46c17babda,Train,Train
The Everly Brothers,307,exact_text,1.0,091ec508-877f-4e3c-92a3-10903bbbc7ad,The Everly Brothers,The Everly Brothers
Styx,306,exact_text,1.0,835a6d9c-fea0-4a71-ae52-9c4da946433a,Styx,Styx
Michael Bolton,306,exact_text,1.0,e8bee5d1-a3a5-4c1a-ada4-f1ca22101e84,Michael Bolton,Michael Bolton
OneRepublic,306,exact_text,1.0,c33c2065-b1c3-4406-b066-d33a9e2ea71a,OneRepublic,OneRepublic
Linda Ronstadt,304,exact_text,1.0,498f2581-be21-4eef-8756-fbb89d79b1c0,Linda Ronstadt,Linda Ronstadt
Kenny Rogers,303,exact_text,1.0,c3d14b41-a48d-488f-bfed-ce0597bb0b1f,Kenny Rogers,Kenny Rogers
Kenny Loggins,301,exact_text,1.0,15042d2b-2d4c-4451-a96a-6f547642de13,Kenny Loggins,Kenny Loggins
Duran Duran,300,exact_text,1.0,1a1cd7f3-e5df-4eca-bae2-2757c9e656b5,Duran Duran,Duran Duran
Backstreet Boys,299,exact_text,1.0,2f569e60-0a1b-4fb9-95a4-3dc1525d1aad,Backstreet Boys,Backstreet Boys
Eagles,298,exact_text,1.0,f46bd570-5768-462e-b84c-c7c993bbf47e,Eagles,Eagles
Doja Cat,298,exact_text,1.0,5df62a88-cac9-490a-b62c-c7c88f4020f4,Doja Cat,Doja Cat
Toni Braxton,296,exact_text,1.0,3c8a8696-e176-4c46-a2d3-48b6b1525c7f,Toni Braxton,Toni Braxton
Coldplay,296,exact_text,1.0,cc197bad-dc9c-440d-a5b5-d52ba2e14234,Coldplay,Coldplay
The Impressions,295,exact_text,1.0,8af64037-6d26-4d24-afd8-7e085abb01b1,The Impressions,The Impressions
Def Leppard,295,exact_text,1.0,7249b899-8db8-43e7-9e6e-22f1e736024e,Def Leppard,Def Leppard
John Denver,292,exact_text,1.0,34e10b51-b5c6-4bc1-b70e-f05f141eda1e,John Denver,John Denver
Destiny's Child,292,fuzzy,0.9655,a796b92e-c137-4895-9c89-10f900617a4f,Destiny’s Child,Destiny’s Child
The 5th Dimension,290,exact_text,1.0,4f1949ab-fefd-4bf3-9317-814084c29cc0,The 5th Dimension,The 5th Dimension
Van Halen,289,exact_text,1.0,b665b768-0d83-4363-950c-31ed39317c15,Van Halen,Van Halen
Rick Springfield,288,exact_text,1.0,88543892-2eef-4a6a-a84c-5b8502b80421,Rick Springfield,Rick Springfield
Luther Vandross,287,exact_text,1.0,816d9b5d-eaf9-4a97-b5f7-6e82cd01aafe,Luther Vandross,Luther Vandross
Wilson Pickett,286,exact_text,1.0,fc6214b3-6d82-4803-be74-01ece1723e42,Wilson Pickett,Wilson Pickett
Roy Orbison,285,exact_text,1.0,0bbbc496-c7b5-4b3f-bb6d-bd312827d6e5,Roy Orbison,Roy Orbison
Billy Currington,285,exact_text,1.0,dbf94c49-0dd9-4f72-85d5-f548beb453f6,Billy Currington,Billy Currington
The Supremes,284,exact_text,1.0,c1aa2ec9-53e7-4d90-8d36-bac75832e986,The Supremes,The Supremes
Shania Twain,284,exact_text,1.0,faabb55d-3c9e-4c23-8779-732ac2ee2c0d,Shania Twain,Shania Twain
LeAnn Rimes,284,exact_text,1.0,9092d8e1-9b38-4372-a96d-000b8561a8bc,LeAnn Rimes,LeAnn Rimes
Anne Murray,283,exact_text,1.0,cff63c14-b081-4686-9357-eea84d5348fc,Anne Murray,Anne Murray
Fall Out Boy,283,exact_text,1.0,516cef4d-0718-4007-9939-f9b38af3f784,Fall Out Boy,Fall Out Boy
Eddie Money,282,exact_text,1.0,0e990816-cb3e-4930-a2eb-77909e42cd66,Eddie Money,Eddie Money
The Doobie Brothers,280,exact_text,1.0,588dea29-eea3-456b-a815-3ee04f75c8e7,The Doobie Brothers,The Doobie Brothers
John Mellencamp,280,exact_text,1.0,0aad6b52-fd93-4ea4-9c5d-1f66e1bc9f0a,John Mellencamp,John Mellencamp
One Direction,279,exact_text,1.0,1a425bbd-cca4-4b2c-aeb7-71cb176c828a,One Direction,One Direction
Monica,277,exact_text,1.0,af84073d-3b6d-4390-9d3f-bf65a91c824f,Monica,Monica
Sheena Easton,276,exact_text,1.0,7b004920-b04e-4ff2-b2e5-55d8f1cc0522,Sheena Easton,Sheena Easton
Gloria Estefan,276,exact_text,1.0,becd8cc6-a453-4183-af88-dedaaec859a6,Gloria Estefan,Gloria Estefan
Lonestar,276,exact_text,1.0,407592bd-6b6e-4803-80fd-f17e59446734,Lonestar,Lonestar
Jason Derulo,275,exact_text,1.0,6de0f914-3e60-4418-be3b-42e0feb6eb4d,Jason Derulo,Jason Derulo
The Drifters,274,exact_text,1.0,9e2d3f58-0653-4007-bcb7-1746fcdd9363,The Drifters,The Drifters
Frank Sinatra,274,exact_text,1.0,197450cd-0124-4164-b723-3c22dd16494d,Frank Sinatra,Frank Sinatra
David Bowie,272,exact_text,1.0,5441c29d-3602-4898-b1a1-b77fa23b8e50,David Bowie,David Bowie
LL Cool J,271,exact_text,1.0,a4dd0e77-83b8-4e92-89b7-effb0e47fd8c,LL Cool J,LL Cool J
Aaliyah,271,exact_text,1.0,bc85da58-52d9-457d-ae8d-5d8d4ec870a9,Aaliyah,Aaliyah
Florida Georgia Line,271,exact_text,1.0,c16817df-0160-490d-a437-c128cbca9218,Florida Georgia Line,Florida Georgia Line
Red Hot Chili Peppers,270,exact_text,1.0,8bfac288-ccc5-448d-9573-c33ea2aa5c30,Red Hot Chili Peppers,Red Hot Chili Peppers
Travis Scott,270,exact_text,1.0,e4a51f17-a57b-47b1-b37b-f552d0f8e9e6,Travis Scott,Travis Scott
Three Dog Night,268,exact_text,1.0,1a48176d-1414-4a18-9792-50ba585d4d59,Three Dog Night,Three Dog Night
REO Speedwagon,268,exact_text,1.0,bdc70372-7e8a-4cb9-8d33-f036b3b7cdc1,REO Speedwagon,REO Speedwagon
3 Doors Down,268,exact_text,1.0,2386cd66-e923-4e8e-bf14-2eebe2e9b973,3 Doors Down,3 Doors Down
Avril Lavigne,268,exact_text,1.0,0103c1cc-4a09-4a5d-a344-56ad99a77193,Avril Lavigne,Avril Lavigne
James Brown And The Famous Flames,264,exact_text,1.0,c6db5c68-da57-41f9-8472-3da2e42977c4,James Brown & The Famous Flames,James Brown & The Famous Flames
Helen Reddy,263,exact_text,1.0,0f4681f3-1d4d-4463-8a68-eaa60d6d6865,Helen Reddy,Helen Reddy
Future,263,exact_text,1.0,48262e82-db9f-4a92-b650-dfef979b73ec,Future,Future
Martina McBride,262,exact_text,1.0,b0a55bd8-60c7-45c1-b78e-f20e4c8adba1,Martina McBride,Martina McBride
Jake Owen,262,exact_text,1.0,508f4f83-26dc-4d21-98d9-1a8c04d5ad4a,Jake Owen,Jake Owen
Tom Jones,261,exact_text,1.0,57c6f649-6cde-48a7-8114-2a200247601a,Tom Jones,Tom Jones
ABBA,261,exact_text,1.0,d87e52c5-bb8d-4da8-b941-9f4928627dc8,ABBA,ABBA
Harry Styles,261,exact_text,1.0,7eb1ce54-a355-41f9-8d68-e018b096d427,Harry Styles,Harry Styles
Lil Uzi Vert,260,exact_text,1.0,8837b875-3689-4646-b3fd-d8b53815c7a8,Lil Uzi Vert,Lil Uzi Vert
Pat Benatar,257,exact_text,1.0,6bc658ea-005f-486b-8f94-33a2e40f7a72,Pat Benatar,Pat Benatar
Demi Lovato,257,exact_text,1.0,faf4cefb-036c-4c88-b93a-5b03dd0a0e6b,Demi Lovato,Demi Lovato
Dan + Shay,255,exact_text,1.0,33cf3954-10af-4dcb-985f-9420d1fa4168,Dan + Shay,Dan + Shay
Kiss,254,exact_text,1.0,e1f1e33e-2e4c-4d43-b91b-7064068d3283,KISS,KISS
Natalie Cole,254,exact_text,1.0,eb45032c-80da-469c-be20-1d09f08ef37f,Natalie Cole,Natalie Cole
Smokey Robinson,253,exact_text,1.0,c19ff12b-058f-44a8-b245-b0efb4752925,Smokey Robinson,Smokey Robinson
Christina Aguilera,253,exact_text,1.0,b202beb7-99bd-47e7-8b72-195c8d72ebdd,Christina Aguilera,Christina Aguilera
The O'Jays,252,fuzzy,0.9474,8153c6ef-026c-481f-b081-974f2c948d9f,The O’Jays,The O’Jays
Sheryl Crow,252,exact_text,1.0,80ccfede-c258-4575-a7ad-c982e9932e0f,Sheryl Crow,Sheryl Crow
Al Martino,251,exact_text,1.0,8dd7d6f8-8ede-4ecd-84a6-e40dd235c075,Al Martino,Al Martino
Bobby Rydell,251,exact_text,1.0,05ae3db6-4d20-4ea2-97a6-024d3f0e56c8,Bobby Rydell,Bobby Rydell
Pat Boone,249,exact_text,1.0,52e94208-f7c8-4e07-97ed-d5edeb0cfe60,Pat Boone,Pat Boone
Little River Band,248,exact_text,1.0,0b5df3f3-7f4c-4ffb-9279-dbab6cd9bea5,Little River Band,Little River Band
Eric Clapton,247,exact_text,1.0,618b6900-0618-4f1e-b835-bccb17f84294,Eric Clapton,Eric Clapton
R.E.M.,247,exact_text,1.0,ea4dfa26-f633-4da6-a52a-f49ea4897b58,R.E.M.,R.E.M.
Jerry Butler,245,exact_text,1.0,fec55784-ff5c-4992-83dd-1f7c4b10c6bf,Jerry Butler,Jerry Butler
Jonas Brothers,245,exact_text,1.0,6e019bc6-5c23-4935-94f0-4a896631d846,Jonas Brothers,Jonas Brothers
Brandy,243,exact_text,1.0,01e60eba-52df-4694-8f09-39f43abe54e9,Brandy,Brandy
Trey Songz,241,exact_text,1.0,4d7304f6-7fe3-4959-9d98-01a5af84afe6,Trey Songz,Trey Songz
Carly Simon,239,exact_text,1.0,c4df30f5-5487-4806-9189-b69c9f27532c,Carly Simon,Carly Simon
John Mayer,239,exact_text,1.0,144ef525-85e9-40c3-8335-02c32d0861f3,John Mayer,John Mayer
The Miracles,238,exact_text,1.0,6a4c2d34-7f7f-4f87-b17f-b5540aa840db,The Miracles,The Miracles
T.I.,237,exact_text,1.0,f7ba7fbe-c6bd-4ac0-bee9-c25c558d7d62,T.I.,T.I.
Shawn Mendes,236,exact_text,1.0,b7d92248-97e3-4450-8057-6fe06738f735,Shawn Mendes,Shawn Mendes
Johnny Tillotson,235,exact_text,1.0,2e044523-e7a8-4167-99b4-f835b88ff712,Johnny Tillotson,Johnny Tillotson
Tina Turner,235,exact_text,1.0,9072df14-b61e-42e2-b4f4-6bbb7fdb5586,Tina Turner,Tina Turner
Matchbox Twenty,235,exact_text,1.0,75af9d25-cf32-49c0-9192-60bd8e9784e6,Matchbox Twenty,Matchbox Twenty
Survivor,234,exact_text,1.0,55ef024a-6cc0-49ed-8ce2-2e12193c0f46,Survivor,Survivor
Juice WRLD,232,exact_text,1.0,4e4ebde4-0c56-4dec-844b-6c73adcdd92d,Juice WRLD,Juice WRLD
Johnny Mathis,231,exact_text,1.0,48896dee-a985-424d-9849-84802f7e79c9,Johnny Mathis,Johnny Mathis
Dean Martin,231,exact_text,1.0,5e6c760b-42e0-4df4-a221-0269355da00a,Dean Martin,Dean Martin
The Who,231,exact_text,1.0,9fdaa16b-a6c4-4831-b87c-bc9ca8ce7eaa,The Who,The Who
Tate McRae,230,exact_text,1.0,f9133869-f87c-459c-9aa7-2f176cda7e06,Tate McRae,Tate McRae
Goo Goo Dolls,229,exact_text,1.0,e2c00c56-8365-4160-9f40-a64682917633,Goo Goo Dolls,Goo Goo Dolls
Steve Winwood,228,exact_text,1.0,885f90ef-6bd9-409a-b2df-e165e553c68e,Steve Winwood,Steve Winwood
Darius Rucker,227,exact_text,1.0,3ae70f76-ea53-4cc5-906e-d47a384202a1,Darius Rucker,Darius Rucker
Alice Cooper,226,exact_text,1.0,ee58c59f-8e7f-4430-b8ca-236c4d3745ae,Alice Cooper,Alice Cooper
Air Supply,226,exact_text,1.0,df9a1914-7fad-4900-bdd4-d7811712a2a8,Air Supply,Air Supply
INXS,225,exact_text,1.0,481bf5f9-2e7c-4c44-b08a-05b32bc7c00d,INXS,INXS
New Edition,225,exact_text,1.0,b4b94b15-1535-48a4-aa1e-d44e55d75bc5,New Edition,New Edition
En Vogue,225,exact_text,1.0,9a883a69-436b-4d17-9ffd-122a9bf4419a,En Vogue,En Vogue
Selena Gomez,224,exact_text,1.0,e4bc69e2-a064-4f93-ada1-f7f209cc1cc3,Selena Gomez,Selena Gomez
Gene Pitney,223,exact_text,1.0,828b1208-2ce4-40c1-b659-11d7f540748c,Gene Pitney,Gene Pitney
Daughtry,223,exact_text,1.0,21e3292e-dac8-4609-b57d-402f926aa41f,Daughtry,Daughtry
Glee Cast,223,exact_text,1.0,29542149-a818-4167-aa91-439adc9d61f5,Glee Cast,Glee Cast
Sugarland,220,exact_text,1.0,f87b740a-c22b-4fae-9987-1f3e16f840c4,Sugarland,Sugarland
B.J. Thomas,218,exact_text,1.0,42a19448-ff60-4fd2-9d10-959bf2000729,B.J. Thomas,B.J. Thomas
Don Henley,218,exact_text,1.0,b2c2d4fe-8c1e-44ec-8be6-ff500e105a90,Don Henley,Don Henley
YoungBoy Never Broke Again,218,exact_text,1.0,127d8614-0876-4408-886c-6f110b047a78,YoungBoy Never Broke Again,YoungBoy Never Broke Again
The Kinks,217,exact_text,1.0,17b53d9f-5c63-4a09-a593-dde4608e0db9,The Kinks,The Kinks
The Marvelettes,216,exact_text,1.0,faca5707-ce1a-4276-a5bc-a4061bfb33d2,The Marvelettes,The Marvelettes
Bobby Goldsboro,216,exact_text,1.0,a85c70af-90e4-4a7c-83b1-e1bd567d7d2f,Bobby Goldsboro,Bobby Goldsboro
Billy Ocean,216,exact_text,1.0,0e422e91-a42a-4b4d-8413-9baff67350f2,Billy Ocean,Billy Ocean
The Hollies,215,exact_text,1.0,d4305549-6b4e-4a57-b24d-8af0743fe191,The Hollies,The Hollies
The Moody Blues,215,exact_text,1.0,774666d2-2064-4d6c-856c-f8cda0aaf9f0,The Moody Blues,The Moody Blues
Dr. Hook,215,exact_text,1.0,1c893468-37a9-4fb7-909f-929751a8ebed,Dr. Hook,Dr. Hook
Lenny Kravitz,215,exact_text,1.0,0ef3f425-9bd2-4216-9dd2-219d2fe90f1f,Lenny Kravitz,Lenny Kravitz
Chappell Roan,214,exact_text,1.0,56a55378-f155-48de-80a5-d80104221267,Chappell Roan,Chappell Roan
Lifehouse,213,exact_text,1.0,04591295-6d94-45cb-b6c7-1ae17c6f380e,Lifehouse,Lifehouse
Bette Midler,212,exact_text,1.0,ed333e8b-d18a-49fc-b361-4ec9731dfdba,Bette Midler,Bette Midler
Paula Abdul,212,exact_text,1.0,275d1fca-22e8-46b9-85e6-c3523098a599,Paula Abdul,Paula Abdul
Al Green,211,exact_text,1.0,fb7272ba-f130-4f0a-934d-6eeea4c18c9a,Al Green,Al Green
Trace Adkins,211,exact_text,1.0,3dc9c919-508f-4255-b05e-0eed6a28137d,Trace Adkins,Trace Adkins
Toto,210,exact_text,1.0,aab5c954-cabe-432e-899e-1c4f99757327,Toto,Toto
Babyface,210,exact_text,1.0,7fa62c0b-2c74-491e-a2a1-17c3b043f326,Babyface,Babyface
Bobby Vee,208,exact_text,1.0,97ebb1b4-1d9c-4303-bb60-074c993e2d53,Bobby Vee,Bobby Vee
The Righteous Brothers,208,exact_text,1.0,1ac3366a-a0e9-4a55-8f6e-796fce32a3b2,The Righteous Brothers,The Righteous Brothers
Expose,208,exact_text,1.0,c9a9f9c2-2396-446e-8220-603114bef4dc,Exposé,Exposé
The Grass Roots,207,exact_text,1.0,3452655c-831e-4552-935a-729129df92da,The Grass Roots,The Grass Roots
Jodeci,207,exact_text,1.0,ed7e12c4-0c08-477c-bd64-5eaa96b9f853,Jodeci,Jodeci
The Dave Clark Five,206,exact_text,1.0,6da6a053-618f-4f17-aea1-c8075bd8cc2d,The Dave Clark Five,The Dave Clark Five
Joe Tex,206,exact_text,1.0,bb25e0ba-fd11-4d2a-8ec3-f5674f67c874,Joe Tex,Joe Tex
The Guess Who,206,exact_text,1.0,4c567499-3a26-40e3-9471-20feb6c73767,The Guess Who,The Guess Who
Bobby Brown,206,exact_text,1.0,d11f9c07-0eac-4a1f-a443-19cd0f63d5f0,Bobby Brown,Bobby Brown
Sting,205,exact_text,1.0,7944ed53-2a58-4035-9b93-140a71e41c34,Sting,Sting
Chris Stapleton,205,exact_text,1.0,71d58182-aa37-4c04-b21a-efe46ea0f221,Chris Stapleton,Chris Stapleton
Frankie Avalon,204,exact_text,1.0,a21c1636-c622-48b7-bf6a-d9032645aa55,Frankie Avalon,Frankie Avalon
Cheap Trick,203,exact_text,1.0,9f870653-72b0-4c6d-8c59-439a95963e09,Cheap Trick,Cheap Trick
Old Dominion,202,exact_text,1.0,a320c615-206f-452f-9a9b-13ea15f8c0eb,Old Dominion,Old Dominion
Wings,201,exact_text,1.0,d922d727-240a-4432-9a88-05a7cf9bc403,Wings,Wings
SWV,201,exact_text,1.0,fffc6a35-ae65-48be-bcc0-9d604e05665e,SWV,SWV
Metallica,200,exact_text,1.0,65f4f0c5-ef9e-490c-aee3-909e7ae6b2ab,Metallica,Metallica
Color Me Badd,200,exact_text,1.0,c7f33343-7870-4e03-9892-65ad81d18db5,Color Me Badd,Color Me Badd
The Shirelles,199,exact_text,1.0,a8540ea0-1a74-4c22-8b70-1348a77a74a0,The Shirelles,The Shirelles
Jr. Walker & The All Stars,199,exact_text,1.0,07d78001-dde0-489c-9281-d2fa98a85de4,Jr. Walker & the All Stars,Jr. Walker & the All Stars
Taylor Dayne,199,exact_text,1.0,c0cd3de7-4654-482b-913b-6fd7dc4ce9a4,Taylor Dayne,Taylor Dayne
Ricky Nelson,198,fuzzy,0.9565,0b511854-c21c-4af1-9c31-e3fc178ded61,Rick Nelson,Rick Nelson
B.B. King,198,exact_text,1.0,dcb03ce3-67a5-4eb3-b2d1-2a12d93a38f3,B.B. King,B.B. King
Cyndi Lauper,198,exact_text,1.0,7bd9e20e-74b9-446a-a2ed-a223f82a36e7,Cyndi Lauper,Cyndi Lauper
Sam Smith,198,exact_text,1.0,5a85c140-dcf9-4dd2-b2c8-aff0471549f3,Sam Smith,Sam Smith
Johnny Cash,197,exact_text,1.0,d43d12a1-2dc9-4257-a2fd-0a3bb1081b86,Johnny Cash,Johnny Cash
Depeche Mode,197,exact_text,1.0,8538e728-ca0b-4321-b7e5-cff6565dd4c0,Depeche Mode,Depeche Mode
OutKast,197,exact_text,1.0,73fdb566-a9b1-494c-9f32-51768ec9fd27,OutKast,OutKast
Tom Petty And The Heartbreakers,196,exact_text,1.0,f93dbc64-6f08-4033-bcc7-8a0bb4689849,Tom Petty and the Heartbreakers,Tom Petty and the Heartbreakers
Nat King Cole,195,exact_text,1.0,fbe054ec-a143-4101-9e9e-64abc5ff5ac9,Nat King Cole,Nat King Cole
Billy Idol,195,exact_text,1.0,47c8f88b-987a-4b64-9175-2b1b57809727,Billy Idol,Billy Idol
America,193,exact_text,1.0,34cf95c7-4be9-4efd-a48a-c2ea4a0bb114,America,America
New Kids on the Block,193,exact_text,1.0,090dafe5-818c-4bba-9ebf-7e3a651a5c43,New Kids on the Block,New Kids on the Block
Ginuwine,193,exact_text,1.0,9e5fd95d-c0c1-412c-be11-06e7fbe99556,Ginuwine,Ginuwine
Jermaine Jackson,192,exact_text,1.0,ccbdc2ab-1055-44d5-8417-a6b4898bf91b,Jermaine Jackson,Jermaine Jackson
Poison,192,exact_text,1.0,c79c43d4-cbed-4373-89ce-6560f62eb7d8,Poison,Poison
Roxette,191,exact_text,1.0,d3b2711f-2baa-441a-be95-14945ca7e6ea,Roxette,Roxette
Creed,191,exact_text,1.0,4b1a830b-0a1f-42e5-b8d5-1d6743912e99,Creed,Creed
Petula Clark,190,exact_text,1.0,40e69149-45a7-4dab-8128-c5a4d9654eeb,Petula Clark,Petula Clark
Laura Branigan,190,exact_text,1.0,917976a6-75b1-46af-b57b-71f13de20422,Laura Branigan,Laura Branigan
Ace of Base,190,exact_text,1.0,d4a1404d-e00c-4bac-b3ba-e3557f6468d6,Ace of Base,Ace of Base
Halsey,190,exact_text,1.0,3377f3bb-60fc-4403-aea9-7e800612e060,Halsey,Halsey
Tommy James And The Shondells,188,exact_text,1.0,a13c01e2-7739-4b25-af65-38e2fcb560e2,Tommy James & the Shondells,Tommy James & the Shondells
KC And The Sunshine Band,188,exact_text,1.0,76a5a114-ed6a-4eb6-8a81-ad5768d4b41c,KC and the Sunshine Band,KC and the Sunshine Band
Salt-N-Pepa,188,fuzzy,0.9,26bcd35d-56a3-4e4d-8ad7-7bc5787c3af1,Salt‐N‐Pepa,Salt‐N‐Pepa
Herman's Hermits,187,fuzzy,0.9677,fc9ec2b3-b44a-4dad-8bc3-ff3738ee02ae,Herman’s Hermits,Herman’s Hermits
Jon Secada,187,exact_text,1.0,01d76a27-ee74-4e50-9383-b2f0683bae76,Jon Secada,Jon Secada
50 Cent,187,exact_text,1.0,8e68819d-71be-4e7d-b41d-f1df81b01d3f,50 Cent,50 Cent
Jan & Dean,186,exact_text,1.0,b02cc1b7-35ef-4804-9678-e95085e106ae,Jan & Dean,Jan & Dean
Ray Stevens,186,exact_text,1.0,140220f3-95fe-417a-8b66-4102d2deacb9,Ray Stevens,Ray Stevens
Tommy Roe,186,exact_text,1.0,01e708f5-bb89-44b5-84db-df544cff636d,Tommy Roe,Tommy Roe
Jefferson Starship,186,exact_text,1.0,4854429b-66f7-41c0-a89c-030bb7ccf958,Jefferson Starship,Jefferson Starship
Jackson Browne,185,exact_text,1.0,88527d26-7496-47c5-8358-ebdb1868a90f,Jackson Browne,Jackson Browne
Colbie Caillat,185,exact_text,1.0,efc8a006-d0c6-4a9b-8cb1-91ca770fa2b9,Colbie Caillat,Colbie Caillat
Bob Dylan,184,exact_text,1.0,72c536dc-7137-4477-a521-567eeb840fa8,Bob Dylan,Bob Dylan
Keith Sweat,184,exact_text,1.0,33ecb3d1-9ece-4462-b231-ce6e7a82dd50,Keith Sweat,Keith Sweat
Sarah McLachlan,184,exact_text,1.0,ce58d854-7430-4231-aa44-97f0144b3372,Sarah McLachlan,Sarah McLachlan
Ellie Goulding,183,exact_text,1.0,33ca19f4-18c8-4411-98df-ac23890ce9f5,Ellie Goulding,Ellie Goulding
Donny Osmond,182,exact_text,1.0,0caf9760-a755-4f14-a0ac-f669991527ab,Donny Osmond,Donny Osmond
Bad Company,182,exact_text,1.0,0053dbd9-bfbc-4e38-9f08-66a27d914c38,Bad Company,Bad Company
Guns N' Roses,182,exact_text,1.0,eeb1195b-f213-4ce1-b28c-8565211f8e43,Guns N’ Roses,Guns N’ Roses
War,181,exact_text,1.0,3e6bbdb8-66c8-439c-a3d9-87391ce88740,War,War
Paul Simon,181,exact_text,1.0,05517043-ff78-4988-9c22-88c68588ebb9,Paul Simon,Paul Simon
ZZ Top,181,exact_text,1.0,a81259a0-a2f5-464b-866e-71220f2739f1,ZZ Top,ZZ Top
Anita Baker,181,exact_text,1.0,02349767-d5ac-4528-892d-17b6d40107a1,Anita Baker,Anita Baker
Savage Garden,181,exact_text,1.0,a871fd87-50f7-4032-b06d-da56779edcce,Savage Garden,Savage Garden
Dan Fogelberg,180,exact_text,1.0,b1a7ac99-2ea9-4d3e-b17f-1cad379e46ae,Dan Fogelberg,Dan Fogelberg
Jon Pardi,180,exact_text,1.0,ad590765-191c-4c07-9d64-49633488e9a8,Jon Pardi,Jon Pardi
The Alan Parsons Project,179,exact_text,1.0,f98711e5-06f7-43ed-8239-da0f61a9c460,The Alan Parsons Project,The Alan Parsons Project
*NSYNC,179,exact_text,1.0,603ba565-3967-4be1-931e-9cb945394e86,*NSYNC,*NSYNC
Meghan Trainor,179,exact_text,1.0,b2029169-2574-4305-820f-252a5fde3697,Meghan Trainor,Meghan Trainor
Khalid,179,exact_text,1.0,28737730-ec70-4da5-89c5-77ac13c5c34d,Khalid,Khalid
Otis Redding,178,exact_text,1.0,82b1f5fd-cd31-41a9-b5d4-7e33f0eb9751,Otis Redding,Otis Redding
Santana,178,exact_text,1.0,9a3bf45c-347d-4630-894d-7cf3e8e0b632,Santana,Santana
Loverboy,178,exact_text,1.0,c11ba128-03b1-404d-ae88-452524b7ecc3,Loverboy,Loverboy
The Band Perry,178,exact_text,1.0,28955336-2348-488a-9381-e3a7b0107343,The Band Perry,The Band Perry
Cardi B,178,exact_text,1.0,2f3c4d70-0462-40da-bba3-0aec5772c556,Cardi B,Cardi B
Engelbert Humperdinck,177,exact_text,1.0,62c28bc0-f696-4c50-8e54-5f8e9120bdb8,Engelbert Humperdinck,Engelbert Humperdinck
Tavares,177,exact_text,1.0,08b2c88f-6c13-419b-a4f5-182cc3738e49,Tavares,Tavares
Tevin Campbell,177,exact_text,1.0,f368568b-1f9f-4d29-99e7-89a2125d0cfe,Tevin Campbell,Tevin Campbell
Hootie & The Blowfish,177,exact_text,1.0,b3120863-d98d-4bad-a637-8abd8cde6685,Hootie & the Blowfish,Hootie & the Blowfish
Marty Robbins,176,exact_text,1.0,2c2add7c-9a99-4812-a20e-870d331f01fd,Marty Robbins,Marty Robbins
Etta James,176,exact_text,1.0,e22d2f66-881e-41ca-9356-544697ee5f90,Etta James,Etta James
Cliff Richard,176,exact_text,1.0,b5c2fdfc-d037-45b8-84f9-09ebb7ff8aa1,Cliff Richard,Cliff Richard
Simon & Garfunkel,176,exact_text,1.0,5d02f264-e225-41ff-83f7-d9b1f0b1874a,Simon & Garfunkel,Simon & Garfunkel
The Police,176,exact_text,1.0,9e0e2b01-41db-4008-bd8b-988977d6019a,The Police,The Police
Steely Dan,175,exact_text,1.0,e01c3376-15fa-40d7-b747-5f219bdefdd7,Steely Dan,Steely Dan
Barry White,175,exact_text,1.0,b904d624-9e05-4398-8f4f-88fbcf022f79,Barry White,Barry White
Captain & Tennille,175,exact_text,1.0,ae27f1d1-b8c4-4b2f-88a0-094c3333ed24,Captain & Tennille,Captain & Tennille
Eurythmics,175,exact_text,1.0,b4d32cff-f19e-455f-86c4-f347d824ca61,Eurythmics,Eurythmics
Chuck Berry,174,exact_text,1.0,592a3b6d-c42b-4567-99c9-ecf63bd66499,Chuck Berry,Chuck Berry
The J. Geils Band,174,exact_text,1.0,43b9b30b-f719-464a-8bf3-07c294c257b2,The J. Geils Band,The J. Geils Band
George Benson,173,exact_text,1.0,467f69b6-8d6d-4d2c-bfad-e89adf2806ff,George Benson,George Benson
Nelly,173,exact_text,1.0,811900b2-68fc-4d41-8bad-69b7a1f4d628,Nelly,Nelly
Eddie Rabbitt,172,exact_text,1.0,486d04cf-355f-4afb-a694-a895918c45ac,Eddie Rabbitt,Eddie Rabbitt
Mary Wells,171,exact_text,1.0,43fe7a49-2a63-48f1-871c-12450d21eeb1,Mary Wells,Mary Wells
The Platters,170,exact_text,1.0,3fb55c03-3ad9-4341-8d0b-7c4c49aefca0,The Platters,The Platters
Boz Scaggs,170,exact_text,1.0,18a33653-bbaf-4aa7-884c-73f02a7a4515,Boz Scaggs,Boz Scaggs
The Steve Miller Band,169,exact_normalized,1.0,e57f0cac-4f56-473c-8d7e-d93f753fd586,Steve Miller Band,Steve Miller Band
Jewel,169,exact_text,1.0,abae8575-ec8a-4736-abc3-1ad5093a68aa,Jewel,Jewel
Jody Watley,168,exact_text,1.0,699e687d-9e77-4fd0-9b7a-54d2aaadf05b,Jody Watley,Jody Watley
Debbie Gibson,168,exact_text,1.0,5c7c8529-dcbb-4ff8-b2c9-d363a91756ea,Debbie Gibson,Debbie Gibson
Culture Club,167,exact_text,1.0,81435053-e1a2-48a4-adfd-e89f310c7b38,Culture Club,Culture Club
Howard Jones,167,exact_text,1.0,23b2cc78-7595-4630-bebb-a349a4f25262,Howard Jones,Howard Jones
Jimmie Rodgers,166,exact_text,1.0,394492c0-cecf-40a8-b676-0e5706317fab,Jimmie Rodgers,Jimmie Rodgers
The Monkees,166,exact_text,1.0,b8549efe-f4fd-4dc0-8ef1-226e9c400233,The Monkees,The Monkees
Jay & The Americans,165,exact_text,1.0,4d3279bc-b3de-45da-aa2c-2274ef08c6dd,Jay & the Americans,Jay & the Americans
Little Big Town,165,exact_text,1.0,76e78b58-f301-4975-8058-7f84d8360738,Little Big Town,Little Big Town
Solomon Burke,164,exact_text,1.0,d5c79890-36c5-4f1b-bed3-4468eee093f3,Solomon Burke,Solomon Burke
Ben E. King,163,exact_text,1.0,837555ba-012e-45f1-9a9c-9628da13ee54,Ben E. King,Ben E. King
Sly & The Family Stone,163,exact_text,1.0,b7ec4c54-1f93-4bf2-957f-7b9921ab84ea,Sly & the Family Stone,Sly & the Family Stone
XXXTENTACION,163,exact_text,1.0,61af87f4-16ee-4431-8504-cc06187079fb,XXXTENTACION,XXXTENTACION
Glenn Frey,162,exact_text,1.0,a717be4f-8b3d-4355-b33c-2b84f88fe40d,Glenn Frey,Glenn Frey
Amy Grant,162,exact_text,1.0,3cd18a93-1797-4bbb-9b8a-c096d5e7864c,Amy Grant,Amy Grant
Foo Fighters,162,exact_text,1.0,67f66c07-6e61-4026-ade5-7e782fad3a5d,Foo Fighters,Foo Fighters
Lil Wayne,162,exact_text,1.0,ac9a487a-d9d2-4f27-bb23-0f4686488345,Lil Wayne,Lil Wayne
Twenty One Pilots,162,exact_text,1.0,a6c6897a-7415-4f8d-b5a5-3a5e05f3be67,twenty one pilots,twenty one pilots
Brian Hyland,161,exact_text,1.0,1de9c97e-2409-409b-bf99-3ae711af6e4e,Brian Hyland,Brian Hyland
Johnnie Taylor,161,exact_text,1.0,4c1c21bc-56d9-4bed-8b58-360b08e76ffa,Johnnie Taylor,Johnnie Taylor
George Harrison,161,exact_text,1.0,42a8f507-8412-4611-854f-926571049fa0,George Harrison,George Harrison
Ohio Players,161,exact_text,1.0,81e07550-d0e2-467e-bc71-44b5d52de8f4,Ohio Players,Ohio Players
Melissa Etheridge,161,exact_text,1.0,b3ae82c2-e60b-4551-a76d-6620f1b456aa,Melissa Etheridge,Melissa Etheridge
Dru Hill,161,exact_text,1.0,2d7d0a67-ae5d-4ac0-93aa-aa52ef3a976a,Dru Hill,Dru Hill
Teddy Swims,161,exact_text,1.0,35feae82-8b2c-4f8f-ae7a-af5662848947,Teddy Swims,Teddy Swims
Sean Paul,160,exact_text,1.0,c3da3346-2643-48a7-93cd-011f6834b3d7,Sean Paul,Sean Paul
Green Day,160,exact_text,1.0,084308bd-1654-436f-ba03-df6697104e19,Green Day,Green Day
Andy Gibb,159,exact_text,1.0,f1d174fc-6bd9-41fe-b4c8-972ab578fb5c,Andy Gibb,Andy Gibb
UB40,159,exact_text,1.0,7113aab7-628f-4050-ae49-dbecac110ca8,UB40,UB40
M.C. Hammer,159,fuzzy,0.9474,cba94150-9113-4017-acc2-a8cc0313a084,MC Hammer,MC Hammer
Dustin Lynch,159,exact_text,1.0,64f8c7a9-1074-4ab7-bb2c-8397884cd38a,Dustin Lynch,Dustin Lynch
Maren Morris,159,exact_text,1.0,109357f0-eb37-4672-9697-dca8c83a61b5,Maren Morris,Maren Morris
Perry Como,158,exact_text,1.0,0182474b-8a1d-46d0-9d0f-e6df353335ea,Perry Como,Perry Como
Conway Twitty,158,exact_text,1.0,a3c60d26-90d6-4788-ba9b-a89693fc396d,Conway Twitty,Conway Twitty
Carole King,158,exact_text,1.0,bf6c29f5-b69f-4842-9031-37f9645d365d,Carole King,Carole King
Kim Carnes,158,exact_text,1.0,600c5212-a8e6-458e-bd3f-78b6fbfe329a,Kim Carnes,Kim Carnes
Bailey Zimmerman,158,exact_text,1.0,20543896-ec2c-48c4-b6b2-507c6cbe9918,Bailey Zimmerman,Bailey Zimmerman
Lesley Gore,157,exact_text,1.0,7f565c58-cf5d-441b-821f-c314ddf60c99,Lesley Gore,Lesley Gore
Ronnie Milsap,157,exact_text,1.0,f5d7d748-256e-4875-a065-78cf2f1e3d39,Ronnie Milsap,Ronnie Milsap
Dolly Parton,157,exact_text,1.0,1d543e07-d0d2-4834-a8db-d65c50c2a856,Dolly Parton,Dolly Parton
Scotty McCreery,157,exact_text,1.0,2294c553-58e4-425b-8bab-bee01f2d477a,Scotty McCreery,Scotty McCreery
Charlie Rich,156,exact_text,1.0,9fb7fe77-4e8b-4cbd-ba8f-84bcd80a24bc,Charlie Rich,Charlie Rich
The Chi-lites,156,fuzzy,0.96,daf21090-1c0f-46e6-bd76-9cd4d6ef7128,The Chi‐Lites,The Chi‐Lites
Paul McCartney,156,exact_text,1.0,ba550d0e-adac-4864-b88b-407cab5e76af,Paul McCartney,Paul McCartney
Juice Newton,156,exact_text,1.0,80f71f44-b3cd-4386-9768-b3398180f708,Juice Newton,Juice Newton
Jo Dee Messina,156,exact_text,1.0,3f8ee838-9e81-4a22-975a-bce739631165,Jo Dee Messina,Jo Dee Messina
Panic! At The Disco,156,exact_text,1.0,b9472588-93f3-4922-a1a2-74082cdf9ce8,Panic! at the Disco,Panic! at the Disco
DaBaby,156,exact_text,1.0,87ae83df-6173-40cc-a0f2-bad543faa6aa,DaBaby,DaBaby
Lou Rawls,155,exact_text,1.0,c8bd802a-6e4a-41a4-95fa-2c1ee33f65a5,Lou Rawls,Lou Rawls
Peaches & Herb,155,exact_text,1.0,8423b7a8-4e6a-4c78-aa51-5e39764af467,Peaches & Herb,Peaches & Herb
The Cover Girls,155,exact_text,1.0,6bd8c926-3135-4d0c-acd6-8dd42fec3661,The Cover Girls,The Cover Girls
Ashanti,155,exact_text,1.0,a47ed6d5-480e-428c-8ce9-d7a6a571e857,Ashanti,Ashanti
Flo Rida,155,exact_text,1.0,4593d49a-7f67-46ba-9ec0-126bd676286f,Flo Rida,Flo Rida
Tony Bennett,154,exact_text,1.0,8be0594f-8c13-46bb-ab06-f93ffba5c776,Tony Bennett,Tony Bennett
Creedence Clearwater Revival,154,exact_text,1.0,109958eb-a335-4c5e-907e-597ff4c6af46,Creedence Clearwater Revival,Creedence Clearwater Revival
Jason Mraz,154,exact_text,1.0,82eb8936-7bf6-4577-8320-a2639465206d,Jason Mraz,Jason Mraz
Patti Page,153,exact_text,1.0,46bd1529-4301-4d10-9124-17d9e858034e,Patti Page,Patti Page
Gene Chandler,153,exact_text,1.0,89ac1a98-98f0-473c-96ef-e6f7cb0944ae,Gene Chandler,Gene Chandler
K-Ci & JoJo,153,fuzzy,0.96,23d1dfc6-0281-488a-8e32-ef7ddc279fbc,K‐Ci & JoJo,K‐Ci & JoJo
Gwen Stefani,153,exact_text,1.0,2e41ae9c-afd2-4f20-8f1e-17281ce9b472,Gwen Stefani,Gwen Stefani
The Kingston Trio,152,exact_text,1.0,78977492-5888-4c7a-92b3-95293e90a653,The Kingston Trio,The Kingston Trio
Christopher Cross,152,exact_text,1.0,883e4ba4-8ccc-47ed-81df-df51e41792a9,Christopher Cross,Christopher Cross
Motley Crue,152,exact_text,1.0,26f07661-e115-471d-a930-206f5c89d17c,Mötley Crüe,Mötley Crüe
Tony! Toni! Tone!,152,exact_text,1.0,511562a6-c381-44df-9bc4-27be779716b8,Tony! Toni! Toné!,Tony! Toni! Toné!
Booker T. & The MG's,151,fuzzy,0.9756,377015fb-c02f-4b05-960b-e0df6a7ea99e,Booker T. & the MG’s,Booker T. & the MG’s
Kansas,151,exact_text,1.0,69689acf-d9cd-4d20-a972-47db4ed51b1a,Kansas,Kansas
Faith Evans,151,exact_text,1.0,ebcd0bad-75ef-4203-b7b3-7af38a9ef198,Faith Evans,Faith Evans
Bread,150,exact_text,1.0,e3bcf587-a354-4723-a2d3-1c679d6571ea,Bread,Bread
Cat Stevens,150,exact_text,1.0,e2345fdf-2be7-47c5-a6dd-be64353ad134,Cat Stevens,Cat Stevens
The Jacksons,150,exact_text,1.0,e5257dc5-1edd-4fca-b7e6-1158e00522c8,The Jacksons,The Jacksons
2Pac,150,exact_text,1.0,382f1005-e9ab-4684-afd4-0bdae4ee37f2,2Pac,2Pac
Collective Soul,150,exact_text,1.0,aa266ac7-d919-4132-982e-76cbd95591a7,Collective Soul,Collective Soul
The All-American Rejects,150,fuzzy,0.9787,09885b8e-f235-4b80-a02a-055539493173,The All‐American Rejects,The All‐American Rejects
John Michael Montgomery,149,exact_text,1.0,9647191b-5891-4885-bccc-f6bb9b200a6d,John Michael Montgomery,John Michael Montgomery
Third Eye Blind,149,exact_text,1.0,92a42e82-b36f-4308-82c1-68bad2e03c89,Third Eye Blind,Third Eye Blind
Peter| Paul & Mary,148,exact_text,1.0,3d621c94-2356-4532-ad52-79e0ef73e20c,"Peter, Paul and Mary","Peter, Paul and Mary"
Bob Seger & The Silver Bullet Band,148,exact_text,1.0,aeea3060-05ba-4dda-8c92-3dc899e24ce8,Bob Seger & the Silver Bullet Band,Bob Seger & the Silver Bullet Band
Blondie,148,exact_text,1.0,4d2956d1-a3f7-44bb-9a41-67563e1a0c94,Blondie,Blondie
Starship,148,exact_text,1.0,fbf445c0-11ae-4d3e-af1a-c6e2783e447c,Starship,Starship
Lil Nas X,148,exact_text,1.0,0b30341b-b59d-4979-8130-b66c0e475321,Lil Nas X,Lil Nas X
Melissa Manchester,147,exact_text,1.0,b1fdf831-b341-459e-9226-c7dc6ef0a93d,Melissa Manchester,Melissa Manchester
Paramore,147,exact_text,1.0,44cf61b8-5197-448a-b82b-cef6ee89fac5,Paramore,Paramore
Sonny & Cher,146,exact_text,1.0,3d6e4b6d-2700-458c-9722-9021965a8164,Sonny & Cher,Sonny & Cher
Pretenders,146,exact_text,1.0,e9c832b0-384b-4ee6-aec0-111372784aac,Pretenders,Pretenders
Thompson Twins,146,exact_text,1.0,228af6b5-f691-4ed2-a63b-10cc6fcc1144,Thompson Twins,Thompson Twins
Wham!,146,exact_text,1.0,d570bb31-b9ca-45a4-a2d9-11b186d9c159,Wham!,Wham!
Pearl Jam,146,exact_text,1.0,83b9cbe7-9857-49e2-ab8e-b57b01038103,Pearl Jam,Pearl Jam
Dusty Springfield,145,exact_text,1.0,b896aa8c-2761-40ce-b485-0e1fffd26167,Dusty Springfield,Dusty Springfield
Herb Alpert & The Tijuana Brass,145,exact_text,1.0,012ef4f9-2d35-4000-86e5-bc761f87dab9,Herb Alpert & the Tijuana Brass,Herb Alpert & the Tijuana Brass
Irene Cara,145,exact_text,1.0,26358fa2-80c2-47b0-a08b-33817caca7e8,Irene Cara,Irene Cara
The Bangles,145,exact_text,1.0,f31ec2ac-9071-4306-acd1-d2c8321033b5,The Bangles,The Bangles
Seal,145,exact_text,1.0,f053ae01-dae6-4aae-9883-e8c279fdbef4,Seal,Seal
Phil Vassar,145,exact_text,1.0,2b95a657-9729-4dc7-a02f-7d8624d2c970,Phil Vassar,Phil Vassar
Staind,144,exact_text,1.0,777a21a8-0d0f-4cf3-86b4-65bc0eba5649,Staind,Staind
Del Shannon,143,exact_text,1.0,2e885bfb-1f59-49cf-8d51-e743445e1b48,Del Shannon,Del Shannon
Ronnie Dove,143,exact_text,1.0,219e5d13-3560-4a80-a864-adc64bebdb6e,Ronnie Dove,Ronnie Dove
Gary Lewis And The Playboys,143,exact_text,1.0,7239a68e-2b03-42b0-95b6-dc268fe91806,Gary Lewis & the Playboys,Gary Lewis & the Playboys
Craig Morgan,143,exact_text,1.0,1415b94a-ae0d-4918-9100-1943e8227f1b,Craig Morgan,Craig Morgan
Jennifer Lopez,142,exact_text,1.0,f0602f55-1770-483d-89bd-4bae0d0ac086,Jennifer Lopez,Jennifer Lopez
Fergie,142,exact_text,1.0,1c46e82f-4764-4d82-a33b-5d5aee5e2881,Fergie,Fergie
Lobo,141,exact_text,1.0,3dc30744-48ad-4e74-889a-246273e5e344,Lobo,Lobo
Eddie Kendricks,141,exact_text,1.0,cf3ea6e9-c856-4737-a988-6b64cc9f2bf2,Eddie Kendricks,Eddie Kendricks
Jeffrey Osborne,141,exact_text,1.0,dfb666cb-933c-4675-8678-da8d6b43f86b,Jeffrey Osborne,Jeffrey Osborne
The Doors,140,exact_text,1.0,9efff43b-3b29-4082-824e-bc82f646f93d,The Doors,The Doors
Corey Hart,140,exact_text,1.0,32673e42-5ba2-4528-b3fe-a000a0c606e3,Corey Hart,Corey Hart
Sade,140,exact_text,1.0,67930b3e-e00b-469f-8c74-fd69f20522ec,Sade,Sade
Enrique Iglesias,140,exact_text,1.0,35f866dc-c061-48ba-8157-cf2e0eac4857,Enrique Iglesias,Enrique Iglesias
Herb Alpert,139,exact_text,1.0,db76f244-049f-440e-be53-cc5f3c0cdfb6,Herb Alpert,Herb Alpert
Atlanta Rhythm Section,139,exact_text,1.0,6b627bd0-b839-40c7-b025-7b60c122dfea,Atlanta Rhythm Section,Atlanta Rhythm Section
Stevie Nicks,139,exact_text,1.0,b7f2cca2-72c6-41fb-ae33-53370fc62fe7,Stevie Nicks,Stevie Nicks
Clay Walker,139,exact_text,1.0,961eb4d5-df1a-4959-a6fb-039278927ac4,Clay Walker,Clay Walker
Spice Girls,139,exact_text,1.0,bf0caafc-2b20-4e07-ab85-87e14ff430ce,Spice Girls,Spice Girls
Frankie Valli,138,exact_text,1.0,3c714102-94d8-42f4-9005-fb8a75c2766d,Frankie Valli,Frankie Valli
Donovan,137,exact_text,1.0,72d7d717-0837-4f2a-9641-d0f9fdd3acf7,Donovan,Donovan
Night Ranger,137,exact_text,1.0,2eabf78f-61fd-43d5-a4b4-0e9b376d9849,Night Ranger,Night Ranger
Brett Eldredge,137,exact_text,1.0,46510d46-ce20-4dde-b9ea-207e474353f4,Brett Eldredge,Brett Eldredge
Jack Scott,136,exact_text,1.0,f2cf0640-295d-4931-ad4e-95f7ce92b6f9,Jack Scott,Jack Scott
Bill Black's Combo,136,fuzzy,0.9714,8d172aa0-5b30-415c-9014-40fa04a493ce,Bill Black’s Combo,Bill Black’s Combo
Joe Cocker,136,exact_text,1.0,32f2d6bd-c22b-42cf-a7bc-0c4b48cd2bcb,Joe Cocker,Joe Cocker
Lizzo,136,exact_text,1.0,8fb5370b-9568-4b61-9da5-2aa12c9928db,Lizzo,Lizzo
Firefall,135,exact_text,1.0,87b12e99-75f4-4b53-8858-cab215f3ea4f,Firefall,Firefall
Peter Gabriel,135,exact_text,1.0,8e66ea2b-b57b-47d9-8df0-df4630aeb8e5,Peter Gabriel,Peter Gabriel
Atlantic Starr,135,exact_text,1.0,d793cf63-a10c-48fc-809c-9064d71328da,Atlantic Starr,Atlantic Starr
Jagged Edge,135,exact_text,1.0,8b4d99eb-7a54-4648-b299-8e1564d11385,Jagged Edge,Jagged Edge
Lee Ann Womack,135,exact_text,1.0,16c5bb7a-35b7-418d-880e-7ed3399f1b40,Lee Ann Womack,Lee Ann Womack
Billy Preston,134,exact_text,1.0,8a7cf497-dc5c-4523-932d-3fcbc9a69d38,Billy Preston,Billy Preston
Tears for Fears,134,exact_text,1.0,7c7f9c94-dee8-4903-892b-6cf44652e2de,Tears for Fears,Tears for Fears
Rick Astley,134,exact_text,1.0,db92a151-1ac2-438b-bc43-b82e149ddd50,Rick Astley,Rick Astley
Montell Jordan,134,exact_text,1.0,cc1f4763-a306-4ae7-8ba7-331872199f9e,Montell Jordan,Montell Jordan
Ricky Martin,134,exact_text,1.0,70ea63ea-70dc-4b63-951a-2c249d2b3b0a,Ricky Martin,Ricky Martin
Ludacris,134,exact_text,1.0,0638ba22-040f-438d-83a5-9b670c4adaf5,Ludacris,Ludacris
Puddle of Mudd,134,exact_text,1.0,ff460a70-fdf4-4aa2-b021-8a04da76d88e,Puddle of Mudd,Puddle of Mudd
Leo Sayer,133,exact_text,1.0,74df4e2f-fe75-4b4a-87c5-3f1b4bc95aa2,Leo Sayer,Leo Sayer
Sammy Hagar,133,exact_text,1.0,e68b06a4-d47f-432e-89d8-db43c48a2726,Sammy Hagar,Sammy Hagar
Clarence Carter,132,exact_text,1.0,d24bd0d5-0bfe-43ca-9ddd-d731abda89d7,Clarence Carter,Clarence Carter
Kelsea Ballerini,132,exact_text,1.0,779d1126-e48c-43f2-8b51-005f3b116d7e,Kelsea Ballerini,Kelsea Ballerini
Seals & Crofts,131,exact_text,1.0,b0633a9d-b576-4d7c-bb26-e4c6ed2728a9,Seals & Crofts,Seals & Crofts
Bonnie Raitt,131,exact_text,1.0,0f0da09c-3940-4cb5-879f-4cea28907810,Bonnie Raitt,Bonnie Raitt
The Cure,131,exact_text,1.0,69ee3720-a7cb-4402-b48d-a02c366f2bcf,The Cure,The Cure
Little Anthony And The Imperials,130,exact_text,1.0,bcb77c0a-0faa-4f10-bfd5-fd8583f4bfba,Little Anthony & the Imperials,Little Anthony & the Imperials
Freddy Cannon,130,exact_text,1.0,48c723b1-5044-4063-a934-b6a7602181b1,Freddy Cannon,Freddy Cannon
The Staple Singers,130,exact_text,1.0,3d49e36a-cc9e-411e-93c6-d1646ba5bd3a,The Staple Singers,The Staple Singers
Shai,130,exact_text,1.0,00b41159-d8c8-4c5d-9ce4-804e67050825,Shai,Shai
Brantley Gilbert,130,exact_text,1.0,9ad8aede-6938-48f2-93fa-908bc4da9ef6,Brantley Gilbert,Brantley Gilbert
Paul Revere & The Raiders Featuring Mark Lindsay,129,exact_text,1.0,7f6c83a6-f048-4895-99a1-94caf32a47ef,Paul Revere and the Raiders,Paul Revere and the Raiders
Ringo Starr,129,exact_text,1.0,300c4c73-33ac-4255-9d57-4e32627f5e13,Ringo Starr,Ringo Starr
Tyrese,129,exact_text,1.0,975d94b4-7ca8-4eec-ae48-1aa4660995d3,Tyrese,Tyrese
Lorde,129,exact_text,1.0,8e494408-8620-4c6a-82c2-c2ca4a1e4f12,Lorde,Lorde
Tommy Edwards,128,exact_text,1.0,0b1a0ca5-52cb-4d1d-8344-746f905ae115,Tommy Edwards,Tommy Edwards
Jim Croce,128,exact_text,1.0,fcfa9543-e113-4ef9-9ef6-455ba4cbe7af,Jim Croce,Jim Croce
Paul Young,128,exact_text,1.0,967002b0-58ef-4b22-a58c-fbc631ff695c,Paul Young,Paul Young
Xscape,128,exact_text,1.0,cf905ea4-8e81-40d0-9cf9-7aa2af41fa3e,Xscape,Xscape
Ray Charles and his Orchestra,127,exact_text,1.0,1e86edd8-0ca8-4f7c-b01f-6a619ccbf1c2,Ray Charles and His Orchestra,Ray Charles and His Orchestra
Rita Coolidge,127,exact_text,1.0,940b11e2-2df3-4374-9014-ff3fc710edef,Rita Coolidge,Rita Coolidge
Dino,127,exact_text,1.0,051738f8-c9f9-474b-b0fe-9a661792beff,Dino,Dino
Wilson Phillips,127,exact_text,1.0,32b2e717-9e01-4f45-ac73-9542ccf18d4d,Wilson Phillips,Wilson Phillips
5 Seconds of Summer,127,exact_text,1.0,830e5c4e-6b7d-431d-86ab-00c751281dc5,5 Seconds of Summer,5 Seconds of Summer
Ike & Tina Turner,126,exact_text,1.0,1c7b3786-b99a-40ab-81e4-f3056da19e13,Ike & Tina Turner,Ike & Tina Turner
Meat Loaf,126,exact_text,1.0,b134d1bf-c7c7-4427-93ac-9fdbc2b59ef1,Meat Loaf,Meat Loaf
Kenny G,126,exact_text,1.0,4cd556a5-db82-43f6-8d55-99598b42da8f,Kenny G,Kenny G
Gunna,126,exact_text,1.0,100b8734-f4f0-4536-9960-47f7c59d1b4c,Gunna,Gunna
Boston,125,exact_text,1.0,0d8b0d50-e4cf-4da4-965d-f24c58ec3268,Boston,Boston
Chic,125,exact_text,1.0,a4ed036b-5f18-439c-b1e1-96d205bab255,Chic,Chic
Ray Parker Jr.,125,exact_text,1.0,af9c073c-f230-4527-8fcd-2338fe1e129e,Ray Parker Jr.,Ray Parker Jr.
Jade,125,exact_text,1.0,22bec108-cd77-4b50-a9dd-449239909bf9,jade,jade
Jessica Simpson,125,exact_text,1.0,fe37acd4-893c-4b2c-8ad2-7fd394280354,Jessica Simpson,Jessica Simpson
Lainey Wilson,125,exact_text,1.0,a6e613d6-ff65-4972-beff-303a1b10ab05,Lainey Wilson,Lainey Wilson
Real McCoy,124,exact_text,1.0,7b0522f2-b808-4e48-82ce-fa9e32db06de,Real McCoy,Real McCoy
Blessid Union Of Souls,124,exact_text,1.0,f400aa79-e028-4d15-9554-69fce01091fd,Blessid Union of Souls,Blessid Union of Souls
Chris Cagle,124,exact_text,1.0,533aaba8-82a2-451b-a99b-a24392696543,Chris Cagle,Chris Cagle
Three Days Grace,124,exact_text,1.0,fabb37f8-eb2a-4cc1-a72a-b56935bbb72d,Three Days Grace,Three Days Grace
Alessia Cara,124,exact_text,1.0,97e69730-3791-423b-9770-287261588854,Alessia Cara,Alessia Cara
Roger Miller,123,exact_text,1.0,102045e3-577c-4b10-b01b-424b7e461094,Roger Miller,Roger Miller
Isaac Hayes,123,exact_text,1.0,a2361c7d-ddb6-41c1-a9a0-be09fbbb8d21,Isaac Hayes,Isaac Hayes
Gordon Lightfoot,123,exact_text,1.0,9d97b077-b28d-4ba8-a3d9-c71926e3b2b6,Gordon Lightfoot,Gordon Lightfoot
The Osmonds,123,exact_text,1.0,be96eda1-7e36-44f6-affe-80780400fae0,The Osmonds,The Osmonds
Gino Vannelli,123,exact_text,1.0,747e5054-f50b-498c-bff3-85f7313aeb80,Gino Vannelli,Gino Vannelli
Shalamar,123,exact_text,1.0,8e57b7d5-4548-4e2b-b32d-af4b4a51cb80,Shalamar,Shalamar
Pet Shop Boys,123,exact_text,1.0,be540c02-7898-4b79-9acc-c8122c7d9e83,Pet Shop Boys,Pet Shop Boys
CeCe Peniston,123,exact_text,1.0,16b3f3fc-6c76-4fec-8f0b-9fa9a4ec8e91,CeCe Peniston,CeCe Peniston
Shaboozey,123,exact_text,1.0,0b427dad-1ee5-48f1-aa4b-026680a3338e,Shaboozey,Shaboozey
Yes,122,exact_text,1.0,c1d4f2ba-cf39-460c-9528-6b827d3417a1,Yes,Yes
The Mamas & The Papas,121,exact_text,1.0,ff294730-0315-440d-a543-54005779c15b,The Mamas & the Papas,The Mamas & the Papas
Poco,121,exact_text,1.0,459ecf74-7f1f-434c-a304-73b78e9cdc97,Poco,Poco
Belinda Carlisle,121,exact_text,1.0,2925aac9-5474-4030-b8a3-4151107010b2,Belinda Carlisle,Belinda Carlisle
Nas,121,exact_text,1.0,cfbc0924-0035-4d6c-8197-f024653af823,Nas,Nas
John Legend,121,exact_text,1.0,75a72702-a5ef-4513-bca5-c5b944903546,John Legend,John Legend
England Dan & John Ford Coley,120,exact_text,1.0,2bca31d7-0cba-45da-a8e6-3d6e3a0fa10f,England Dan & John Ford Coley,England Dan & John Ford Coley
Joan Jett & The Blackhearts,120,exact_text,1.0,46e63d3b-d91b-4791-bb73-e9f638a45ea0,Joan Jett & The Blackhearts,Joan Jett & The Blackhearts
Naughty by Nature,120,exact_text,1.0,3bdcd49d-212e-4f4f-877a-eac1e4a2bddc,Naughty by Nature,Naughty by Nature
Shakira,120,exact_text,1.0,bf24ca37-25f4-4e34-9aec-460b94364cfc,Shakira,Shakira
Rae Sremmurd,120,exact_text,1.0,c78c3026-426b-4580-ab23-08490bb8b515,Rae Sremmurd,Rae Sremmurd
Lewis Capaldi,120,exact_text,1.0,526aab94-697f-44a9-b630-41d1c0505953,Lewis Capaldi,Lewis Capaldi
Clyde McPhatter,119,exact_text,1.0,3c562ee6-4855-4a11-8411-5e9e6c10586a,Clyde McPhatter,Clyde McPhatter
Pablo Cruise,119,exact_text,1.0,c24f87ef-72f9-4488-9dbd-63601322edba,Pablo Cruise,Pablo Cruise
The Human League,119,exact_text,1.0,7adaabfb-acfb-47bc-8c7c-59471c2f0db8,The Human League,The Human League
Maxwell,119,exact_text,1.0,d252cca8-8214-43e5-b81a-101eb4a1447e,Maxwell,Maxwell
Akon,119,exact_text,1.0,1138a764-2212-4d0a-b02d-0dc14df91e08,Akon,Akon
Michael Buble,119,exact_text,1.0,611700cf-27f0-4dc9-ae80-c513a767853e,Michael Bublé,Michael Bublé
Jim Reeves,118,exact_text,1.0,2c05faf7-5cc8-4476-9daa-d177ad75cd34,Jim Reeves,Jim Reeves
Billy Squier,118,exact_text,1.0,3792dcb3-036e-45d6-8ee2-ff8d12c6c6c9,Billy Squier,Billy Squier
Silk,118,exact_text,1.0,c41716b4-0c28-42f0-bc8d-9209473d057a,Silk,Silk
The Lovin' Spoonful,117,exact_text,1.0,abc08d4f-4e3c-4b5a-b1e8-d324cd6a2f92,The Lovin’ Spoonful,The Lovin’ Spoonful
Peter Frampton,117,exact_text,1.0,638206ee-0e3d-47cf-9769-d73330b15a87,Peter Frampton,Peter Frampton
112,117,exact_text,1.0,9132d515-dc0e-4494-85ae-20f06eed14f9,112,112
Next,117,exact_text,1.0,7700b039-cba9-46fa-a863-dcfb4c916d99,Next,Next
Natasha Bedingfield,117,exact_text,1.0,8b477559-946e-4ef2-9fe1-446cff8fdd79,Natasha Bedingfield,Natasha Bedingfield
Fetty Wap,117,exact_text,1.0,e3492ea0-5997-4241-a7bf-2fd7fb1bfad1,Fetty Wap,Fetty Wap
Cody Johnson,117,exact_text,1.0,faabeed5-3dd0-4be5-aec5-e6486e68db2f,Cody Johnson,Cody Johnson
Billy Vaughn And His Orchestra,116,exact_text,1.0,70d4f7b9-56e8-43c5-a51f-e0925e8d1b27,Billy Vaughn and His Orchestra,Billy Vaughn and His Orchestra
Chaka Khan,116,exact_text,1.0,900e9144-019d-4043-86cb-ec0e127c39d0,Chaka Khan,Chaka Khan
Karyn White,116,exact_text,1.0,2258c0cf-77d7-4ddd-9440-f36e3c7a5e22,Karyn White,Karyn White
Brian McKnight,116,exact_text,1.0,bf75ef89-7b4c-4771-ac43-4d5c10617190,Brian McKnight,Brian McKnight
P.M. Dawn,115,exact_text,1.0,93c66937-ac49-4068-b378-a1d2a4d093a1,P.M. Dawn,P.M. Dawn
Weezer,115,exact_text,1.0,6fe07aa5-fec0-4eca-a456-f29bff451b04,Weezer,Weezer
Mumford & Sons,115,exact_text,1.0,c44e9c22-ef82-4a77-9bcd-af6c958446d6,Mumford & Sons,Mumford & Sons
Dinah Washington,114,exact_text,1.0,d385947d-c00d-4311-9cf1-a032a1d4040b,Dinah Washington,Dinah Washington
Vic Dana,114,exact_text,1.0,8e664ee7-e102-4cbc-9967-e776b6d80125,Vic Dana,Vic Dana
Peter And Gordon,114,exact_text,1.0,cf1573d6-b9e3-4e93-ae74-7c18886acf06,Peter & Gordon,Peter & Gordon
Gavin DeGraw,114,exact_text,1.0,3f2a12e9-6398-42fd-b257-2f6abd4aa5fc,Gavin DeGraw,Gavin DeGraw
Eli Young Band,114,exact_text,1.0,80737f69-60c5-4c0d-9562-88faf8d8f2f4,Eli Young Band,Eli Young Band
Steppenwolf,113,exact_text,1.0,12ff8858-bfcb-4812-a8dd-7e9debf0cbee,Steppenwolf,Steppenwolf
Bill Withers,113,exact_text,1.0,fd1a2d9d-9bb6-44de-83a3-41560658aba9,Bill Withers,Bill Withers
John Lennon,113,exact_text,1.0,4d5447d7-c61c-4120-ba1b-d7f471d385b9,John Lennon,John Lennon
Hi-Five,113,exact_text,1.0,a8ad2edf-fe43-400e-8a8e-f1b20fd0dde7,Hi-Five,Hi-Five
Bone Thugs-N-Harmony,113,fuzzy,0.9474,2fa45bbb-0efb-4950-9d40-94bf23cbfec1,Bone Thugs‐n‐Harmony,Bone Thugs‐n‐Harmony
Megan Thee Stallion,113,exact_text,1.0,ee27b2d8-648c-4a9d-a68c-e55066959975,Megan Thee Stallion,Megan Thee Stallion
The Ventures,112,exact_text,1.0,b2cc8903-0077-4bef-8454-ac5cef53d126,The Ventures,The Ventures
Roberta Flack,112,exact_text,1.0,5298bbcb-7330-49bf-a780-2d757f10a20a,Roberta Flack,Roberta Flack
Supertramp,112,exact_text,1.0,d2ff6b6b-fc30-48dc-8952-06f9d8fc64f8,Supertramp,Supertramp
Wang Chung,112,exact_text,1.0,47c8a452-4efb-45b4-a0d3-df506dbe42b2,Wang Chung,Wang Chung
Simply Red,112,exact_text,1.0,a9100753-f539-43cf-bcc9-579566fb512e,Simply Red,Simply Red
Firehouse,112,exact_text,1.0,3ca0ef91-3297-4ef8-a99a-1c1a54dc8ac7,FireHouse,FireHouse
Busta Rhymes,112,exact_text,1.0,10a9ff92-9637-4498-afea-7044b2ab0dc0,Busta Rhymes,Busta Rhymes
Warrant,111,exact_text,1.0,9aa0d535-3efe-468c-afda-43bd17d44641,Warrant,Warrant
Deborah Cox,111,exact_text,1.0,1978391f-956e-4fe6-93c1-5053b43138c7,Deborah Cox,Deborah Cox
The Smashing Pumpkins,111,exact_text,1.0,ba0d6274-db14-4ef5-b28d-657ebde1a396,The Smashing Pumpkins,The Smashing Pumpkins
The Kid LAROI,111,exact_text,1.0,80609a00-b394-4a49-975b-2db6b543fa97,The Kid LAROI,The Kid LAROI
Gin Blossoms,110,exact_text,1.0,1c42b705-d3fc-452e-93ee-d0030bdd70f3,Gin Blossoms,Gin Blossoms
Sara Bareilles,110,exact_text,1.0,e54be6b7-5c26-4b47-bb3f-c137429b9b55,Sara Bareilles,Sara Bareilles
Hunter Hayes,110,exact_text,1.0,0c75ddc6-2b5d-4b01-8c99-3d9479a14683,Hunter Hayes,Hunter Hayes
Migos,110,exact_text,1.0,0221734a-35a8-40f7-b5c5-2f61a200bc7c,Migos,Migos
Sia,110,exact_text,1.0,2f548675-008d-4332-876c-108b0c7ab9c5,Sia,Sia
Bryson Tiller,110,exact_text,1.0,d8fd8d9b-473b-4f06-83c8-869b1bb9de89,Bryson Tiller,Bryson Tiller
Charlie Puth,110,exact_text,1.0,525f1f1c-03f0-4bc8-8dfd-e7521f87631b,Charlie Puth,Charlie Puth
Kodak Black,110,exact_text,1.0,5ec1ecc6-4535-4911-a27a-e26343f4a189,Kodak Black,Kodak Black
Hank Ballard And The Midnighters,109,exact_text,1.0,7e4032e4-b1b0-43e0-907e-8d33df230ba0,Hank Ballard and the Midnighters,Hank Ballard and the Midnighters
Crystal Gayle,109,exact_text,1.0,cefd9d3d-9506-461c-972f-89b4cbade9da,Crystal Gayle,Crystal Gayle
Debarge,109,exact_text,1.0,b6fd4928-89db-4bbd-b5f4-8fb98f9f02ff,DeBarge,DeBarge
Selena Gomez & The Scene,109,exact_text,1.0,37d0a847-32d3-480f-bd1e-101f50a3d332,Selena Gomez & the Scene,Selena Gomez & the Scene
Alabama,108,exact_text,1.0,7ac055fa-e357-4890-9098-010b8094a900,Alabama,Alabama
Bananarama,108,exact_text,1.0,84d06499-0643-46b8-9e1f-45f743a53f5e,Bananarama,Bananarama
Bruce Hornsby & The Range,108,exact_text,1.0,b548040e-b631-4bdd-ab75-045293e448b7,Bruce Hornsby & the Range,Bruce Hornsby & the Range
Cinderella,108,exact_text,1.0,8b07bb3d-aff5-4ce5-9f41-2872bc79320f,Cinderella,Cinderella
Mint Condition,108,exact_text,1.0,a81f7041-7cd7-4080-ba88-9ce5fe50dc19,Mint Condition,Mint Condition
Alanis Morissette,108,exact_text,1.0,4bdcee62-4902-4773-8cd1-e252e2e31225,Alanis Morissette,Alanis Morissette
Russell Dickerson,108,exact_text,1.0,e2529584-b250-4a22-821c-16d3d8120978,Russell Dickerson,Russell Dickerson
Harold Melvin And The Blue Notes,107,exact_text,1.0,4ef24a03-45e8-40b3-b780-955bec848555,Harold Melvin & The Blue Notes,Harold Melvin & The Blue Notes
Avant,107,exact_text,1.0,6255c59a-de38-44de-b966-a3c4686f9941,Avant,Avant
Michelle Branch,107,exact_text,1.0,a10f94a9-2a3c-4166-b9fa-a7bed0bf7d96,Michelle Branch,Michelle Branch
Randy Houser,107,exact_text,1.0,50e3dd64-6b87-4b9a-a511-c375ae4ff1ca,Randy Houser,Randy Houser
Easton Corbin,107,exact_text,1.0,c6ada25c-8590-4b75-8013-883a8df55882,Easton Corbin,Easton Corbin
Wiz Khalifa,107,exact_text,1.0,f5dfa020-ad69-41cd-b3d4-fd7af0414e94,Wiz Khalifa,Wiz Khalifa
Jack Harlow,107,exact_text,1.0,134cb0bc-06fa-42f7-8078-b0c858349975,Jack Harlow,Jack Harlow
Fuerza Regida,107,exact_text,1.0,e665ce26-6ce9-4c42-8f6a-7a361a0ba328,Fuerza Regida,Fuerza Regida
Eddy Arnold,106,exact_text,1.0,1c4c789d-06af-42ef-b86c-7d6bf49c652c,Eddy Arnold,Eddy Arnold
Bachman-Turner Overdrive,106,fuzzy,0.9787,7a3b3f80-04b8-4968-b432-fbcd3f350716,Bachman–Turner Overdrive,Bachman–Turner Overdrive
Milli Vanilli,106,exact_text,1.0,d3d83a98-4a2e-433c-903c-5b4c79ccb42e,Milli Vanilli,Milli Vanilli
Papa Roach,106,exact_text,1.0,c5eb9407-caeb-4303-b383-6929aa94021c,Papa Roach,Papa Roach
Burl Ives,105,exact_text,1.0,086c1936-9eaa-4091-b140-ad33a51a3b71,Burl Ives,Burl Ives
Bay City Rollers,105,exact_text,1.0,28cc1f98-add6-49d5-820a-ce973ee2954b,Bay City Rollers,Bay City Rollers
Ferrante & Teicher,104,exact_text,1.0,f3fa54e2-65ac-42ce-b77a-dd2e16129783,Ferrante and Teicher,Ferrante and Teicher
Go West,104,exact_text,1.0,41ff7032-f14b-4cf8-acf3-54b545927f8d,Go West,Go West
Darryl Worley,104,exact_text,1.0,fac3bb7e-4e51-4fb7-85e4-741d69b6d779,Darryl Worley,Darryl Worley
Nelly Furtado,104,exact_text,1.0,13655113-cd16-4b43-9dca-cadbbf26ee05,Nelly Furtado,Nelly Furtado
21 Savage,104,exact_text,1.0,37b2cb82-ef79-4d46-a184-a549450aa231,21 Savage,21 Savage
Whitesnake,103,exact_text,1.0,5dedf5cf-a598-4408-9556-3bf3f149f3ba,Whitesnake,Whitesnake
Men at Work,103,exact_text,1.0,395cc503-63b5-4a0b-a20a-604e3fcacea2,Men at Work,Men at Work
Bell Biv DeVoe,103,exact_text,1.0,9b16908a-a78c-45a7-8366-d2a41967f745,Bell Biv DeVoe,Bell Biv DeVoe
The Notorious B.I.G.,103,exact_text,1.0,d5d97b2b-b83b-4976-814a-056d9076c8c3,The Notorious B.I.G.,The Notorious B.I.G.
Audioslave,103,exact_text,1.0,020bfbb4-05c3-4c86-b372-17825c262094,Audioslave,Audioslave
The Byrds,102,exact_text,1.0,2819834e-4e08-47b0-a2c4-b7672318e8f0,The Byrds,The Byrds
ABC,102,exact_text,1.0,87199477-b0df-4ead-84ee-9b54b4abfc3d,ABC,ABC
The Searchers,101,exact_text,1.0,a9399880-5587-457c-bc87-8c81fcf57cb1,The Searchers,The Searchers
Wayne Newton,101,exact_text,1.0,b6b6f1cf-e1c8-46e9-bc54-1a63ed1f8d51,Wayne Newton,Wayne Newton
The Main Ingredient,101,exact_normalized,1.0,070943f7-1ea6-4a55-a273-5bb2e27c1626,Main Ingredient,Main Ingredient
Don McLean,101,exact_text,1.0,fa19ee38-c2a9-4ed1-9b24-a18100cf9db3,Don McLean,Don McLean
Jimmy Buffett,101,exact_text,1.0,16fdd9af-467f-47ce-bd29-3413b445b90f,Jimmy Buffett,Jimmy Buffett
Rufus Featuring Chaka Khan,101,exact_text,1.0,ec6b11b5-d6a6-4c77-af55-8076a160cc94,Rufus,Rufus
John Cafferty & The Beaver Brown Band,101,exact_text,1.0,3f0b02ae-bc83-4417-ab1d-055b23d829fe,John Cafferty & the Beaver Brown Band,John Cafferty & the Beaver Brown Band
Mike + The Mechanics,101,exact_text,1.0,a04e09c8-733c-4430-9e22-99ef9dd5e2d7,Mike + the Mechanics,Mike + the Mechanics
Kylie Minogue,101,exact_text,1.0,2fddb92d-24b2-46a5-bf28-3aed46f4684c,Kylie Minogue,Kylie Minogue
Tracie Spencer,101,exact_text,1.0,44cc2d70-819d-4fb1-a65c-5c693419eea0,Tracie Spencer,Tracie Spencer
Moneybagg Yo,101,exact_text,1.0,8971fa37-c402-474a-b897-e2bbc145b59d,Moneybagg Yo,Moneybagg Yo
Led Zeppelin,100,exact_text,1.0,678d88b2-87b0-403b-b63d-5da7465aecc3,Led Zeppelin,Led Zeppelin
Talking Heads,100,exact_text,1.0,a94a7155-c79d-4409-9fcf-220cb0e4dc3a,Talking Heads,Talking Heads
Patti LaBelle,100,exact_text,1.0,f319ec6a-9290-449b-baef-4244809c487a,Patti LaBelle,Patti LaBelle
Avicii,100,exact_text,1.0,c85cfd6b-b1e9-4a50-bd55-eb725f04f7d5,Avicii,Avicii
Carla Thomas,99,exact_text,1.0,66e2a444-5303-4cdf-b20f-d377ecf465ed,Carla Thomas,Carla Thomas
Sam & Dave,99,exact_text,1.0,f1d7f1fd-8883-47e9-ad2b-e9ec9ff61aac,Sam & Dave,Sam & Dave
Amber,99,exact_text,1.0,52ee72de-e3d1-4429-9e39-d6bfedfe7295,Amber,Amber
Percy Sledge,98,exact_text,1.0,c2f37fdf-5e8f-4d9c-9a03-219a8239cf5f,Percy Sledge,Percy Sledge
Willie Nelson,98,exact_text,1.0,668fd73c-bf54-4310-a139-305517f05311,Willie Nelson,Willie Nelson
Robbie Nevil,98,exact_text,1.0,23463b5d-c972-4676-a89d-7ad472e80b73,Robbie Nevil,Robbie Nevil
Barenaked Ladies,98,exact_text,1.0,86e736b4-93e2-40ff-9e1c-fb7c63fef5f6,Barenaked Ladies,Barenaked Ladies
Jimmy Clanton,97,exact_text,1.0,c5e05e09-cae4-47c5-b0b5-6dfcb5e35186,Jimmy Clanton,Jimmy Clanton
The Box Tops,97,exact_text,1.0,1c78ab62-db33-4433-8d0b-7c8dcf1849c2,The Box Tops,The Box Tops
Crosby| Stills & Nash,97,exact_text,1.0,cfafad90-b736-4c74-8ded-f3f4d7b2c792,"Crosby, Stills & Nash","Crosby, Stills & Nash"
Leif Garrett,97,exact_text,1.0,d2b49663-b280-499e-89d1-3e2522f031bb,Leif Garrett,Leif Garrett
Tiffany,97,exact_text,1.0,d29c21c5-8ee7-474f-b5fd-55ac9f459d08,Tiffany,Tiffany
10|000 Maniacs,97,exact_text,1.0,b9a06530-1241-4162-836f-7b8e79deaa58,"10,000 Maniacs","10,000 Maniacs"
Heavy D & The Boyz,97,exact_text,1.0,b0df243a-519c-4a87-b6bf-73d9ec55e05c,Heavy D. & the Boyz,Heavy D. & the Boyz
Fantasia,97,exact_text,1.0,4a5d70ad-89c8-47a1-afb2-4cc26471e113,Fantasia,Fantasia
Jackie DeShannon,96,exact_text,1.0,194e5e92-0f2d-4d81-b5b9-c5f18d9edd59,Jackie DeShannon,Jackie DeShannon
Major Lance,96,exact_text,1.0,3f8b614b-cfc5-463e-a3f1-c6efdb26b443,Major Lance,Major Lance
Judy Collins,96,exact_text,1.0,06f9c474-0547-40fc-be3d-1ae6ce38abd7,Judy Collins,Judy Collins
Candi Staton,96,exact_text,1.0,6afcc957-d742-41c6-ad0b-31b2f1967353,Candi Staton,Candi Staton
Grand Funk Railroad,96,exact_text,1.0,103241b0-6adf-4b4f-9cff-5c87459f61a4,Grand Funk Railroad,Grand Funk Railroad
The Dramatics,96,exact_text,1.0,ab950ad1-3e41-411a-8a84-b0b5f90a62c0,The Dramatics,The Dramatics
Samantha Fox,96,exact_text,1.0,ffdb2b8f-ecbf-427a-abc7-c47f4ebc8ae3,Samantha Fox,Samantha Fox
Will Smith,96,exact_text,1.0,5bae7081-64ef-4473-825a-38d310deb14c,Will Smith,Will Smith
Sean Kingston,96,exact_text,1.0,f7eb3be3-1065-4a53-94d4-e2d0c15c0b33,Sean Kingston,Sean Kingston
Hozier,96,exact_text,1.0,b4691384-50c3-4afd-9988-51d3ec5db65d,Hozier,Hozier
Rare Earth,95,exact_text,1.0,670cc8bc-a6e1-40cd-b20a-86753456d6fa,Rare Earth,Rare Earth
Tom Petty,95,exact_text,1.0,5ca3f318-d028-4151-ac73-78e2b2d6cdcc,Tom Petty,Tom Petty
Lisa Stansfield,95,exact_text,1.0,8f632c44-c97f-4b12-b1cd-caf2c6e2ed06,Lisa Stansfield,Lisa Stansfield
Donell Jones,95,exact_text,1.0,ff1d04f2-2bbd-47d8-b722-6ac8c53b71b3,Donell Jones,Donell Jones
Donny & Marie Osmond,94,exact_text,1.0,afc5674c-acad-4a2f-9eae-78db5225fa90,Donny & Marie Osmond,Donny & Marie Osmond
Hot Chocolate,94,exact_text,1.0,a749130e-c2d8-4a7c-b740-908ea4574961,Hot Chocolate,Hot Chocolate
702,94,exact_text,1.0,4822d466-5c1f-4e04-80e9-e33e8295c26b,702,702
Terri Clark,94,exact_text,1.0,58597daa-83ea-4eec-af60-f8437dfdf0e6,Terri Clark,Terri Clark
My Chemical Romance,94,exact_text,1.0,c07f0676-9143-4217-8a9f-4c26bd636f13,My Chemical Romance,My Chemical Romance
Childish Gambino,94,exact_text,1.0,7fb57fba-a6ef-44c2-abab-2fa3bdee607e,Childish Gambino,Childish Gambino
Charli xcx,94,exact_text,1.0,260b6184-8828-48eb-945c-bc4cb6fc34ca,Charli xcx,Charli xcx
Karol G,94,exact_text,1.0,de22adae-f8ac-414f-b653-b0162611bd60,KAROL G,KAROL G
Gary U.S. Bonds,93,exact_text,1.0,0f1083d8-fca9-40e3-b7bb-6cca7f15eff0,Gary “U.S.” Bonds,Gary “U.S.” Bonds
Bobby Sherman,93,exact_text,1.0,cb56afea-5648-4173-b1b7-762288492997,Bobby Sherman,Bobby Sherman
Dire Straits,93,exact_text,1.0,614e3804-7d34-41ba-857f-811bad7c2b7a,Dire Straits,Dire Straits
Surface,93,exact_text,1.0,93fa39ff-9f9f-4bd4-bcf2-dba5f9efe38d,surface,surface
D.J. Jazzy Jeff & The Fresh Prince,93,fuzzy,0.9855,a663d7d0-754b-40e2-9ea3-3c6c39fd5937,DJ Jazzy Jeff & the Fresh Prince,DJ Jazzy Jeff & the Fresh Prince
Seether,93,exact_text,1.0,fbcd7b29-455f-49e6-9c4f-8249d20a055e,Seether,Seether
LaVern Baker,92,exact_text,1.0,affa0adf-7be7-4944-b30d-a09baeb7dd28,LaVern Baker,LaVern Baker
Bert Kaempfert And His Orchestra,92,exact_text,1.0,642e61c8-878c-4a7c-84e2-2a8a384a8f8e,Bert Kaempfert & His Orchestra,Bert Kaempfert & His Orchestra
Edwin Starr,92,exact_text,1.0,9eace815-06f3-487c-bf3a-1a817e248056,Edwin Starr,Edwin Starr
Van Morrison,92,exact_text,1.0,a41ac10f-0a56-4672-9161-b83f9b223559,Van Morrison,Van Morrison
Yvonne Elliman,92,exact_text,1.0,62b9eb3e-c470-462d-8d63-9b6cbac13d62,Yvonne Elliman,Yvonne Elliman
Kris Kross,92,exact_text,1.0,bf61e8ff-7621-4655-8ebd-68210645c5e9,Kris Kross,Kris Kross
Tracy Byrd,92,exact_text,1.0,1edead6d-6c01-4ad4-9cce-c334bf7edf23,Tracy Byrd,Tracy Byrd
Dave Matthews Band,92,exact_text,1.0,07e748f1-075e-428d-85dc-ce3be434e906,Dave Matthews Band,Dave Matthews Band
Mya,92,exact_text,1.0,7c5e39c3-7645-4e37-968d-a4e45cd38c5d,Mýa,Mýa
Marv Johnson,91,exact_text,1.0,4178a66c-8058-45dd-8caa-4d3c9a46d49d,Marv Johnson,Marv Johnson
38 Special,91,exact_text,1.0,0330a83d-f61e-4989-adb3-afce3943c3ba,38 Special,38 Special
Weird Al Yankovic,91,exact_text,1.0,7746d775-9550-4360-b8d5-c37bd448ce01,“Weird Al” Yankovic,“Weird Al” Yankovic
Bad English,91,exact_text,1.0,90b88492-37c1-42e0-8de4-049b7a260f0a,Bad English,Bad English
H-Town,91,fuzzy,0.9091,e7bc282e-f651-4448-8716-2dd5f3b16c1d,H‐Town,H‐Town
Zhane,91,exact_text,1.0,51b59633-b9cc-48b8-b7db-72a06452069a,Zhané,Zhané
Snoop Dogg,91,exact_text,1.0,f90e8b26-9e52-4669-a5c9-e28529c47894,Snoop Dogg,Snoop Dogg
Incubus,91,exact_text,1.0,e3e0abcd-7671-4482-a9d8-462f5acc9be5,Incubus,Incubus
Pitbull,91,exact_text,1.0,d262ea27-3ffe-40f7-b922-85c42d625e67,Pitbull,Pitbull
Neon Trees,91,exact_text,1.0,16243662-8538-4746-a0fb-0d15b5828b8e,Neon Trees,Neon Trees
Glass Animals,91,exact_text,1.0,20395131-fbde-43ce-b141-b700cfdae99c,Glass Animals,Glass Animals
Johnny Horton,90,exact_text,1.0,8736f41f-365e-42c7-a733-36c22e74c97e,Johnny Horton,Johnny Horton
Joni Mitchell,90,exact_text,1.0,a6de8ef9-b1a1-4756-97aa-481bbb8a4069,Joni Mitchell,Joni Mitchell
Cathy Dennis,90,exact_text,1.0,aee63f14-ab80-4b37-86e4-d06fe05a898c,Cathy Dennis,Cathy Dennis
Da Brat,90,exact_text,1.0,f545eed4-cd4c-40a3-89c0-edf4d195e52e,Da Brat,Da Brat
La Bouche,90,exact_text,1.0,b79a3909-7611-4b89-ab5a-5609c4aaacae,La Bouche,La Bouche
Pop Smoke,90,exact_text,1.0,253c9ae7-850b-46be-8fbb-65e9fa621058,Pop Smoke,Pop Smoke
Blood| Sweat & Tears,89,exact_text,1.0,f81d592c-993f-4693-b53a-57db5a6257b9,"Blood, Sweat & Tears","Blood, Sweat & Tears"
Curtis Mayfield,89,exact_text,1.0,4dca4bb2-23ba-4103-97e6-5810311db33a,Curtis Mayfield,Curtis Mayfield
Ambrosia,89,exact_text,1.0,1fbed090-3b82-4766-b1e8-abab89e47417,Ambrosia,Ambrosia
Sweet,89,exact_text,1.0,dc73bb40-b697-4df9-a2ec-0555bebdba75,Sweet,Sweet
Sophie B. Hawkins,89,exact_text,1.0,fd7a8bc1-1b25-4b4c-b899-8f7b3343a229,Sophie B. Hawkins,Sophie B. Hawkins
Natalie Merchant,89,exact_text,1.0,ba03daa8-0a45-4432-881f-4de8e0e05305,Natalie Merchant,Natalie Merchant
Andy Grammer,89,exact_text,1.0,9e60ea29-9607-4f7d-aa96-2092ef41f0d3,Andy Grammer,Andy Grammer
Megan Moroney,89,exact_text,1.0,9eb2030a-c311-4cbf-a8f2-c57a58aa18ce,Megan Moroney,Megan Moroney
Foghat,88,exact_text,1.0,3cc3942d-bbfc-446d-a8f4-f0e1e238ca86,Foghat,Foghat
The B-52s,88,fuzzy,0.9412,127f591a-7e27-4435-92db-0780f219f3a1,The B‐52s,The B‐52s
Simple Minds,88,exact_text,1.0,f41490ce-fe39-435d-86c0-ab5ce098b423,Simple Minds,Simple Minds
Winger,88,exact_text,1.0,614b892d-4f1a-4d1a-b382-dcc17ee159bc,Winger,Winger
Shanice,88,exact_text,1.0,1d0a249b-5892-4e09-b50d-3c0755bfae77,Shanice,Shanice
System of a Down,88,exact_text,1.0,cc0b7089-c08d-4c10-b6b0-873582c17fd6,System of a Down,System of a Down
Keyshia Cole,88,exact_text,1.0,ef73e6ed-9096-4ddb-9799-b94874d0ce33,Keyshia Cole,Keyshia Cole
Dion & The Belmonts,87,exact_text,1.0,236459d6-f9ea-4f89-9239-21c0bedaaf25,Dion & The Belmonts,Dion & The Belmonts
Gerry And The Pacemakers,87,exact_text,1.0,fe5fb618-2f8b-4158-92b6-464f31672bca,Gerry and the Pacemakers,Gerry and the Pacemakers
Arrested Development,87,exact_text,1.0,d8b15d32-609e-44a6-bff1-65c4df53a9f1,Arrested Development,Arrested Development
Simple Plan,87,exact_text,1.0,b345af35-205e-4eca-8006-029e5c20127e,Simple Plan,Simple Plan
BTS,87,exact_text,1.0,0d79fe8e-ba27-4859-bb8c-2f255f346853,BTS,BTS
Don Toliver,87,exact_text,1.0,a0723a3c-4135-438e-85c5-012712144ede,Don Toliver,Don Toliver
Chad & Jeremy,86,exact_text,1.0,efebc0f3-4ec1-4f83-a3a6-43570ec0b2f8,Chad & Jeremy,Chad & Jeremy
Tony Orlando & Dawn,86,exact_text,1.0,db0bffb2-d6fd-47af-8b3a-d1f1af905096,Tony Orlando & Dawn,Tony Orlando & Dawn
Joe Jackson,86,exact_text,1.0,07f6d469-38f3-46da-9cfa-2f532422b84e,Joe Jackson,Joe Jackson
Miami Sound Machine,86,exact_text,1.0,72b3b981-92b7-4b5c-8a83-35717358b76e,Miami Sound Machine,Miami Sound Machine
Peter Cetera,86,exact_text,1.0,cdcd53c9-f37c-48cc-b7e3-dfe34be22e92,Peter Cetera,Peter Cetera
Great White,86,exact_text,1.0,328676f3-76ac-40df-b154-31e6f533286a,Great White,Great White
Uncle Kracker,86,exact_text,1.0,1a02e1e4-000e-46fa-83de-f3a36674e4fc,Uncle Kracker,Uncle Kracker
Shinedown,86,exact_text,1.0,adc0f033-95c2-4e0b-87bc-c23ed3f26ce6,Shinedown,Shinedown
Leona Lewis,86,exact_text,1.0,8d552dfc-648f-401f-90de-e925013ca537,Leona Lewis,Leona Lewis
Mike Posner,86,exact_text,1.0,5b64e344-b2fb-47bd-bd7b-4c793b17d472,Mike Posner,Mike Posner
Niall Horan,86,exact_text,1.0,55e6074f-ef78-4ec3-8fff-bd1b8cc8c14a,Niall Horan,Niall Horan
Camila Cabello,86,exact_text,1.0,01b8b5bf-06cb-45da-85fb-61ada72fcd69,Camila Cabello,Camila Cabello
Lil Tecca,86,exact_text,1.0,e6fdf3f9-8077-4126-b0cf-94da9a8b627e,Lil Tecca,Lil Tecca
Anita Bryant,85,exact_text,1.0,7017d69b-ed82-4605-9d71-9be749d3667a,Anita Bryant,Anita Bryant
Lulu,85,exact_text,1.0,002e9f6e-13af-4347-83c5-f5ace70e0ec4,Lulu,Lulu
Hooters,85,exact_normalized,1.0,fc20ca3a-5fb5-475c-b151-516829c14d9b,The Hooters,The Hooters
Dr. Dre,85,exact_text,1.0,5f6ab597-f57a-40da-be9e-adad48708203,Dr. Dre,Dr. Dre
Los del Rio,85,exact_text,1.0,c152ed9f-7a4c-4006-af2d-ed8b7126b0a0,Los del Río,Los del Río
Jerrod Niemann,85,exact_text,1.0,0b88f9de-7c37-4800-9d6a-04ce6c20b76c,Jerrod Niemann,Jerrod Niemann
Tyler| the Creator,85,exact_text,1.0,f6beac20-5dfe-4d1f-ae02-0b0a740aafd6,"Tyler, The Creator","Tyler, The Creator"
Trini Lopez,84,exact_text,1.0,52086001-fe0e-42ee-884e-49a0881bf8c8,Trini Lopez,Trini Lopez
Jose Feliciano,84,exact_text,1.0,3c004c98-aab6-4b63-a2df-e07c98e73b0a,José Feliciano,José Feliciano
Dan Hartman,84,exact_text,1.0,4682d640-819a-4f71-9e7f-84be13a5e76a,Dan Hartman,Dan Hartman
Orchestral Manoeuvres In The Dark,84,exact_text,1.0,6d072aa8-c851-49c5-92f9-cbca05f4bed9,Orchestral Manoeuvres in the Dark,Orchestral Manoeuvres in the Dark
Tamia,84,exact_text,1.0,2de9f057-67d8-429d-b899-759be13131a9,Tamia,Tamia
Travis Tritt,84,exact_text,1.0,615caab0-9cc2-4c24-9667-f46894be726e,Travis Tritt,Travis Tritt
The Offspring,84,exact_text,1.0,23a03e33-a603-404e-bcbf-2c00159d7067,The Offspring,The Offspring
Kings of Leon,84,exact_text,1.0,6ffb8ea9-2370-44d8-b678-e9237bbd347b,Kings of Leon,Kings of Leon
Deniece Williams,83,exact_text,1.0,f28dc56d-0bd4-485f-92a2-5c3e0e9b57cd,Deniece Williams,Deniece Williams
Player,83,exact_text,1.0,7ad4ef1c-4f82-4755-a74b-94cd3096d221,Player,Player
Bonnie Tyler,83,exact_text,1.0,0aa8294b-6332-4b65-b677-e3a1f8591d3b,Bonnie Tyler,Bonnie Tyler
David Lee Roth,83,exact_text,1.0,802d37d5-0aaa-492e-b366-99f75e5a196f,David Lee Roth,David Lee Roth
Klymaxx,83,exact_text,1.0,7b96d7c8-dd06-45ac-ab8a-5a6116950523,Klymaxx,Klymaxx
Billy Ray Cyrus,83,exact_text,1.0,63e8d6f9-e247-45c9-aaf2-e079cddbdd54,Billy Ray Cyrus,Billy Ray Cyrus
Joe Diffie,83,exact_text,1.0,98b31574-fa4c-4cf1-bf32-681f7df45fe3,Joe Diffie,Joe Diffie
Blues Traveler,83,exact_text,1.0,6b28ecf0-94e6-48bb-aa2a-5ede325b675b,Blues Traveler,Blues Traveler
Plain White T's,83,fuzzy,0.9655,49576e42-fbbd-4d73-968d-93c8dcf7f065,Plain White T’s,Plain White T’s
Patsy Cline,82,exact_text,1.0,ad82dd72-0df3-4a09-8d7a-1af9c9e80522,Patsy Cline,Patsy Cline
10cc,82,exact_text,1.0,f37c537b-3557-4031-bfd6-ab63ced32854,10cc,10cc
AC/DC,82,exact_text,1.0,66c662b6-6e2f-4930-8610-912e24c63ed1,AC/DC,AC/DC
Robert Plant,82,exact_text,1.0,bd53f9a7-8be9-46b0-bf7d-1deea3cb57bc,Robert Plant,Robert Plant
Will to Power,82,exact_text,1.0,2d1d826a-a42f-4946-a454-3f891893eec3,Will to Power,Will to Power
White Lion,82,exact_text,1.0,4fe426de-9c86-46d5-bbab-239f5e7344bf,White Lion,White Lion
Breathe,82,exact_text,1.0,c6ddb55a-c82c-46a8-ac07-cd77d63c5136,Breathe,Breathe
The Escape Club,82,exact_text,1.0,de610ac3-0676-4e4b-9a7d-25555d132559,The Escape Club,The Escape Club
Seduction,82,exact_text,1.0,cd3fbab0-0649-431f-ba81-3fd0f7cd2c89,Seduction,Seduction
Toad The Wet Sprocket,82,exact_text,1.0,f70ee0c3-8ce0-4ca6-9208-06b60bc69e27,Toad the Wet Sprocket,Toad the Wet Sprocket
Trisha Yearwood,82,exact_text,1.0,0be325a6-3c6d-4e3a-97ed-e59539b1014f,Trisha Yearwood,Trisha Yearwood
Immature,82,exact_text,1.0,340504cd-20c9-4e5e-88a5-6458f62b8d36,Immature,Immature
Garth Brooks,82,exact_text,1.0,b76645c5-78b0-4e4c-8f95-003f40013a45,Garth Brooks,Garth Brooks
Jaheim,82,exact_text,1.0,3a9cf658-0f0b-410e-b07e-8cf7eee53169,Jaheim,Jaheim
Ciara,82,exact_text,1.0,03172286-f7ed-4864-a4db-459cd5ca9790,Ciara,Ciara
Jordin Sparks,82,exact_text,1.0,5508631d-697f-4839-a669-06637e5bcb90,Jordin Sparks,Jordin Sparks
NF,82,exact_text,1.0,5660a8c7-d0d9-4181-89b4-8e125328e31e,NF,NF
Don Gibson,81,exact_text,1.0,870ab832-904b-4b49-ab72-7e6b0e0da65f,Don Gibson,Don Gibson
Sam The Sham and the Pharaohs,81,exact_text,1.0,e9d7f684-d144-46c4-b411-19effff4defb,Sam the Sham & the Pharaohs,Sam the Sham & the Pharaohs
Donna Fargo,81,exact_text,1.0,9ce777de-7e3f-40fe-8c9e-415955fc49d8,Donna Fargo,Donna Fargo
Gilbert O'Sullivan,81,fuzzy,0.9714,215394ba-3d0c-4b57-b284-ec5bb4a5ad25,Gilbert O’Sullivan,Gilbert O’Sullivan
The Charlie Daniels Band,81,exact_text,1.0,35885131-9d16-40cb-9289-e18997a8b77c,The Charlie Daniels Band,The Charlie Daniels Band
Teddy Pendergrass,81,exact_text,1.0,293029f7-ac9e-4a8b-bb50-67935b373c47,Teddy Pendergrass,Teddy Pendergrass
Quarterflash,81,exact_text,1.0,1d70afd6-493c-4840-90db-5fdd114898de,Quarterflash,Quarterflash
Tracy Chapman,81,exact_text,1.0,1129817c-488a-4096-80c1-77fc1b107c93,Tracy Chapman,Tracy Chapman
Erasure,81,exact_text,1.0,43b58c98-3779-4b04-9a23-1c95cca3a145,Erasure,Erasure
Damn Yankees,81,exact_text,1.0,5c585e27-c9f2-4441-8f6c-60e3edeacd0b,Damn Yankees,Damn Yankees
D'Angelo,81,fuzzy,0.9333,b66771cc-45fa-4a32-b14f-5337d7223d7a,D’Angelo,D’Angelo
DMX,81,exact_text,1.0,f3bf61f8-97d4-4e52-a73d-2ddbbe8196c8,DMX,DMX
Kip Moore,81,exact_text,1.0,3afa378a-4a7f-46f5-b686-f41ee2287c0c,Kip Moore,Kip Moore
Gracie Abrams,81,exact_text,1.0,f7441bc7-d7de-4813-a2fc-31a4033d396d,Gracie Abrams,Gracie Abrams
Dee Dee Sharp,80,exact_text,1.0,f578244c-6054-4eca-96ec-41fcae83d8f1,Dee Dee Sharp,Dee Dee Sharp
The Yardbirds,80,exact_text,1.0,191de76f-a224-445d-b041-54df16d65bf7,The Yardbirds,The Yardbirds
Harry Chapin,80,exact_text,1.0,ae4e3542-7838-4a6f-b753-08216be5a6bb,Harry Chapin,Harry Chapin
Sister Sledge,80,exact_text,1.0,1ed00158-c6a3-45cd-819c-2f91997fc480,Sister Sledge,Sister Sledge
The Brothers Johnson,80,exact_text,1.0,cfb830a4-66ca-4d81-a099-033883b39ad8,The Brothers Johnson,The Brothers Johnson
Crystal Waters,80,exact_text,1.0,8f4c7ad3-c95c-4d62-a554-3416fb5204f4,Crystal Waters,Crystal Waters
Annie Lennox,80,exact_text,1.0,3e30aebd-0557-4cfd-8fb9-3945afa5d72b,Annie Lennox,Annie Lennox
SHeDAISY,80,exact_text,1.0,166c939c-a97e-44b9-b405-23d49a72df4e,SHeDAISY,SHeDAISY
blink-182,80,fuzzy,0.9412,0743b15a-3c32-48c8-ad58-cb325350befa,blink‐182,blink‐182
Dido,80,exact_text,1.0,d1353a0c-26fb-4318-a116-defde9c7c9ad,Dido,Dido
LMFAO,80,exact_text,1.0,ed5d9086-e8cd-473a-b96c-d81ad6c98f0d,LMFAO,LMFAO
The Shangri-Las,79,fuzzy,0.9655,91d01e5f-252d-469d-a16a-12c613e48e5d,The Shangri‐Las,The Shangri‐Las
Freddy Fender,79,exact_text,1.0,e2050382-282f-40e5-8f33-01ee4647ad3f,Freddy Fender,Freddy Fender
Gerry Rafferty,79,exact_text,1.0,563201cb-721c-4cfb-acca-c1ba69e3d1fb,Gerry Rafferty,Gerry Rafferty
Pebbles,79,exact_text,1.0,9b1a28c3-d9ae-4224-87ae-389cc2be24e8,Pebbles,Pebbles
Coolio,79,exact_text,1.0,cc30e630-8c75-4d78-b205-8e2edc6bdaa7,Coolio,Coolio
Finger Eleven,79,exact_text,1.0,0b76f632-25fa-4681-9862-86499c28afd3,Finger Eleven,Finger Eleven
Christina Perri,79,exact_text,1.0,38d363c7-fdcb-4308-9474-a0d14ab8d9b7,Christina Perri,Christina Perri
AWOLNATION,79,exact_text,1.0,77b29df2-056e-409e-a1b2-5e2bbfe421c4,AWOLNATION,AWOLNATION
Phillip Phillips,79,exact_text,1.0,838483d3-a803-4194-9754-ad634fba8553,Phillip Phillips,Phillip Phillips
Adam Wade,78,exact_text,1.0,a0122a97-4620-4b57-847e-2c6075b243d3,Adam Wade,Adam Wade
Scorpions,78,exact_text,1.0,c3cceeed-3332-4cf0-8c4c-bbde425147b6,Scorpions,Scorpions
Mr. Mister,78,exact_text,1.0,5c01e170-1302-4e75-a10c-d9e440b0c68f,Mr. Mister,Mr. Mister
Al B. Sure!,78,exact_text,1.0,92787b5b-23c4-4f60-a74d-bf2469740b60,Al B. Sure!,Al B. Sure!
Reba McEntire,78,exact_text,1.0,3ec17e85-9284-4f4c-8831-4e56c2354cdb,Reba McEntire,Reba McEntire
Lost Boyz,78,exact_text,1.0,8b70d4d9-b3d3-4a99-8a95-96ee59f12140,Lost Boyz,Lost Boyz
Vertical Horizon,78,exact_text,1.0,e25216bf-b0ac-4bd3-bc5a-1f82a7d0274f,Vertical Horizon,Vertical Horizon
Good Charlotte,78,exact_text,1.0,b267ca80-034e-4dc1-9ed4-ec45f1fed41d,Good Charlotte,Good Charlotte
Daddy Yankee,78,exact_text,1.0,2f522f5c-111c-4ce8-8bd0-d82e97c227ad,Daddy Yankee,Daddy Yankee
Adam Lambert,78,exact_text,1.0,e942594a-91cc-427a-8beb-6815c28e9254,Adam Lambert,Adam Lambert
Little Willie John,77,exact_text,1.0,d59ce86d-2cc3-49be-be12-3eb4dde6e1ed,Little Willie John,Little Willie John
Rose Royce,77,exact_text,1.0,846482ac-d4c4-4286-8002-b14a601d8ec0,Rose Royce,Rose Royce
Mr. Big,77,exact_text,1.0,bd1180c4-4252-461f-94dc-543906c02522,Mr. Big,Mr. Big
Meco,77,exact_text,1.0,420f0b7c-29da-45f5-a365-fce07fb59c25,Meco,Meco
Village People,77,exact_text,1.0,f19d3d49-be22-4ca6-9903-64d86984fbf2,Village People,Village People
Adam Ant,77,exact_text,1.0,e188a520-9cb7-4f73-a3d7-2f70c6538e92,Adam Ant,Adam Ant
Tracy Lawrence,77,exact_text,1.0,56ff58b3-7a73-4c02-a0ae-70bebf3354f2,Tracy Lawrence,Tracy Lawrence
Changing Faces,77,exact_text,1.0,bcf6f62d-7328-4568-8a33-bc654526e6a7,Changing Faces,Changing Faces
Hoobastank,77,exact_text,1.0,2fa0d3ac-b64c-401a-b0a1-4915ba6cc157,Hoobastank,Hoobastank
Big & Rich,77,exact_text,1.0,9c76170f-0d77-4aa3-b3c9-52f1ce07b9ec,Big & Rich,Big & Rich
Johnny And The Hurricanes,76,exact_text,1.0,c17f8b94-759f-4b13-8666-2ad2a215722a,Johnny and the Hurricanes,Johnny and the Hurricanes
Sue Thompson,76,exact_text,1.0,7994b392-4b14-4b06-b591-fd8b0ad65338,Sue Thompson,Sue Thompson
1910 Fruitgum Co.,76,exact_text,1.0,69d0a377-e815-43a7-a8bb-f74ca4ead721,1910 Fruitgum Co.,1910 Fruitgum Co.
Jerry Reed,76,exact_text,1.0,44419ff2-0251-49ba-933b-b09733ff9adb,Jerry Reed,Jerry Reed
Jennifer Warnes,76,exact_text,1.0,2f140aa6-b99b-4f79-ae33-96018af87fa3,Jennifer Warnes,Jennifer Warnes
Stacy Lattisaw,76,exact_text,1.0,ac6dff9d-f26d-4d71-b2db-96aeb90a4225,Stacy Lattisaw,Stacy Lattisaw
Asia,76,exact_text,1.0,8f695099-c714-4ad0-8888-36eca37fee84,Asia,Asia
Smash Mouth,76,exact_text,1.0,944e1036-8a03-4611-8aa0-31515a05c848,Smash Mouth,Smash Mouth
Five for Fighting,76,exact_text,1.0,23eeaeaf-423d-4859-8c91-2175ece74287,Five for Fighting,Five for Fighting
AJR,76,exact_text,1.0,2eb55bd9-cfbf-44fd-a5da-92dd825284c7,AJR,AJR
Kenny Rogers & The First Edition,75,exact_text,1.0,007554f9-945c-48cb-a825-17dcb3c5fbd2,Kenny Rogers & The First Edition,Kenny Rogers & The First Edition
Shaun Cassidy,75,exact_text,1.0,df9ed132-5b6a-4e7d-a468-033cffc21947,Shaun Cassidy,Shaun Cassidy
Ashlee Simpson,75,exact_text,1.0,463c514e-c30d-4a2a-a87b-762535253a80,Ashlee Simpson,Ashlee Simpson
Breaking Benjamin,75,exact_text,1.0,854a1807-025b-42a8-ba8c-2a39717f1d25,Breaking Benjamin,Breaking Benjamin
Boys Like Girls,75,exact_text,1.0,d6e65033-b56a-49df-8744-6fc3ffd75edd,Boys Like Girls,Boys Like Girls
Jazmine Sullivan,75,exact_text,1.0,6f92929a-6381-48ac-b348-83b43b9cf646,Jazmine Sullivan,Jazmine Sullivan
Gene McDaniels,74,exact_text,1.0,b43965ae-1a17-4076-917b-4815a0fce36e,Gene McDaniels,Gene McDaniels
Brenda & The Tabulations,74,exact_text,1.0,03e382d3-5da8-4c8c-b938-401897ad29e3,Brenda & the Tabulations,Brenda & the Tabulations
The Rascals,74,exact_text,1.0,219ce30a-0f3a-468c-9a13-55ee358ac0f0,The Rascals,The Rascals
The Manhattan Transfer,74,exact_text,1.0,02390d49-c321-479b-b6f4-cd76f32fb887,The Manhattan Transfer,The Manhattan Transfer
Animotion,74,exact_text,1.0,80f0eccf-a8c4-4de7-bdab-1606777e223b,Animotion,Animotion
Information Society,74,exact_text,1.0,051439e5-478e-4c03-8bea-774ad0c28c12,Information Society,Information Society
69 Boyz,74,exact_text,1.0,4b585f70-385c-4d55-871b-24ac1b1622e9,69 Boyz,69 Boyz
Garbage,74,exact_text,1.0,f9ef7a22-4262-4596-a2a8-1d19345b8e50,Garbage,Garbage
Monifah,74,exact_text,1.0,e3ced5f8-085e-45a9-aa63-e67bd5d08cfa,Monifah,Monifah
Jack Johnson,74,exact_text,1.0,ff6e677f-91dd-4986-a174-8db0474b1799,Jack Johnson,Jack Johnson
Tove Lo,74,exact_text,1.0,56756959-1e78-429c-b897-e1d056cb0225,Tove Lo,Tove Lo
Ava Max,74,exact_text,1.0,add5f522-25df-41c4-815e-0ca9f60b83e4,Ava Max,Ava Max
Lee Dorsey,73,exact_text,1.0,23388f69-9c11-44a6-b832-b9071db3423e,Lee Dorsey,Lee Dorsey
Eric Burdon & The Animals,73,exact_text,1.0,8bc09ff5-3f2f-43b8-a388-0ccc17b33ae7,Eric Burdon & The Animals,Eric Burdon & The Animals
Todd Rundgren,73,exact_text,1.0,1a9a8ca0-ea8e-4e9e-96aa-288155bb2c5d,Todd Rundgren,Todd Rundgren
Roger Daltrey,73,exact_text,1.0,3896a59d-3058-4797-94b7-864bc58ccd98,Roger Daltrey,Roger Daltrey
Joe Walsh,73,exact_text,1.0,c6f5969f-1f65-465c-8603-ec2d1e31e39d,Joe Walsh,Joe Walsh
Stray Cats,73,exact_text,1.0,0e763b87-f3cd-4a63-986f-bebc4189f1f0,Stray Cats,Stray Cats
Beastie Boys,73,exact_text,1.0,9beb62b2-88db-4cea-801e-162cd344ee53,Beastie Boys,Beastie Boys
Europe,73,exact_text,1.0,ccfe7a3c-1a45-4984-a8d0-644549cefe61,Europe,Europe
Terence Trent D'Arby,73,fuzzy,0.9744,91f603ca-b126-42a2-9c29-820ca687347c,Terence Trent D’Arby,Terence Trent D’Arby
Scandal Featuring Patty Smyth,72,exact_text,1.0,c67f3a5f-f771-4788-9801-ef29c796d72e,Scandal,Scandal
Midnight Star,72,exact_text,1.0,3d30a740-e36b-45b9-a395-a3b3696d1d7c,Midnight Star,Midnight Star
Snap!,72,exact_text,1.0,cd23732d-ffd2-444e-8884-53475d7ac7d9,Snap!,Snap!
Gretchen Wilson,72,exact_text,1.0,11d9fc14-e6ac-4c50-81e7-062dd82566ce,Gretchen Wilson,Gretchen Wilson
Lenny Welch,71,exact_text,1.0,c3e8287b-923e-4bb6-902c-c577134e1316,Lenny Welch,Lenny Welch
Lawrence Welk And His Orchestra,71,exact_text,1.0,23b1db6d-bcba-435a-8fc3-b84b96181b38,Lawrence Welk & His Orchestra,Lawrence Welk & His Orchestra
Archie Bell & The Drells,71,exact_text,1.0,9b89f290-eb18-4bc3-977a-e20c7d90db2d,Archie Bell & the Drells,Archie Bell & the Drells
Hamilton| Joe Frank & Reynolds,71,exact_text,1.0,a2fcf471-0fca-44b1-b074-ec45ad59e205,"Hamilton, Joe Frank & Reynolds","Hamilton, Joe Frank & Reynolds"
Albert Hammond,71,exact_text,1.0,364f3cef-442b-4182-ae78-4e7e79683c24,Albert Hammond,Albert Hammond
Lynyrd Skynyrd,71,exact_text,1.0,c544ed4d-2390-4442-a83e-1ea2883b09c8,Lynyrd Skynyrd,Lynyrd Skynyrd
Rush,71,exact_text,1.0,534ee493-bfac-4575-a44a-0ae41e2c3fe4,Rush,Rush
Spin Doctors,71,exact_text,1.0,1bcb61f3-ca9c-4a26-b16e-0547ad6c21be,Spin Doctors,Spin Doctors
Brownstone,71,exact_text,1.0,9b214042-4154-4571-8f6c-5643eb4bc06f,Brownstone,Brownstone
Limp Bizkit,71,exact_text,1.0,8f9d6bb2-dba4-4cca-9967-cc02b9f4820c,Limp Bizkit,Limp Bizkit
Cascada,71,exact_text,1.0,04af2581-6692-4f14-a7fe-151a36f20368,Cascada,Cascada
Carly Rae Jepsen,71,exact_text,1.0,09887aa7-226e-4ecc-9a0c-02d2ae5777e1,Carly Rae Jepsen,Carly Rae Jepsen
Bobby Helms,70,exact_text,1.0,502b3244-0f7d-470c-99e9-b17fe6bcaabf,Bobby Helms,Bobby Helms
Ray Price,70,exact_text,1.0,c91823bc-3074-48f7-b6fe-ccda9310d2f5,Ray Price,Ray Price
Dobie Gray,70,exact_text,1.0,fb5d53ea-6090-49cd-b8ab-0d200bacf4c3,Dobie Gray,Dobie Gray
Bobby Womack,70,exact_text,1.0,48e78462-2f0b-4a1a-9fa4-0585e2991e80,Bobby Womack,Bobby Womack
Tower of Power,70,exact_text,1.0,6c4d81f8-8a34-4cda-9a4b-538c539b50f4,Tower of Power,Tower of Power
Gloria Gaynor,70,exact_text,1.0,d5c51c36-ac67-4727-91ed-ee9f0df81a2d,Gloria Gaynor,Gloria Gaynor
Crowded House,70,exact_text,1.0,9854d99f-d954-4c0f-9ae5-58a0cdd885f5,Crowded House,Crowded House
Tesla,70,exact_text,1.0,eeacb319-8d4c-48e0-80a0-944e71c375bf,Tesla,Tesla
Musiq Soulchild,70,exact_text,1.0,01872118-3238-4f46-a849-26a0901a0da7,Musiq Soulchild,Musiq Soulchild
Chris Janson,70,exact_text,1.0,0fed966c-27ce-4866-a122-06d4133d8207,Chris Janson,Chris Janson
Dick and DeeDee,69,fuzzy,0.9677,ac890df7-42bb-47e1-b240-1bd9891060c5,Dick & Dee Dee,Dick & Dee Dee
Sammy Davis Jr.,69,exact_text,1.0,4bc9e8c3-7eae-454f-a56c-bccf96f3926b,Sammy Davis Jr.,Sammy Davis Jr.
Sergio Mendes & Brasil '66,69,exact_text,1.0,491d8124-42e9-43f0-a828-e4a40c59e5ba,Sérgio Mendes & Brasil ’66,Sérgio Mendes & Brasil ’66
Melanie,69,exact_text,1.0,c8c3beb5-d213-40e6-9ef6-d4e1cad59e12,Melanie,Melanie
Raspberries,69,exact_text,1.0,01b405ae-8ca2-4dbe-8a30-0587b597f598,Raspberries,Raspberries
Pure Prairie League,69,exact_text,1.0,8f7146ef-c344-40f7-b688-fa02a08d9a1d,Pure Prairie League,Pure Prairie League
Rupert Holmes,69,exact_text,1.0,3e7ef7ed-18c1-436d-b946-7e7e63ace408,Rupert Holmes,Rupert Holmes
The S.O.S. Band,69,exact_text,1.0,39515237-2d70-436a-800c-fcbac974bec4,The S.O.S. Band,The S.O.S. Band
Paul Carrack,69,exact_text,1.0,fe4658a6-bb37-473d-b6f0-f075dda8d31c,Paul Carrack,Paul Carrack
The Black Crowes,69,exact_text,1.0,02ceff75-7363-493e-a78d-912dc86c7460,The Black Crowes,The Black Crowes
Nine Inch Nails,69,exact_text,1.0,b7ffd2af-418f-4be2-bdd1-22f8b48613da,Nine Inch Nails,Nine Inch Nails
Foster the People,69,exact_text,1.0,e0e1a584-dd0a-4bd1-88d1-c4c62895039d,Foster the People,Foster the People
X Ambassadors,69,exact_text,1.0,298f4089-1948-44b5-b5e8-d5381f42362f,X Ambassadors,X Ambassadors
Timi Yuro,68,exact_text,1.0,8a52e2b1-7087-416f-91b0-3584ab7ba044,Timi Yuro,Timi Yuro
Chris Montez,68,exact_text,1.0,e161330c-8c2a-4ccc-80c6-88d48f9d4095,Chris Montez,Chris Montez
The Honey Cone,68,exact_normalized,1.0,570938b4-8fe5-44f9-ab43-9438feb03c6f,Honey Cone,Honey Cone
Kris Kristofferson,68,exact_text,1.0,cb1ca13a-4821-4e66-aff0-0fd6b3dc9a81,Kris Kristofferson,Kris Kristofferson
Naked Eyes,68,exact_text,1.0,d5d477bc-97c5-410c-983b-ff541580566f,Naked Eyes,Naked Eyes
Martika,68,exact_text,1.0,6529224b-a935-4c46-882f-8a558015b3cb,Martika,Martika
Nirvana,68,exact_text,1.0,5b11f4ce-a62d-471e-81fc-a69a8278c7da,Nirvana,Nirvana
Fuel,68,exact_text,1.0,2a5a3b60-d468-4b62-a28f-9c410ad3f71d,Fuel,Fuel
Petey Pablo,68,exact_text,1.0,f9db232d-6513-43b7-b6cd-1d73bcd65a58,Petey Pablo,Petey Pablo
The Pussycat Dolls,68,exact_text,1.0,1fda852b-92e9-4562-82fa-c52820a77b23,The Pussycat Dolls,The Pussycat Dolls
Meek Mill Featuring Drake,68,exact_text,1.0,31bcadcc-e1da-4cad-bec8-2f4f1d41b095,Meek Mill,Meek Mill
Glorilla,68,exact_text,1.0,2a7ef045-ca10-4cb5-8fe9-1f5d38e84bc2,GloRilla,GloRilla
Skeeter Davis,67,exact_text,1.0,fd8f6b23-480c-4605-8152-51a5e8a39dfb,Skeeter Davis,Skeeter Davis
Billy Joe Royal,67,exact_text,1.0,4bf357d0-942c-4a0f-a504-2e20d65e953a,Billy Joe Royal,Billy Joe Royal
The Friends Of Distinction,67,exact_text,1.0,1ad6164d-d34a-4c58-8e09-53341b190e77,The Friends of Distinction,The Friends of Distinction
Millie Jackson,67,exact_text,1.0,50e7cc0b-a74e-44b1-a22f-3cd9361d82dd,Millie Jackson,Millie Jackson
Donnie Iris,67,exact_text,1.0,f785e8cd-648a-472b-8f22-a375e68ea8ed,Donnie Iris,Donnie Iris
Berlin,67,exact_text,1.0,c7cb9a2e-ff57-4bb8-bd2c-83524e18e369,Berlin,Berlin
Run-D.M.C.,67,fuzzy,0.9412,5ecc3f72-20a6-47a0-8dc5-fb0b3dadeea0,Run‐D.M.C.,Run‐D.M.C.
Lisa Lisa And Cult Jam,67,exact_text,1.0,504456e7-65c3-4088-9e63-e2bf04fa1ed4,Lisa Lisa & Cult Jam,Lisa Lisa & Cult Jam
Maxi Priest,67,exact_text,1.0,fc6548d9-cc7e-4311-bd6c-6eba9c0cd06f,Maxi Priest,Maxi Priest
Michel'le,67,fuzzy,0.9412,106e8865-ab5f-44bd-8b47-454d4c7205e0,Michel’le,Michel’le
C+C Music Factory,67,exact_text,1.0,c9d4f63d-6c2c-47ae-84fe-819001e3d3ea,C+C Music Factory,C+C Music Factory
Cypress Hill,67,exact_text,1.0,51508c1f-8d07-4a00-9cf1-26c570fe7b78,Cypress Hill,Cypress Hill
Blackstreet,67,exact_text,1.0,d72d000b-b860-44f4-9ac1-5d82e3fff9a9,Blackstreet,Blackstreet
Eve,67,exact_text,1.0,66bdd1c9-d1c5-40b7-a487-5061fffbd87d,Eve,Eve
Jeremih,67,exact_text,1.0,1c009a08-74d1-4682-bc56-8bfbe9e66b62,Jeremih,Jeremih
Big Sean,67,exact_text,1.0,942a9807-9c1a-4a0e-a285-1fde2c5be9d1,Big Sean,Big Sean
Parmalee,67,exact_text,1.0,66980f96-2716-48e6-88c2-cbbb81b8e888,Parmalee,Parmalee
Blackbear,67,exact_text,1.0,e07d9474-00ea-4460-ac27-88b46b3d976e,blackbear,blackbear
The Four Preps,66,exact_text,1.0,ec6d2323-8ef4-4b34-b55a-c2bfcfcd9b1a,The Four Preps,The Four Preps
The Allman Brothers Band,66,exact_text,1.0,72359492-22be-4ed9-aaa0-efa434fb2b01,The Allman Brothers Band,The Allman Brothers Band
Orleans,66,exact_text,1.0,5049ad6c-5ca0-46cb-9416-4567597be83f,Orleans,Orleans
Al Stewart,66,exact_text,1.0,ab7d49fa-c383-4c41-b890-3fe68e559dc4,Al Stewart,Al Stewart
Icehouse,66,exact_text,1.0,48834e28-8ca5-4827-be91-0bed0ca61d76,Icehouse,Icehouse
Fine Young Cannibals,66,exact_text,1.0,23b0f3d6-ba54-4597-a1c7-24c6dd348ef7,Fine Young Cannibals,Fine Young Cannibals
Tori Amos,66,exact_text,1.0,c0b2500e-0cef-4130-869d-732b23ed9df5,Tori Amos,Tori Amos
Gerald Levert,66,exact_text,1.0,9363bf34-2bc4-471e-b6c9-9e8aac379551,Gerald Levert,Gerald Levert
The Flamingos,65,exact_text,1.0,467c7eeb-3741-48b4-9bfb-7d6d0b2b0f83,The Flamingos,The Flamingos
Nancy Wilson,65,exact_text,1.0,f597eafc-4dc5-4bc4-a019-a5035a3c8502,Nancy Wilson,Nancy Wilson
The Trammps,65,exact_text,1.0,8799413d-7df8-4eb9-8542-af8cea6b0feb,The Trammps,The Trammps
John Fogerty,65,exact_text,1.0,c3649208-0ebe-449b-b1d7-4bd6c560f109,John Fogerty,John Fogerty
Climax Blues Band,65,exact_text,1.0,d0ff507b-51fa-486d-902a-d27c88ff214d,Climax Blues Band,Climax Blues Band
Everything But the Girl,65,exact_text,1.0,959cf5bf-ee29-4af6-a85a-0b480181d988,Everything but the Girl,Everything but the Girl
Juvenile,65,exact_text,1.0,ba9afaf0-ef3a-42a6-afe0-f924193629bb,Juvenile,Juvenile
Vanessa Carlton,65,exact_text,1.0,c1a61bb0-e4fe-4064-bc8d-954a2dafda79,Vanessa Carlton,Vanessa Carlton
Jet,65,exact_text,1.0,4efa55ba-93cf-497f-baf3-2ca9da7e193e,Jet,Jet
NLE Choppa,65,exact_text,1.0,2873b450-13c6-4ca1-8ca3-646c25af3202,NLE Choppa,NLE Choppa
Lil Durk,65,exact_text,1.0,c9cd225b-4883-428e-82c2-73e0b6282fb6,Lil Durk,Lil Durk
sombr,65,exact_text,1.0,502cf908-9921-48bc-bf0e-265c881c0156,sombr,sombr
Aaron Neville,64,exact_text,1.0,2f53411b-ec29-4979-aa46-62786a2bb377,Aaron Neville,Aaron Neville
Jefferson Airplane,64,exact_text,1.0,39c2a93d-9afa-4a22-9bba-c087ab056e1c,Jefferson Airplane,Jefferson Airplane
Chilliwack,64,exact_text,1.0,2c64e662-bca3-42f2-93d4-c826a05c2201,Chilliwack,Chilliwack
Brownsville Station,64,exact_text,1.0,eda386f2-d8b5-4b8d-a692-3461a12eba07,Brownsville Station,Brownsville Station
Heatwave,64,exact_text,1.0,ce809639-0e34-40c4-86c9-90a162cb3d46,Heatwave,Heatwave
Kim Wilde,64,exact_text,1.0,4b462375-c508-432a-8c88-ceeec38b16ae,Kim Wilde,Kim Wilde
Michael McDonald,64,exact_text,1.0,cacbe57b-02d0-4d21-be86-c8a3a5ea6e1e,Michael McDonald,Michael McDonald
Lou Gramm,64,exact_text,1.0,1355d559-f13f-4c78-a7a8-02b6d747d94e,Lou Gramm,Lou Gramm
SaFire,64,exact_text,1.0,309876a9-bd4f-41f9-8130-7e2a7980157b,Safire,Safire
Del Amitri,64,exact_text,1.0,5b86617f-e775-4675-b6d3-c4ad95d05409,Del Amitri,Del Amitri
Michael W. Smith,64,exact_text,1.0,1f444240-5397-4e63-a3e8-a3eac2aace32,Michael W. Smith,Michael W. Smith
The Cranberries,64,exact_text,1.0,c98d40fd-f6cf-4b26-883e-eaa515ee2851,The Cranberries,The Cranberries
Edwin McCain,64,exact_text,1.0,f362fdd1-3ddd-4c4e-9629-ef170b08d093,Edwin McCain,Edwin McCain
Tucker Wetmore,64,exact_text,1.0,bac63106-16c3-4a31-80a4-d269ec27ab96,Tucker Wetmore,Tucker Wetmore
Ohio Express,63,exact_text,1.0,7ba71a5b-f9ee-46f3-9f5d-181cb2aab0bd,Ohio Express,Ohio Express
Chairman Of The Board,63,fuzzy,0.9524,0174d942-39da-4dcd-aa48-d0f3fb4f218d,Chairmen of the Board,Chairmen of the Board
Badfinger,63,exact_text,1.0,44632683-c340-44de-a65d-328212559f91,Badfinger,Badfinger
Freda Payne,63,exact_text,1.0,6d1a5b3d-730c-4b10-b83d-ef2c98ce86f3,Freda Payne,Freda Payne
April Wine,63,exact_text,1.0,78761837-4b00-4935-b7be-601697900e66,April Wine,April Wine
Cheech & Chong,63,exact_text,1.0,ca90c456-3e32-40a2-b0d6-84442fb359e7,Cheech & Chong,Cheech & Chong
Ashford & Simpson,63,exact_text,1.0,403bec82-50c4-47fe-a8be-1882a5a43d82,Ashford & Simpson,Ashford & Simpson
Al Jarreau,63,exact_text,1.0,3e54ba8b-f4cc-4192-9813-890d570e2b7a,Al Jarreau,Al Jarreau
A Flock Of Seagulls,63,exact_text,1.0,aaa436da-b331-4e58-a0fd-3d64d090c120,A Flock of Seagulls,A Flock of Seagulls
Aaron Tippin,63,exact_text,1.0,59e22818-9da1-42be-bdd6-b1124b4a67b9,Aaron Tippin,Aaron Tippin
Trapt,63,exact_text,1.0,8876c0be-ccff-4d46-aa91-7f935a3b3b6b,Trapt,Trapt
Pharrell Williams,63,exact_text,1.0,149f91ef-1287-46da-9a8e-87fee02f1471,Pharrell Williams,Pharrell Williams
Roddy Ricch,63,exact_text,1.0,5721c227-4caf-48b1-bbfc-1a4ed3276963,Roddy Ricch,Roddy Ricch
Ruby And The Romantics,62,exact_text,1.0,d7858132-ae22-41f7-a806-619ca57bfade,Ruby & the Romantics,Ruby & the Romantics
Deep Purple,62,exact_text,1.0,79491354-3d83-40e3-9d8e-7592d58d790a,Deep Purple,Deep Purple
Peabo Bryson,62,exact_text,1.0,b8170690-3a95-42e4-adef-afc9576ed90c,Peabo Bryson,Peabo Bryson
Cameo,62,exact_text,1.0,ef4d808a-2113-44c3-9b44-1b31f026ef1e,Cameo,Cameo
New Order,62,exact_text,1.0,f1106b17-dcbb-45f6-b938-199ccfab50cc,New Order,New Order
Quad City DJ's,62,fuzzy,0.963,c0692af0-2ccb-47b9-a293-f327c16ffcdb,Quad City DJ’s,Quad City DJ’s
Hinder,62,exact_text,1.0,39b22a9e-59dd-412b-ac3c-0725c807c72b,Hinder,Hinder
Robin Thicke,62,exact_text,1.0,ddfd9b2f-186e-4b2c-ad09-01aa5380c225,Robin Thicke,Robin Thicke
Calvin Harris,62,exact_text,1.0,8dd98bdc-80ec-4e93-8509-2f46bafc09a7,Calvin Harris,Calvin Harris
Gabby Barrett Featuring Charlie Puth,62,exact_text,1.0,b779262a-e5c0-4ca1-b412-e2fbb5ea7318,Gabby Barrett,Gabby Barrett
Ritchie Valens,61,exact_text,1.0,5222714d-21ee-4061-87f7-c749f1586790,Ritchie Valens,Ritchie Valens
Jimmy Ruffin,61,exact_text,1.0,e39c7351-7110-41e9-9328-ca08df0921cc,Jimmy Ruffin,Jimmy Ruffin
Pink Floyd,61,exact_text,1.0,83d91898-7763-47d7-b03b-b92132375c47,Pink Floyd,Pink Floyd
Ozark Mountain Daredevils,61,exact_normalized,1.0,24558e81-eb3f-4062-ab6a-df3773c9b09a,The Ozark Mountain Daredevils,The Ozark Mountain Daredevils
A Taste Of Honey,61,exact_text,1.0,8fb61843-e724-41b4-86bd-6e3b3dfe9c6e,A Taste of Honey,A Taste of Honey
Eric Clapton And His Band,61,exact_text,1.0,75fd4826-4e89-41ce-878a-9db73aa3eda7,Eric Clapton And His Band,Eric Clapton And His Band
The Clash,61,exact_text,1.0,8f92558c-2baa-4758-8c38-615519e9deda,The Clash,The Clash
Dead or Alive,61,exact_text,1.0,98720123-fcec-47be-9e88-29a310fb2942,Dead or Alive,Dead or Alive
Nu Shooz,61,exact_text,1.0,5e709ff3-170e-40ff-83ad-ecfb3030ad38,Nu Shooz,Nu Shooz
Ice Cube,61,exact_text,1.0,1d11e2a1-4531-4d61-a8c7-7b5c6a608fd2,Ice Cube,Ice Cube
Collin Raye,61,exact_text,1.0,49bf0641-e3cd-462f-8aab-5346ef213b01,Collin Raye,Collin Raye
Sister Hazel,61,exact_text,1.0,3b141e34-8c02-4074-b68a-7d64e3212acd,Sister Hazel,Sister Hazel
Lauryn Hill,61,exact_text,1.0,e8414012-4a1c-4ad4-be5e-fc55294e28cc,Lauryn Hill,Lauryn Hill
LFO,61,exact_text,1.0,e6d0179f-b899-4563-b6c6-88715aaae0b8,LFO,LFO
Jamie O'Neal,61,fuzzy,0.9565,54f855b3-e958-46c3-973d-d4536250a652,Jamie O’Neal,Jamie O’Neal
Pretty Ricky,61,exact_text,1.0,b79247ee-9870-4a26-8cbc-88d13044d7f6,Pretty Ricky,Pretty Ricky
Walk the Moon,61,exact_text,1.0,d4aad415-9cd0-4845-9b05-0416fdcc9fc4,WALK THE MOON,WALK THE MOON
Frankie Laine,60,exact_text,1.0,bb56bf3b-053d-470a-945e-fb6943c03214,Frankie Laine,Frankie Laine
Mitch Ryder And The Detroit Wheels,60,exact_text,1.0,4ddc78bb-bf16-470c-8115-48709bedebbd,Mitch Ryder & The Detroit Wheels,Mitch Ryder & The Detroit Wheels
Spanky And Our Gang,60,exact_text,1.0,022ab2c8-39b6-4a1f-9f85-90206e91ca3c,Spanky & Our Gang,Spanky & Our Gang
Manfred Mann's Earth Band,60,fuzzy,0.9796,83e9c775-84ea-4cf6-abdf-b9ffa8c3d060,Manfred Mann’s Earth Band,Manfred Mann’s Earth Band
Bloodstone,60,exact_text,1.0,76f44882-834d-4c34-a688-0a4449711e68,Bloodstone,Bloodstone
Love Unlimited Orchestra,60,exact_text,1.0,8c92cef7-52ae-49cd-bf5d-97078a977d58,Love Unlimited Orchestra,Love Unlimited Orchestra
Greg Kihn Band,60,exact_text,1.0,67f54f43-b549-4efc-a812-70471082412c,Greg Kihn Band,Greg Kihn Band
Stacey Q,60,exact_text,1.0,55cf7705-e0bc-4b70-8cba-b85544e2eac9,Stacey Q,Stacey Q
Enya,60,exact_text,1.0,4967c0a1-b9f3-465e-8440-4598fd9fc33c,Enya,Enya
Ying Yang Twins,60,exact_text,1.0,2e80ba15-ec0f-4bd4-b263-7e0671f38255,Ying Yang Twins,Ying Yang Twins
Tank,60,exact_text,1.0,9e4d93b6-0b22-4914-a3e4-efe8b8cd0378,Tank,Tank
Disturbed,60,exact_text,1.0,4bb4e4e4-5f66-4509-98af-62dbb90c45c5,Disturbed,Disturbed
Josh Gracin,60,exact_text,1.0,80d77777-8456-4686-94a6-754c9e50bdff,Josh Gracin,Josh Gracin
KT Tunstall,60,exact_text,1.0,951d2103-9c7d-4849-ae60-88bf6aa4790b,KT Tunstall,KT Tunstall
Chase Rice,60,exact_text,1.0,79c478c4-9bd7-42f1-8d26-f3c45ac49258,Chase Rice,Chase Rice
Desiigner,60,exact_text,1.0,05b75ee5-98cd-430e-b1ec-ec0f61fdabda,Desiigner,Desiigner
Eydie Gorme,59,exact_text,1.0,36b31034-0dcb-4543-9aaf-5acf9fd3c2e6,Eydie Gormé,Eydie Gormé
Joan Baez,59,exact_text,1.0,92d37892-6186-4459-9cc1-f0dde57652d0,Joan Baez,Joan Baez
James & Bobby Purify,59,exact_text,1.0,b99517b8-307c-487d-b0b9-058216f3451b,James & Bobby Purify,James & Bobby Purify
Quincy Jones,59,exact_text,1.0,5803c81e-739a-4057-9a5c-cf84e55db630,Quincy Jones,Quincy Jones
Golden Earring,59,exact_text,1.0,75336c3d-2833-46cb-8037-b835cd7d646d,Golden Earring,Golden Earring
The Marshall Tucker Band,59,exact_text,1.0,568045b3-c3cb-4100-9bc5-ef9cdcebe643,The Marshall Tucker Band,The Marshall Tucker Band
Stephanie Mills,59,exact_text,1.0,3ee6b1e9-5844-4029-be18-cd7e34e9e969,Stephanie Mills,Stephanie Mills
Teena Marie,59,exact_text,1.0,98cb2d05-0b47-4bc6-b345-792eecbe8449,Teena Marie,Teena Marie
Various Artists,59,exact_text,1.0,89ad4ac3-39f7-470e-963a-56509c546377,Various Artists,Various Artists
Sixpence None the Richer,59,exact_text,1.0,c2c70ed6-5f10-445c-969f-2c16bc9a4c2e,Sixpence None the Richer,Sixpence None the Richer
Gotye Featuring Kimbra,59,exact_text,1.0,6f6fd596-76e0-4b82-aa37-f558ac2d337b,Gotye,Gotye
Maddie & Tae,59,exact_text,1.0,c1c02051-0305-4095-8817-30df19c0b79f,Maddie & Tae,Maddie & Tae
Tory Lanez,59,exact_text,1.0,5b8ec72b-9e39-4a06-a2bf-964166b92a71,Tory Lanez,Tory Lanez
Kevin Gates,59,exact_text,1.0,0c41b966-12e8-4c9b-87ea-af47798987b6,Kevin Gates,Kevin Gates
Latto,59,exact_text,1.0,355cc194-b8db-4af2-8678-c7ad54213f4b,Latto,Latto
Lloyd Price,58,exact_text,1.0,d047ee24-6fac-401a-8769-34edbda52113,Lloyd Price,Lloyd Price
Bobby Bare,58,exact_text,1.0,b7798819-d9b2-442b-bd22-e55b40a1a69f,Bobby Bare,Bobby Bare
Detroit Emeralds,58,exact_text,1.0,2d1c686d-3546-4b03-9c6c-e376bb9c9583,Detroit Emeralds,Detroit Emeralds
Chris de Burgh,58,exact_text,1.0,0c2d1de8-fc3a-4ca9-a90b-eea69a5968a5,Chris de Burgh,Chris de Burgh
Ready For The World,58,exact_text,1.0,b7a15023-91c9-4157-acad-f6a2d04132ad,Ready for the World,Ready for the World
Neneh Cherry,58,exact_text,1.0,527c65d1-9fdb-4482-8796-dde2980bd63a,Neneh Cherry,Neneh Cherry
The 2 Live Crew,58,exact_text,1.0,5cab4a1f-9797-42eb-9346-f5f375262a4a,The 2 Live Crew,The 2 Live Crew
Inner Circle,58,exact_text,1.0,0a5c92c7-4aa7-4324-82ab-8e8e733507cb,Inner Circle,Inner Circle
Fabolous,58,exact_text,1.0,d2299099-e617-46dd-b013-ba0b4c72bc63,Fabolous,Fabolous
A Boogie wit da Hoodie,58,exact_text,1.0,c1708d03-8a66-46eb-848e-fe0d233ffb39,A Boogie Wit da Hoodie,A Boogie Wit da Hoodie
The Skyliners,57,exact_text,1.0,6d7eef18-28b0-4d7b-90ba-516a19bf3dcc,The Skyliners,The Skyliners
Joey Dee & the Starliters,57,exact_text,1.0,77a9b902-ae52-40c3-bf2e-d3f0a4544471,Joey Dee & the Starliters,Joey Dee & the Starliters
Dave Mason,57,exact_text,1.0,d70c2ae1-911a-4bea-8ef4-63564a150ff2,Dave Mason,Dave Mason
Redbone,57,exact_text,1.0,b3fa0e6f-93db-4aa5-b76e-393e24de35ba,Redbone,Redbone
Sergio Mendes,57,exact_text,1.0,6bf591c4-b050-478e-9d9f-167394d66c90,Sérgio Mendes,Sérgio Mendes
Katrina And The Waves,57,exact_text,1.0,a57505c9-6b43-4861-a498-fe00b349d591,Katrina and the Waves,Katrina and the Waves
Patty Smyth,57,exact_text,1.0,b7bf6771-2552-4fc4-8c48-66f042f04198,Patty Smyth,Patty Smyth
Henry Lee Summer,57,exact_text,1.0,9a5d0ffa-7248-4c82-b8b1-f180964ae85c,Henry Lee Summer,Henry Lee Summer
Lighter Shade Of Brown,57,exact_text,1.0,6b59b354-d6e4-4d8a-8e9c-75a325460c5c,Lighter Shade of Brown,Lighter Shade of Brown
Ty Herndon,57,exact_text,1.0,ef354948-8135-45c0-b48e-9d82fa85e20f,Ty Herndon,Ty Herndon
B2K,57,exact_text,1.0,e50519c1-6940-40fe-b920-f73f522005e2,B2K,B2K
Unk,57,exact_text,1.0,1b444b91-ed25-4a88-897b-a1d648a53f05,Unk,Unk
Lukas Graham,57,exact_text,1.0,124cec07-44f1-4a99-9aaa-96a5bb9ec0bd,Lukas Graham,Lukas Graham
Noah Kahan,57,exact_text,1.0,a2a3f910-b188-43e7-81d0-f1ac2a2f3e12,Noah Kahan,Noah Kahan
The Fireballs,56,exact_text,1.0,742ac24e-d1cd-48c5-8a4b-684fd3d84ddb,The Fireballs,The Fireballs
Leon Haywood,56,exact_text,1.0,e5462b45-8837-495b-aad2-6dfc8600b1ef,Leon Haywood,Leon Haywood
Ronnie Dyson,56,exact_text,1.0,c665c7dc-a209-4742-b118-013a40c27549,Ronnie Dyson,Ronnie Dyson
Neil Young,56,exact_text,1.0,75167b8b-44e4-407b-9d35-effe87b223cf,Neil Young,Neil Young
Maureen McGovern,56,exact_text,1.0,db3ed2cd-ede2-472e-ae20-b4aeae16e5f8,Maureen McGovern,Maureen McGovern
Maxine Nightingale,56,exact_text,1.0,0d8da158-389d-4b58-a62e-a6b5870fc3a4,Maxine Nightingale,Maxine Nightingale
Mick Jagger,56,exact_text,1.0,b5ffc3aa-b868-4b88-905f-d73d51dbe51c,Mick Jagger,Mick Jagger
Cutting Crew,56,exact_text,1.0,2aa79fa9-7ac0-443b-b250-18d67227a1cb,Cutting Crew,Cutting Crew
K7,56,exact_text,1.0,326060b6-1ddd-44c8-8d52-3a5f56219036,K7,K7
Fun Factory,56,exact_text,1.0,870aa805-7045-4346-99fb-427ecde8998c,Fun Factory,Fun Factory
Better Than Ezra,56,exact_text,1.0,7986c185-d91d-4204-8ee2-eac5d503fe39,Better Than Ezra,Better Than Ezra
Erykah Badu,56,exact_text,1.0,321531fc-db73-4ffa-a959-61a61a2908c1,Erykah Badu,Erykah Badu
Angie Stone,56,exact_text,1.0,82f8dd22-0319-4f35-953c-358b3f883027,Angie Stone,Angie Stone
Gorillaz,56,exact_text,1.0,e21857d5-3256-4547-afb3-4b6ded592596,Gorillaz,Gorillaz
Evanescence,56,exact_text,1.0,f4a31f0a-51dd-4fa7-986d-3095c40c5ed9,Evanescence,Evanescence
Mims,56,exact_text,1.0,f57ceb78-1e1d-427e-8fad-30d63acf9d4a,Mims,Mims
DNCE,56,exact_text,1.0,b02dc689-7859-461d-b70e-9fe1f64fddce,DNCE,DNCE
Giveon,56,exact_text,1.0,ad322b8b-31b2-437d-8fd8-1af13c1d7b91,GIVĒON,GIVĒON
Peggy Lee,55,exact_text,1.0,5a2463af-eef0-4a22-bc8f-5865fbe9c78e,Peggy Lee,Peggy Lee
Earl Grant,55,exact_text,1.0,8af92515-c236-428b-a32d-2b1e969fdef9,Earl Grant,Earl Grant
Johnny Burnette,55,exact_text,1.0,e92e6d99-d4b3-4942-a6e6-b59427dae61e,Johnny Burnette,Johnny Burnette
Betty Everett,55,exact_text,1.0,beab6f53-4534-49d9-87a2-d01c0211b366,Betty Everett,Betty Everett
Ramsey Lewis,55,exact_text,1.0,fe19b809-e86c-4736-882a-53b72e23171b,Ramsey Lewis,Ramsey Lewis
Cream,55,exact_text,1.0,04cd0cfd-bfd1-4c36-bc38-95c35e2c045f,Cream,Cream
Jethro Tull,55,exact_text,1.0,ece57992-dc2e-4f67-a269-fa43626c1a3d,Jethro Tull,Jethro Tull
Des'ree,55,fuzzy,0.9231,250504d4-eca1-4b23-bea6-db1dc7d2eaf9,Des’ree,Des’ree
Duncan Sheik,55,exact_text,1.0,2d1829d9-ff1b-4000-b6c6-41d2cfbf3e52,Duncan Sheik,Duncan Sheik
Jimmy Reed,54,exact_text,1.0,018d8a5e-76c7-450d-a0a1-a97f8c26466f,Jimmy Reed,Jimmy Reed
Barbara Lynn,54,exact_text,1.0,facb97f4-4674-40d0-b060-433e9a1a49cb,Barbara Lynn,Barbara Lynn
Darlene Love,54,exact_text,1.0,af953ba2-283b-41ef-93bc-b4cfc5feeebc,Darlene Love,Darlene Love
Bobbie Gentry,54,exact_text,1.0,a5106366-6368-4a02-a580-73a3c02abb2f,Bobbie Gentry,Bobbie Gentry
Cornelius Brothers & Sister Rose,54,exact_text,1.0,61dd1d74-e79b-4ea4-9f25-6062683be561,Cornelius Brothers & Sister Rose,Cornelius Brothers & Sister Rose
Mary MacGregor,54,exact_text,1.0,31107661-e4b3-4202-a11e-561aca03e9d7,Mary MacGregor,Mary MacGregor
Michael Stanley Band,54,exact_text,1.0,4e744ffc-767a-4b18-b485-47d4b123ff4a,Michael Stanley Band,Michael Stanley Band
Swing Out Sister,54,exact_text,1.0,d12b5853-71eb-41d9-8d18-a4259477848a,Swing Out Sister,Swing Out Sister
Lisette Melendez,54,exact_text,1.0,0853d925-3d71-4cf6-a306-efc68ef5890d,Lisette Melendez,Lisette Melendez
2 Unlimited,54,exact_text,1.0,515b236c-cce1-4dc2-aedd-50de7b1736e2,2 Unlimited,2 Unlimited
Jocelyn Enriquez,54,exact_text,1.0,c61cc6fa-0e59-475d-807b-a8d265670529,Jocelyn Enriquez,Jocelyn Enriquez
Sisqo,54,exact_text,1.0,25e0497c-faa4-4765-b232-baa20e5e35a7,Sisqó,Sisqó
Amerie,54,exact_text,1.0,56ef1af4-5184-49f8-a972-583f35c2485c,Amerie,Amerie
Bastille,54,exact_text,1.0,7808accb-6395-4b25-858c-678bbb73896b,Bastille,Bastille
The Brothers Four,53,exact_text,1.0,59b0f5da-cd35-4ec7-a4a8-74d7aa7948b7,The Brothers Four,The Brothers Four
The Moments,53,exact_text,1.0,f4dbedba-619c-4398-a010-75f48e1a469b,The Moments,The Moments
The Three Degrees,53,exact_text,1.0,ddcc21f0-1a12-4d0d-9926-79249d39d92f,The Three Degrees,The Three Degrees
Betty Wright,53,exact_text,1.0,eed5f159-4858-4464-93c3-fc2da3796446,Betty Wright,Betty Wright
Luther Ingram,53,exact_text,1.0,58e06884-8ca6-4b37-93ef-fad57b41e560,Luther Ingram,Luther Ingram
'Til Tuesday,53,exact_text,1.0,8cf8869d-e066-4c94-b734-fe05749badf0,’Til Tuesday,’Til Tuesday
Level 42,53,exact_text,1.0,d69ee229-2f36-494c-b104-9ae0d8be506b,Level 42,Level 42
TKA,53,exact_text,1.0,83a79452-dcb0-48d3-a7ea-2e0af86d7ebd,TKA,TKA
Slaughter,53,exact_text,1.0,9862fd7e-0ee2-4398-a22f-b27b3c478973,Slaughter,Slaughter
Switchfoot,53,exact_text,1.0,ff865aa0-4603-4f79-ae8b-8735332e2cfa,Switchfoot,Switchfoot
Jennifer Hudson,53,exact_text,1.0,95b5d5b5-46c4-4c3e-89d5-ffe9236427ac,Jennifer Hudson,Jennifer Hudson
Della Reese,52,exact_text,1.0,f9328e7e-889f-4cc7-b56a-8d94cf0b8fe2,Della Reese,Della Reese
Carl Dobkins| Jr.,52,exact_text,1.0,c11f1706-2888-4d94-9938-3b141f28a130,Carl Dobkins Jr.,Carl Dobkins Jr.
Manfred Mann,52,exact_text,1.0,06b6f280-8787-4a3d-8ab6-c6487b465320,Manfred Mann,Manfred Mann
Vikki Carr,52,exact_text,1.0,06e7ad00-7257-4f5e-837f-81eeda8e0685,Vikki Carr,Vikki Carr
Charley Pride,52,exact_text,1.0,1c1de177-984d-4208-9177-ca94f8776a39,Charley Pride,Charley Pride
Tanya Tucker,52,exact_text,1.0,45677914-89de-4267-aeae-8c1661b2c859,Tanya Tucker,Tanya Tucker
Marilyn McCoo & Billy Davis Jr.,52,exact_text,1.0,63562051-8159-4703-857e-ffdb2f652acb,Marilyn McCoo & Billy Davis Jr.,Marilyn McCoo & Billy Davis Jr.
"Evelyn ""Champagne"" King",52,exact_text,1.0,f104e236-9655-4022-b794-d1567357e3b0,Evelyn “Champagne” King,Evelyn “Champagne” King
Vixen,52,exact_text,1.0,8b9e78e6-a66f-4974-a847-15681ad93287,Vixen,Vixen
Lords Of The Underground,52,exact_text,1.0,8b35342d-9501-41a2-bd95-948831e53f1f,Lords of the Underground,Lords of the Underground
Robin S.,52,exact_text,1.0,37a0943e-9638-48fe-9a56-7192d7efbbed,Robin S,Robin S
Joshua Kadison,52,exact_text,1.0,fef99732-88b6-4ac1-9a49-4bfcca88d8fe,Joshua Kadison,Joshua Kadison
Warren G,52,exact_text,1.0,85d7666c-d3ce-4e2c-8b1b-f20db7cdae4f,Warren G,Warren G
Max-A-Million,52,exact_text,1.0,bd9e3d98-10bb-4138-bee2-130a9bf4c4b2,Max-A-Million,Max-A-Million
Robyn,52,exact_text,1.0,5a8e07d5-d932-4484-a7f7-e700793a9c94,Robyn,Robyn
Randy Travis,52,exact_text,1.0,09b697e3-a849-4670-ae49-e0b821a6271a,Randy Travis,Randy Travis
Chevelle,52,exact_text,1.0,8456e9f7-debf-4579-a86c-33a325a35d2d,Chevelle,Chevelle
JoJo,52,exact_text,1.0,ed29398b-bbf3-42a0-8eff-8631509c271d,JoJo,JoJo
Iyaz,52,exact_text,1.0,3bf30073-ce4e-4207-88d2-ad83677b0387,Iyaz,Iyaz
Playboi Carti,52,exact_text,1.0,2baf3276-ed6a-4349-8d2e-f4601e7b2167,Playboi Carti,Playboi Carti
24kGoldn Featuring iann dior,52,exact_text,1.0,0fe5df51-ba65-4784-ba85-7d024a107a8a,24kGoldn,24kGoldn
The Ames Brothers,51,exact_text,1.0,0a3e30a6-4533-4a12-a449-65a99f00ead5,The Ames Brothers,The Ames Brothers
Sarah Vaughan,51,exact_text,1.0,351d8bdf-33a1-45e2-8c04-c85fad20da55,Sarah Vaughan,Sarah Vaughan
Ral Donner,51,exact_text,1.0,bc3d0e48-8d65-46ee-9ca8-97e12c1d5b0a,Ral Donner,Ral Donner
Gary Puckett And The Union Gap,51,exact_text,1.0,77e92ee5-1a51-472e-b03e-3366663cf793,Gary Puckett & the Union Gap,Gary Puckett & the Union Gap
Thelma Houston,51,exact_text,1.0,cb327970-cf95-4f2d-91db-b1b787aa51f9,Thelma Houston,Thelma Houston
Chuck Mangione,51,exact_text,1.0,4861e415-2a6e-4682-98c0-ae212683faf4,Chuck Mangione,Chuck Mangione
Slade,51,exact_text,1.0,2e700147-56a3-416b-a95d-381ea42f947f,Slade,Slade
Triumph,51,exact_text,1.0,5ba43ff1-f124-4b94-aed8-6428bd90bdd4,Triumph,Triumph
Matthew Wilder,51,exact_text,1.0,471e21ab-7a14-4190-a9d2-f95197616df4,Matthew Wilder,Matthew Wilder
Black Box,51,exact_text,1.0,d73596bb-a8f8-4aae-a323-d881f5245149,Black Box,Black Box
Soul For Real,51,exact_text,1.0,23c598be-b0ba-4067-8566-348e272a663f,Soul for Real,Soul for Real
Chingy,51,exact_text,1.0,2c311e1d-5da3-4ffb-a46e-572981b5849f,Chingy,Chingy
Hilary Duff,51,exact_text,1.0,bfaf9b70-d1fd-4d3e-b730-3e67e6f8f9bb,Hilary Duff,Hilary Duff
Hannah Montana,51,exact_text,1.0,e25744d3-ec9f-4bbf-8760-7bd3370906ea,Hannah Montana,Hannah Montana
Silento,51,exact_text,1.0,636736ef-df33-48ed-bdbc-e8f8d1f964b3,Silentó,Silentó
Rachel Platten,51,exact_text,1.0,070c2401-1474-477d-b377-3e5827992fbf,Rachel Platten,Rachel Platten
Daya,51,exact_text,1.0,9e8a4e92-1598-47d9-80f7-646802abce76,Daya,Daya
Sandy Posey,50,exact_text,1.0,ed682cfc-c080-46c6-baf9-2df4935db7ce,Sandy Posey,Sandy Posey
Martha Reeves & The Vandellas,50,exact_text,1.0,9d1bc10a-24fe-4b41-8338-ea92d8101a09,Martha Reeves and the Vandellas,Martha Reeves and the Vandellas
Tammy Wynette,50,exact_text,1.0,26fe36eb-fd75-4799-bf0f-fa502a7bcfe8,Tammy Wynette,Tammy Wynette
AWB,50,exact_text,1.0,f34d6025-8a56-4a42-b8ce-8a95c4e330a2,AWB,AWB
Kate Bush,50,exact_text,1.0,4b585938-f271-45e2-b19a-91c634b5e396,Kate Bush,Kate Bush
The Gap Band,50,exact_text,1.0,00aab979-da36-4efd-9086-e409cda07f9c,The Gap Band,The Gap Band
Ratt,50,exact_text,1.0,e0827234-3be3-4973-be59-1aa9575b9c76,Ratt,Ratt
Tone-Loc,50,fuzzy,0.9333,16da4997-78e1-4837-85f6-9247d10cde1f,Tone‐Lōc,Tone‐Lōc
Extreme,50,exact_text,1.0,0e6cc5e5-4f03-4993-a481-d70d0e354d9f,Extreme,Extreme
A Tribe Called Quest,50,exact_text,1.0,9689aa5a-4471-4fb4-9721-07cecda0fa9f,A Tribe Called Quest,A Tribe Called Quest
Angelina,50,exact_text,1.0,e1c6a310-0bea-41c6-aebf-7e8896ba3ef1,Angelina,Angelina
Christina Milian,50,exact_text,1.0,78e98e0e-f873-4e5e-b4b7-88b7293fd713,Christina Milian,Christina Milian
Bowling For Soup,50,exact_text,1.0,bcb95908-5c6e-453a-97fc-d69003d250ff,Bowling For Soup,Bowling For Soup
Muse,50,exact_text,1.0,9c9f1380-2516-4fc9-a3e6-f9f61941d090,Muse,Muse
The McGuire Sisters,49,exact_text,1.0,6f92a2eb-6d48-4187-849a-e8998f5708ff,The McGuire Sisters,The McGuire Sisters
Santo & Johnny,49,exact_text,1.0,d7aa31ba-5739-427f-a9b5-8f0ce1c1e729,Santo & Johnny,Santo & Johnny
The Five Americans,49,exact_text,1.0,19ce9c2c-b685-49cb-afed-f6b6ed720646,The Five Americans,The Five Americans
Herbie Mann,49,exact_text,1.0,04271c28-b9a7-4724-b7fd-022409fbce60,Herbie Mann,Herbie Mann
Andrew Gold,49,exact_text,1.0,10876f5a-9ac7-49c7-a2b6-46a3f1ac3523,Andrew Gold,Andrew Gold
Spandau Ballet,49,exact_text,1.0,4c0d9acf-a8a1-4765-9c56-05f92f68c048,Spandau Ballet,Spandau Ballet
Boy Meets Girl,49,exact_text,1.0,1752572e-2179-4507-9214-b29a6f2d7888,Boy Meets Girl,Boy Meets Girl
Vanilla Ice,49,exact_text,1.0,2d5583be-aafd-41ec-addd-df85913855ef,Vanilla Ice,Vanilla Ice
Corina,49,exact_text,1.0,1a99ad28-8a1d-44ed-89b9-6cddcd4f99b5,Corina,Corina
Live,49,exact_text,1.0,cba77ba2-862d-4cee-a8f6-d3f9daf7211c,Live,Live
Hanson,49,exact_text,1.0,3c0a0074-4f26-4d3b-b723-a66bf6cc3753,Hanson,Hanson
Chad Brock,49,exact_text,1.0,7d989b4b-e379-4b8d-be80-812d9c3e9c04,Chad Brock,Chad Brock
Blaque,49,exact_text,1.0,e2137e49-1cfa-4321-8dca-aef01cb8101e,Blaque,Blaque
Jimmy Eat World,49,exact_text,1.0,bbc5b66b-d037-4f26-aecf-0b129e7f876a,Jimmy Eat World,Jimmy Eat World
Omarion,49,exact_text,1.0,3ca09fae-fdee-4771-bab9-244708515a98,Omarion,Omarion
Macklemore & Ryan Lewis Featuring Wanz,49,exact_text,1.0,97b226c8-7140-4da3-91ac-15e62e131a81,Macklemore & Ryan Lewis,Macklemore & Ryan Lewis
Jhene Aiko,49,exact_text,1.0,ceb3f5b7-9f1a-430f-afbe-976fdcf30482,Jhené Aiko,Jhené Aiko
6ix9ine,49,exact_text,1.0,2282c539-05a2-477c-82b7-fe40798d37f3,6ix9ine,6ix9ine
BigXthaPlug,49,exact_text,1.0,d25f6294-686a-4569-b1b9-fe64bfef2519,BigXthaPlug,BigXthaPlug
Teresa Brewer,48,exact_text,1.0,9775a551-e2b9-4989-838a-ffdb2175cd62,Teresa Brewer,Teresa Brewer
The New Colony Six,48,exact_text,1.0,5341004d-42ae-4fe2-8e98-14af9daea43f,The New Colony Six,The New Colony Six
Crosby| Stills| Nash & Young,48,exact_text,1.0,46a782ea-4308-476b-abd1-a91b197f3037,"Crosby, Stills, Nash & Young","Crosby, Stills, Nash & Young"
Lynn Anderson,48,exact_text,1.0,354812d4-2dfb-4611-9a8f-8f8e795e48bf,Lynn Anderson,Lynn Anderson
Mickey Gilley,48,exact_text,1.0,e5e17a46-5f66-4ee7-8377-0c3ddb257eb8,Mickey Gilley,Mickey Gilley
Dorothy Moore,48,exact_text,1.0,e5a30e1e-b85f-4f56-8be4-c892125fcf45,Dorothy Moore,Dorothy Moore
Starbuck,48,exact_text,1.0,9aab4cbd-de94-453f-932a-8f44c142d928,Starbuck,Starbuck
Wild Cherry,48,exact_text,1.0,da5ff827-174b-48d1-9a39-9fa290bb2925,Wild Cherry,Wild Cherry
Blues Brothers,48,exact_text,1.0,7252abc2-dfc8-4aa6-889f-2d168b265403,Blues Brothers,Blues Brothers
Robbie Dupree,48,exact_text,1.0,4981fd19-16b6-4393-ae72-3f6e427ed677,Robbie Dupree,Robbie Dupree
Men Without Hats,48,exact_text,1.0,bcabb743-60ed-406b-94da-9bf82e032e58,Men Without Hats,Men Without Hats
Lil Suzy,48,exact_text,1.0,dfaa611b-a7cc-415d-9aef-4ed014468632,Lil’ Suzy,Lil’ Suzy
Tag Team,48,exact_text,1.0,47ade377-b278-4c83-b729-c870d6440b08,Tag Team,Tag Team
Dishwalla,48,exact_text,1.0,d6cd2165-7877-4ca7-ace9-34dacadaf393,Dishwalla,Dishwalla
Kelly Price,48,exact_text,1.0,76afa937-2afb-4359-923f-5faa18070e81,Kelly Price,Kelly Price
BBMak,48,exact_text,1.0,0662fa9d-73b0-4f71-9576-c963a5a14f66,BBMak,BBMak
Heather Headley,48,exact_text,1.0,a373933d-555c-446f-a7a2-b8b8a291659f,Heather Headley,Heather Headley
Blue October,48,exact_text,1.0,d6a3eeec-cde0-4c10-89b2-93e0bd5f34e6,Blue October,Blue October
Snow Patrol,48,exact_text,1.0,a66999a7-ae5c-460e-ba94-1a01143ae847,Snow Patrol,Snow Patrol
CeeLo Green,48,exact_text,1.0,2c69465c-0f76-45ce-90a2-1ed0fdacc997,CeeLo Green,CeeLo Green
Of Monsters and Men,48,exact_text,1.0,9e103f85-7af7-41d7-b83b-49ba8f0c5abf,Of Monsters and Men,Of Monsters and Men
The Dixie Cups,47,exact_text,1.0,91fc56fe-ac9a-4d35-8cdc-34eb72fa59bb,The Dixie Cups,The Dixie Cups
Little Milton,47,exact_text,1.0,37846227-55fb-444b-9cd7-dc06d5d20714,Little Milton,Little Milton
Dave Edmunds,47,exact_text,1.0,ec4b6d29-527c-4cc0-89bb-8a4775f350d0,Dave Edmunds,Dave Edmunds
Parliament,47,exact_text,1.0,d1947987-9614-49ae-bd36-8000e6b6f7d0,Parliament,Parliament
Andrea True Connection,47,exact_normalized,1.0,15c7cdce-60d1-4933-b5f7-8b98cf79c923,The Andrea True Connection,The Andrea True Connection
Franke & The Knockouts,47,exact_text,1.0,acf64d5d-91ab-4d8f-986e-b0183ef2e2ae,Franke & the Knockouts,Franke & the Knockouts
Linear,47,exact_text,1.0,6c161b86-51dc-4fd2-b950-d0ab51ff48d1,Linear,Linear
Enigma,47,exact_text,1.0,f1d1df24-91af-4d27-83a4-9b4ad29b37eb,Enigma,Enigma
House Of Pain,47,exact_text,1.0,c2d6a6fb-7999-4bb3-b2df-7d752fdf4e95,House of Pain,House of Pain
Adina Howard,47,exact_text,1.0,5c8d5115-163b-4725-9dd7-ab7ed7debbbd,Adina Howard,Adina Howard
Voices Of Theory,47,exact_text,1.0,bd3cb1fe-4e68-4e71-a6a9-246f20a7b801,Voices of Theory,Voices of Theory
Fatboy Slim,47,exact_text,1.0,34c63966-445c-4613-afe1-4f0e1e53ae9a,Fatboy Slim,Fatboy Slim
Ja Rule Featuring Ashanti,47,exact_text,1.0,b504f625-4ef6-4a5a-81e8-870a61e8dc9c,Ja Rule,Ja Rule
Terror Squad,47,exact_text,1.0,995d7339-ff57-498e-9c8e-faf955eba696,Terror Squad,Terror Squad
James Blunt,47,exact_text,1.0,ebee61b4-bbdd-4087-9bcb-d5aa099088ec,James Blunt,James Blunt
Timbaland Featuring OneRepublic,47,exact_text,1.0,daa09819-5da5-4c7a-8bef-eb372bb27ff1,Timbaland,Timbaland
3OH!3,47,exact_text,1.0,125948ec-7f91-4d1a-8b83-accbf50fae3d,3OH!3,3OH!3
Taio Cruz,47,exact_text,1.0,ba7d2626-38ce-4859-8495-bdb5732715c4,Taio Cruz,Taio Cruz
Rich Homie Quan,47,exact_text,1.0,d9547d08-4c2e-47fc-9451-b8e3f889716e,Rich Homie Quan,Rich Homie Quan
Steve Lacy,47,exact_text,1.0,ca9766a0-1c30-43e6-a213-bac1334efc4a,Steve Lacy,Steve Lacy
Tommy Richman,47,exact_text,1.0,741a6c80-2d6e-4522-9de4-e070798a2d30,Tommy Richman,Tommy Richman
Jimmy Smith,46,exact_text,1.0,4f8a0d9b-5777-40da-b29a-e9753d5ae693,Jimmy Smith,Jimmy Smith
Nino Tempo & April Stevens,46,exact_text,1.0,e47f0478-9335-418a-8cbc-3bb9ffa74563,Nino Tempo & April Stevens,Nino Tempo & April Stevens
Ed Ames,46,exact_text,1.0,6a55061b-9742-4059-94b1-a5ea1bd42dce,Ed Ames,Ed Ames
The Royal Guardsmen,46,exact_text,1.0,cfda1625-4de4-4a46-adab-c80b43828f27,The Royal Guardsmen,The Royal Guardsmen
The Flaming Ember,46,exact_normalized,1.0,15551998-0266-4e78-9fdb-e6307ff001ad,Flaming Ember,Flaming Ember
Five Man Electrical Band,46,exact_text,1.0,76c515cd-6817-456f-b813-d98d19f7d865,Five Man Electrical Band,Five Man Electrical Band
Edgar Winter Group,46,exact_normalized,1.0,d1c7bef2-12cb-4fe8-b9bc-3b58e3ac0c5c,The Edgar Winter Group,The Edgar Winter Group
The Hues Corporation,46,exact_text,1.0,25bb0299-9c72-4d7e-877d-94ba70822f45,The Hues Corporation,The Hues Corporation
Crown Heights Affair,46,exact_text,1.0,a5755348-3a50-4c27-a577-6d09fd5b95c9,Crown Heights Affair,Crown Heights Affair
Art Garfunkel,46,exact_text,1.0,fc0a5289-4b77-4246-9c8d-857c8b617f5d,Art Garfunkel,Art Garfunkel
Burton Cummings,46,exact_text,1.0,404c5c4c-7d08-44e4-9721-68a824edc144,Burton Cummings,Burton Cummings
Eddy Grant,46,exact_text,1.0,0cf0583a-fcfd-4f07-b573-95273ec4bdb5,Eddy Grant,Eddy Grant
Real Life,46,exact_text,1.0,dd90dbb1-296a-4675-84ae-4e1c613ca69d,Real Life,Real Life
Frankie Goes To Hollywood,46,exact_text,1.0,c09c8263-40ef-4352-8031-e438b1ce68fc,Frankie Goes to Hollywood,Frankie Goes to Hollywood
Ozzy Osbourne,46,exact_text,1.0,8aa5b65a-5b3c-4029-92bf-47a544356934,Ozzy Osbourne,Ozzy Osbourne
Regina Belle,46,exact_text,1.0,e1235abf-1fab-40a5-833a-057968d90e48,Regina Belle,Regina Belle
Levert,46,exact_text,1.0,238ad296-7c8e-49e2-afb6-cd2a08553831,LeVert,LeVert
Stereo MC's,46,fuzzy,0.9524,5e0ca89b-f5a6-4034-af31-17f10ff5a7d2,Stereo MC’s,Stereo MC’s
Shaggy,46,exact_text,1.0,fc63d806-ca89-4ea3-a404-ee6de695743f,Shaggy,Shaggy
Rome,46,exact_text,1.0,9cc9a4f7-d11f-46c8-b97f-902b8a440cf4,Rome,Rome
Kid Rock,46,exact_text,1.0,ad0ecd8b-805e-406e-82cb-5b00c3a3a29e,Kid Rock,Kid Rock
Ruff Endz,46,exact_text,1.0,ab9b26bf-7a4e-4abb-ba2e-14a51e89cdb0,Ruff Endz,Ruff Endz
India.Arie,46,exact_text,1.0,38c7a3b2-17fb-4166-b964-4e445d69efdd,India.Arie,India.Arie
Toya,46,exact_text,1.0,58ae2f3b-49de-493a-b462-5a20f24e54a1,Toya,Toya
Stone Sour,46,exact_text,1.0,4ca783b7-5bf7-4348-b494-46680660050f,Stone Sour,Stone Sour
PSY,46,exact_text,1.0,f99b7d67-4e63-4678-aa66-4c6ac0f7d24a,PSY,PSY
Don Costa And His Orchestra And Chorus,45,exact_text,1.0,6ae4c1c0-e8d0-46d0-a231-d0cc5dcb5bec,Don Costa & His Orchestra & Chorus,Don Costa & His Orchestra & Chorus
Bettye Swann,45,exact_text,1.0,648f240f-50e6-453d-b901-51e1a33ca4c0,Bettye Swann,Bettye Swann
Loggins & Messina,45,exact_text,1.0,aef6e491-3121-4048-b035-4704a9ce0716,Loggins & Messina,Loggins & Messina
Walter Egan,45,exact_text,1.0,c0c71b1c-d524-44c1-bd20-04531270cc77,Walter Egan,Walter Egan
Nick Gilder,45,exact_text,1.0,ea3baabe-3bd8-446a-a696-f38e43d34995,Nick Gilder,Nick Gilder
The Oak Ridge Boys,45,exact_text,1.0,1089f50b-10c3-47ef-8b21-b0b899c827d8,The Oak Ridge Boys,The Oak Ridge Boys
Quiet Riot,45,exact_text,1.0,5c6acb91-4b9b-4245-b92f-e817295c4ed0,Quiet Riot,Quiet Riot
Five Star,45,exact_text,1.0,605e3f29-a8a4-4880-bddd-b9abd73b1ac1,Five Star,Five Star
Skid Row,45,exact_text,1.0,6da0515e-a27d-449d-84cc-00713c38a140,Skid Row,Skid Row
MC Lyte,45,exact_text,1.0,fac552dc-55e5-498c-818a-c278f1e02a75,MC Lyte,MC Lyte
Soul Asylum,45,exact_text,1.0,b10db9ad-b4c3-47f3-a7a4-37864b134f65,Soul Asylum,Soul Asylum
Vince Gill,45,exact_text,1.0,ec37ecfe-65b4-49a4-83c7-ee1ccaeec2e3,Vince Gill,Vince Gill
Craig Mack,45,exact_text,1.0,d67e2f50-a3c9-4ee7-b41d-2b90ebb31196,Craig Mack,Craig Mack
Le Click,45,exact_text,1.0,175be76f-52cc-4411-957a-9c2b0fbae0b9,Le Click,Le Click
Everclear,45,exact_text,1.0,3604c99d-c146-4276-aa0c-9376d333aeb8,Everclear,Everclear
D12,45,exact_text,1.0,9ab19acf-06d9-4c92-bd5a-8c945488d45b,D12,D12
Lil Jon & The East Side Boyz Featuring Ying Yang Twins,45,exact_text,1.0,243c6f61-d83b-4459-bebd-5899df0da111,Lil Jon & The East Side Boyz,Lil Jon & The East Side Boyz
Buckcherry,45,exact_text,1.0,822e92ef-72ea-42e0-9af1-b987816b487a,Buckcherry,Buckcherry
Danity Kane,45,exact_text,1.0,6a0439a1-4520-443b-9bf1-02acdf692d6e,Danity Kane,Danity Kane
Kehlani,45,exact_text,1.0,3260ce89-5eb0-4c6a-89c7-379c0dfc2ab9,Kehlani,Kehlani
Lauren Daigle,45,exact_text,1.0,920c7a88-f8f3-482f-96ef-810c6442fc3e,Lauren Daigle,Lauren Daigle
Brenda Holloway,44,exact_text,1.0,48b7b5ac-e332-40dd-870b-e3f0751bb319,Brenda Holloway,Brenda Holloway
Mary Hopkin,44,exact_text,1.0,f6596571-9ce2-4d79-8e92-fa8cfc181b91,Mary Hopkin,Mary Hopkin
Denise LaSalle,44,exact_text,1.0,5048de90-abf2-4da7-8f8f-c3a567feef2d,Denise LaSalle,Denise LaSalle
Silver Convention,44,exact_text,1.0,e5dd4cdf-8588-4f10-b06e-77e1d2472b60,Silver Convention,Silver Convention
Psychedelic Furs,44,exact_normalized,1.0,9f930ddf-be2f-4de5-a39f-7ae47305752e,The Psychedelic Furs,The Psychedelic Furs
Nia Peeples,44,exact_text,1.0,5c764181-e451-4c5d-8ab1-f49853e1bf6f,Nia Peeples,Nia Peeples
Soul II Soul,44,exact_text,1.0,9350241a-d698-4489-92bf-41794f383ff3,Soul II Soul,Soul II Soul
Alias,44,exact_text,1.0,5a839afc-95d4-491c-9fb6-0a691bfe8afd,Alias,Alias
Chris Isaak,44,exact_text,1.0,479497d4-e7c2-4e78-972e-56e78fac3995,Chris Isaak,Chris Isaak
Masta Ace Incorporated,44,exact_text,1.0,1a576d57-4b7c-4f22-a51e-fe403c0103c4,Masta Ace Incorporated,Masta Ace Incorporated
Corona,44,exact_text,1.0,098acbe6-c428-4ae2-9cd0-3ba80162befb,Corona,Corona
Clipse,44,exact_text,1.0,e6424fa5-08d3-41c6-96f3-8549f733708c,Clipse,Clipse
The White Stripes,44,exact_text,1.0,11ae9fbb-f3d7-4a47-936f-4c0a04d3b3b5,The White Stripes,The White Stripes
Clay Aiken,44,exact_text,1.0,a25f3156-ef58-4c07-9927-ce18bd6e103b,Clay Aiken,Clay Aiken
The Red Jumpsuit Apparatus,44,exact_text,1.0,f0e820ab-f31a-400d-9c5e-8be1c8c38726,The Red Jumpsuit Apparatus,The Red Jumpsuit Apparatus
Kellie Pickler,44,exact_text,1.0,4c567ed6-8bc9-447a-bbd5-1dce18e4ee81,Kellie Pickler,Kellie Pickler
Alex Clare,44,exact_text,1.0,e8c8a3c3-29b6-421e-b977-fb6796231d41,Alex Clare,Alex Clare
Fifth Harmony,44,exact_text,1.0,e565610b-9a8f-451d-b594-ea658d76f725,Fifth Harmony,Fifth Harmony
Vance Joy,44,exact_text,1.0,df36f6db-5987-46ed-9d02-0cf36ed4e060,Vance Joy,Vance Joy
Portugal. The Man,44,exact_text,1.0,3599a39e-4e10-4cb5-90d4-c8a015ebc73b,Portugal. The Man,Portugal. The Man
Lil Mosey,44,exact_text,1.0,330e00e4-7991-4b47-b2be-3881aa5afed6,Lil Mosey,Lil Mosey
Jerry Lee Lewis,43,exact_text,1.0,b59ac58d-036e-4bba-8112-c32a34c4575b,Jerry Lee Lewis,Jerry Lee Lewis
The Tremeloes,43,exact_text,1.0,7483db08-1e77-4ac6-9a85-702b2a9bd701,The Tremeloes,The Tremeloes
Jay And The Techniques,43,exact_text,1.0,5dceb072-899e-4be1-adb3-a9b47dc4edef,Jay and the Techniques,Jay and the Techniques
Canned Heat,43,exact_text,1.0,815a0279-558c-4522-ac3b-6a1e259e95b5,Canned Heat,Canned Heat
Funkadelic,43,exact_text,1.0,cf042013-3edd-46c4-9b0e-a62faac98d0b,Funkadelic,Funkadelic
Nitty Gritty Dirt Band,43,exact_text,1.0,ac8a45f8-5520-4463-9fda-f63f8844cb50,Nitty Gritty Dirt Band,Nitty Gritty Dirt Band
The New Birth,43,exact_text,1.0,b517cce9-fa01-4c0f-bc70-457838594346,The New Birth,The New Birth
Leon Russell,43,exact_text,1.0,d4cc0ed5-0f76-4188-9e14-2a23ca12188a,Leon Russell,Leon Russell
Suzi Quatro,43,exact_text,1.0,2c16cb3f-e85f-4158-889f-ffc038f5792d,Suzi Quatro,Suzi Quatro
Jigsaw,43,exact_text,1.0,76212840-c096-4ba9-9f17-9ce4722a4bf1,Jigsaw,Jigsaw
Raydio,43,exact_text,1.0,f33514b5-2be7-4a86-91ba-39d1c295cace,Raydio,Raydio
Cheryl Lynn,43,exact_text,1.0,c2b8f775-455c-44c3-97ca-f377938da19e,Cheryl Lynn,Cheryl Lynn
Pete Townshend,43,exact_text,1.0,fb147b8f-0144-4418-acaa-90b2d9779840,Pete Townshend,Pete Townshend
Devo,43,exact_text,1.0,d2db1078-c170-4e22-b261-14f3ad60a690,DEVO,DEVO
Champaign,43,exact_text,1.0,524ce360-117c-4911-8344-9c303e353ca0,Champaign,Champaign
Soft Cell,43,exact_text,1.0,7fb50287-029d-47cc-825a-235ca28024b2,Soft Cell,Soft Cell
Moving Pictures,43,exact_text,1.0,8ef39705-3d95-4412-a6fb-2eab5e91e64c,Moving Pictures,Moving Pictures
The Power Station,43,exact_normalized,1.0,e95e4989-1e8c-40a1-80c3-b3b9f2cc86d8,Power Station,Power Station
Starpoint,43,exact_text,1.0,89453d7b-e871-4658-9f57-c33f3cf11eab,Starpoint,Starpoint
Elisa Fiorillo,43,exact_text,1.0,a97989eb-fd49-4b0b-9e4c-227e17c7f4c3,Elisa Fiorillo,Elisa Fiorillo
Basia,43,exact_text,1.0,34de4678-044a-486a-a741-4c740025374a,Basia,Basia
Digital Underground,43,exact_text,1.0,ff6cb06c-a6e5-4ab9-a5ce-fa2095be45b9,Digital Underground,Digital Underground
Ralph Tresvant,43,exact_text,1.0,de2ddcdd-66ff-487c-9537-560153200a4e,Ralph Tresvant,Ralph Tresvant
95 South,43,exact_text,1.0,39b81711-9255-4f83-b2c1-a1f0e3ae908d,95 South,95 South
Florence + the Machine,43,exact_text,1.0,5fee3020-513b-48c2-b1f7-4681b01db0c6,Florence + the Machine,Florence + the Machine
Capital Cities,43,exact_text,1.0,119a2c67-e6d6-41cf-a58c-c51b75c80daa,Capital Cities,Capital Cities
Passenger,43,exact_text,1.0,186e216a-2f8a-41a1-935f-8e30c018a8fe,Passenger,Passenger
Nico & Vinz,43,exact_text,1.0,f8e8de78-2131-4e96-8829-ba3614f48a48,Nico & Vinz,Nico & Vinz
Echosmith,43,exact_text,1.0,53317371-09a4-4bf4-a832-22a9c6704be2,Echosmith,Echosmith
Yo Gotti Featuring Nicki Minaj,43,exact_text,1.0,b02ec63e-e78d-43e5-a594-462e95036e8d,Yo Gotti,Yo Gotti
"Dave ""Baby"" Cortez",42,exact_text,1.0,ed901e86-9ea4-4b44-b1e1-b27513bbd222,Dave “Baby” Cortez,Dave “Baby” Cortez
Wanda Jackson,42,exact_text,1.0,550fbe01-42e9-4006-bcd0-6a1854dceb8f,Wanda Jackson,Wanda Jackson
Paul and Paula,42,exact_text,1.0,a4360422-0925-4981-ac40-65e1c6536c02,Paul & Paula,Paul & Paula
Al (He's the King) Hirt,42,exact_text,1.0,d14ab1ae-0400-4345-9f5b-6083110a5c7a,Al Hirt,Al Hirt
Shirley Bassey,42,exact_text,1.0,05ec70a5-3858-4346-a649-fda0a297b8c1,Shirley Bassey,Shirley Bassey
Freddie And The Dreamers,42,exact_text,1.0,5c0d53a1-daa6-4afe-bf2d-b324f0602e26,Freddie & the Dreamers,Freddie & the Dreamers
T.G. Sheppard,42,exact_text,1.0,cdfbdee9-1dc0-4766-a3aa-4eef5ba4800e,T.G. Sheppard,T.G. Sheppard
The Ritchie Family,42,exact_text,1.0,aa711144-4173-4e4a-80c7-fcc867186f5d,The Ritchie Family,The Ritchie Family
John Travolta,42,exact_text,1.0,94f4c61e-5cf3-4cba-ab3e-9bd5be99f6ab,John Travolta,John Travolta
Chris Rea,42,exact_text,1.0,c707b37e-cb5c-4694-be4d-46beefcb2475,Chris Rea,Chris Rea
Randy Meisner,42,exact_text,1.0,1798d7ba-fc22-4cca-bbda-7542ab5a3c67,Randy Meisner,Randy Meisner
Squeeze,42,exact_text,1.0,0509a681-a362-4800-9075-656041dccdbd,Squeeze,Squeeze
Mary Jane Girls,42,exact_text,1.0,28038c9c-5385-4c65-98a8-7c2bed83c133,Mary Jane Girls,Mary Jane Girls
Baltimora,42,exact_text,1.0,15b4aace-6126-402a-96f8-131a943ce20e,Baltimora,Baltimora
Midnight Oil,42,exact_text,1.0,05072650-4b05-4e8b-83d0-dba2576e306a,Midnight Oil,Midnight Oil
Tara Kemp,42,exact_text,1.0,f58c6195-cb4a-4604-abdc-333ac565f255,Tara Kemp,Tara Kemp
Das EFX,42,exact_text,1.0,2ed45dd0-6a96-4459-af32-bc74e7a7f387,Das EFX,Das EFX
Haddaway,42,exact_text,1.0,6508cf1d-4da2-4d71-81ec-0e072338991f,Haddaway,Haddaway
Gabrielle,42,exact_text,1.0,d55fe7ec-3c7f-44e7-b9cc-b025c4351f70,Gabrielle,Gabrielle
Shaquille O'Neal,42,fuzzy,0.9677,074d8126-20b8-47cd-b874-9d8457df7684,Shaquille O’Neal,Shaquille O’Neal
Mobb Deep,42,exact_text,1.0,d75d1f08-bbb8-4eae-9877-399ca9121197,Mobb Deep,Mobb Deep
The Verve Pipe,42,exact_text,1.0,28f93e8a-43fa-4cfb-aea5-11252ff937ab,The Verve Pipe,The Verve Pipe
Kid Cudi,42,exact_text,1.0,e0e1db18-f7ba-4dee-95ff-7ae8cf545460,Kid Cudi,Kid Cudi
LoCash,42,exact_text,1.0,dbe56668-02e3-42ff-9943-a7fa9711696b,LOCASH,LOCASH
muni long,42,exact_text,1.0,66acfbaf-a28e-49c1-aeff-ef92e4358d90,Muni Long,Muni Long
d4vd,42,exact_text,1.0,d8e07579-ff5a-41f2-b7a7-c71880b8287a,d4vd,d4vd
Peso Pluma,42,exact_text,1.0,75e4f8ef-34c3-44fd-8467-88a7d9599f77,Peso Pluma,Peso Pluma
Little Richard,41,exact_text,1.0,95c2339b-8277-49a6-9aaf-08d8eeeaa0be,Little Richard,Little Richard
Ronny And The Daytonas,41,exact_text,1.0,cf87d94a-c537-464e-9a6a-4f621cc154ad,Ronny & the Daytonas,Ronny & the Daytonas
Ramsey Lewis Trio,41,exact_normalized,1.0,98789b37-4903-42b4-9f5a-2e602684bff5,The Ramsey Lewis Trio,The Ramsey Lewis Trio
The Troggs,41,exact_text,1.0,4aec87a5-f33e-4bd6-89f2-0c96188c8372,The Troggs,The Troggs
Dyke And The Blazers,41,exact_text,1.0,2956178f-8247-422e-b693-a04753a67e27,Dyke & the Blazers,Dyke & the Blazers
Bill Deal & The Rhondels,41,exact_text,1.0,f44434ff-e70d-46df-8241-8409dce4059b,Bill Deal & the Rhondels,Bill Deal & the Rhondels
Mel And Tim,41,exact_text,1.0,142b893e-18df-4b09-8d57-66b3d1691fbd,Mel & Tim,Mel & Tim
The Undisputed Truth,41,exact_text,1.0,5e676b63-5c50-4c86-88d8-54243bba76d9,The Undisputed Truth,The Undisputed Truth
Lighthouse,41,exact_text,1.0,dc7aafa5-423a-4e87-8778-b8c51e3612c6,Lighthouse,Lighthouse
First Choice,41,exact_text,1.0,bd1510da-7c76-4be3-a71e-9f5c71273176,First Choice,First Choice
Vicki Sue Robinson,41,exact_text,1.0,a6c83f28-8960-4b7d-8f57-3e809ada5cf5,Vicki Sue Robinson,Vicki Sue Robinson
Blue Oyster Cult,41,exact_text,1.0,c7423e0c-ab3e-4ab4-be10-cdff5a9d3062,Blue Öyster Cult,Blue Öyster Cult
Honeymoon Suite,41,exact_text,1.0,03e39569-c546-4512-8c6d-f8a8283ec3d1,Honeymoon Suite,Honeymoon Suite
General Public,41,exact_text,1.0,aaf54938-7e35-4c7d-8e06-a5094c38cb78,General Public,General Public
Lisa Lisa And Cult Jam With Full Force,41,exact_text,1.0,1cfbf626-0af5-487c-bf2e-9899602835a3,Lisa Lisa & Cult Jam with Full Force,Lisa Lisa & Cult Jam with Full Force
The Fabulous Thunderbirds,41,exact_text,1.0,835cbbdd-4a59-45a9-bf37-6d2050aec2a9,The Fabulous Thunderbirds,The Fabulous Thunderbirds
Candlebox,41,exact_text,1.0,8e9516ba-f417-47dd-a8a5-8998b94553f8,Candlebox,Candlebox
J'Son,41,exact_text,1.0,dea36c6c-54cf-4c56-8bb6-951e79e5ebf0,J'son,J'son
Wild Orchid,41,exact_text,1.0,af0f682f-402b-41ea-a82c-889cae3db1cf,Wild Orchid,Wild Orchid
Gina G,41,exact_text,1.0,03424c93-e5f9-438a-ab9f-2e71440e2b26,Gina G,Gina G
Dave Hollister,41,exact_text,1.0,2b0d81ce-1d0e-4097-91b3-c1f0cb045a2c,Dave Hollister,Dave Hollister
P.O.D.,41,exact_text,1.0,57e79d57-b795-475e-9fa2-5dd9d5513b8c,P.O.D.,P.O.D.
Daniel Bedingfield,41,exact_text,1.0,9169bdc6-5725-45ec-bba5-e9df75dbe8cc,Daniel Bedingfield,Daniel Bedingfield
Anthony Hamilton,41,exact_text,1.0,af7f5e8e-ac05-4d55-b860-a4dc72c78e66,Anthony Hamilton,Anthony Hamilton
Aly & AJ,41,exact_text,1.0,fa4ad5f5-568e-498f-ba98-9ffc18e54ff3,Aly & AJ,Aly & AJ
Jason Michael Carroll,41,exact_text,1.0,7e54e412-bb31-481c-9a5b-cd5ba7199f46,Jason Michael Carroll,Jason Michael Carroll
Ingrid Michaelson,41,exact_text,1.0,1fc494a1-9109-4081-a455-2d05bea9d2bf,Ingrid Michaelson,Ingrid Michaelson
French Montana Featuring Swae Lee,41,exact_text,1.0,45dc5f07-6609-4760-a933-8c9e0f858d05,French Montana,French Montana
Logic Featuring Alessia Cara & Khalid,41,exact_text,1.0,713e751f-3ddb-4b77-b3b1-9e6f2e953ad5,Logic,Logic
Lauv,41,exact_text,1.0,c0ef2ba5-a7b7-40ea-bd27-30acccfcac11,Lauv,Lauv
Doechii,41,exact_text,1.0,9f75277c-b283-4846-ac8c-f932255cd0ac,Doechii,Doechii
Bo Diddley,40,exact_text,1.0,bf659d74-0b61-488c-8a7d-594f43bed9e0,Bo Diddley,Bo Diddley
Shep And The Limelites,40,exact_text,1.0,166e9a22-d399-40dc-ac13-e492a64b9c26,Shep & the Limelites,Shep & the Limelites
The New Christy Minstrels,40,exact_text,1.0,b411483b-e9cc-4b4f-9661-0452333c615a,The New Christy Minstrels,The New Christy Minstrels
The Beau Brummels,40,exact_text,1.0,f6f3a309-9d14-4b7c-895a-166333c25f9c,The Beau Brummels,The Beau Brummels
Sir Douglas Quintet,40,exact_text,1.0,b2b3eed6-d9b2-4d1a-bf9b-0160e401720e,Sir Douglas Quintet,Sir Douglas Quintet
Merry Clayton,40,exact_text,1.0,f086b523-e6eb-4159-8705-e408cae53170,Merry Clayton,Merry Clayton
Tom T. Hall,40,exact_text,1.0,8d8e3514-06fc-4801-bd4b-8c6ccae223b3,Tom T. Hall,Tom T. Hall
Beverly Bremers,40,exact_text,1.0,5c1a1221-5607-494b-b97c-1199abc1b6e9,Beverly Bremers,Beverly Bremers
Stealers Wheel,40,exact_text,1.0,63200203-e2c6-4081-8e0d-00c9732c6b6f,Stealers Wheel,Stealers Wheel
Bo Donaldson And The Heywoods,40,exact_text,1.0,8abad12f-128b-453c-bad6-5a7765f793b0,Bo Donaldson and the Heywoods,Bo Donaldson and the Heywoods
Carl Carlton,40,exact_text,1.0,48b66d59-647d-42a9-b7a5-55abd5fca7ae,Carl Carlton,Carl Carlton
Phoebe Snow,40,exact_text,1.0,d3986756-f1dd-4635-9510-2d116c0deddd,Phoebe Snow,Phoebe Snow
Mike Post,40,exact_text,1.0,8a667f87-540c-4635-87bb-a9151693935f,Mike Post,Mike Post
Rhythm Heritage,40,exact_text,1.0,349a96b3-6c55-4961-8517-984ae9e1d6d5,Rhythm Heritage,Rhythm Heritage
Blackfoot,40,exact_text,1.0,4b24527f-0cfc-4ac0-8d63-ab8d8cfa64e3,Blackfoot,Blackfoot
Marty Balin,40,exact_text,1.0,dd0fffb5-de0e-4a4a-a279-e4c52a76f516,Marty Balin,Marty Balin
Lindsey Buckingham,40,exact_text,1.0,5d12875c-a197-43b2-8f29-41dc0ad895c3,Lindsey Buckingham,Lindsey Buckingham
Dennis DeYoung,40,exact_text,1.0,9da87628-95a0-4820-93c7-7b1609d9bce7,Dennis DeYoung,Dennis DeYoung
Los Lobos,40,exact_text,1.0,2b9967c7-3246-4658-a561-ded5408dd9af,Los Lobos,Los Lobos
El DeBarge,40,exact_text,1.0,68eabc1f-f304-46cb-8015-6f9cb7af33c6,El DeBarge,El DeBarge
Sir Mix-A-Lot,40,fuzzy,0.9167,05539fb8-b7a5-4012-97a9-5e27ddc031fb,Sir Mix‐A‐Lot,Sir Mix‐A‐Lot
Another Bad Creation,40,exact_text,1.0,2fcb033b-919d-4897-b77c-14a41d7bc754,Another Bad Creation,Another Bad Creation
Crash Test Dummies,40,exact_text,1.0,afb8f901-d846-4c70-a898-59bc183d1da7,Crash Test Dummies,Crash Test Dummies
Ugly Kid Joe,40,exact_text,1.0,91f32a6b-fc11-45b6-a243-4dd90eaee781,Ugly Kid Joe,Ugly Kid Joe
Duice,40,exact_text,1.0,499e3bcb-8bc0-458e-b749-64eb226ebe77,Duice,Duice
Jann Arden,40,exact_text,1.0,31930c85-3e0e-488e-8407-46a0d73fa816,Jann Arden,Jann Arden
Westside Connection,40,exact_text,1.0,f43dd62f-4fc7-4216-9220-be555f16d131,Westside Connection,Westside Connection
Meredith Brooks,40,exact_text,1.0,6f033da5-396f-4381-a581-1f38c2d0a2d4,Meredith Brooks,Meredith Brooks
Nu Flavor,40,exact_text,1.0,c264723e-b2ce-4862-b646-4d2b1271174c,Nu Flavor,Nu Flavor
Debelah Morgan,40,exact_text,1.0,d9ea1d27-8971-4fae-94ca-a557deb8e2b5,Debelah Morgan,Debelah Morgan
Counting Crows,40,exact_text,1.0,a0327dc2-dc76-44d5-aec6-47cd2dff1469,Counting Crows,Counting Crows
Mystikal,40,exact_text,1.0,1cfe52d7-181a-4b3a-8041-d8bf9ccef57b,Mystikal,Mystikal
Missy Elliott,40,exact_text,1.0,a0b8cb9e-7532-45fe-a74c-30e7c4009a39,Missy Elliott,Missy Elliott
Velvet Revolver,40,exact_text,1.0,3a528006-1429-47f4-ae9b-2ea95343e16a,Velvet Revolver,Velvet Revolver
Lupe Fiasco,40,exact_text,1.0,cf15719f-51f9-4db8-a15d-5eed9664ce69,Lupe Fiasco,Lupe Fiasco
Gorilla Zoe,40,exact_text,1.0,e7840b1b-0fc5-42a7-b05a-ffca943308ad,Gorilla Zoe,Gorilla Zoe
David Guetta Featuring Akon,40,exact_text,1.0,302bd7b9-d012-4360-897a-93b00c855680,David Guetta,David Guetta
Johnny Cash And The Tennessee Two,39,exact_text,1.0,5292cbd7-0f5f-461a-adbd-56ba44b98269,Johnny Cash & The Tennessee Two,Johnny Cash & The Tennessee Two
Duane Eddy,39,exact_text,1.0,efc0ee36-ad69-45af-8602-991b254b7529,Duane Eddy,Duane Eddy
Garnet Mimms & The Enchanters,39,exact_text,1.0,7e29f8ed-47d0-4270-af45-82df9139b57c,Garnet Mimms & the Enchanters,Garnet Mimms & the Enchanters
The Ray Charles Singers,39,exact_text,1.0,a534d84e-f764-403e-bbd4-8968e852738a,The Ray Charles Singers,The Ray Charles Singers
Oliver,39,fuzzy,0.9091,39e82ca1-733e-4203-a00f-c6a70a371625,Olive,Olive
Jimmy Cliff,39,exact_text,1.0,2caa54a7-b08c-41da-b892-3a41abe778be,Jimmy Cliff,Jimmy Cliff
Joey Scarbury,39,exact_text,1.0,15f81fb7-9fb1-4f7e-8237-e2c44b7d0646,Joey Scarbury,Joey Scarbury
The Salsoul Orchestra,39,exact_text,1.0,ad580d3e-3e21-414f-b131-ecdb379d1c1e,The Salsoul Orchestra,The Salsoul Orchestra
Exile,39,exact_text,1.0,d9403f69-2718-483e-a21a-210ae1714b82,EXILE,EXILE
Bertie Higgins,39,exact_text,1.0,438ec4fc-57f7-401a-a188-2ffecd020728,Bertie Higgins,Bertie Higgins
Missing Persons,39,exact_text,1.0,98eb6868-9f31-400e-90d8-9a46380c1bdd,Missing Persons,Missing Persons
The Georgia Satellites,39,exact_text,1.0,8444928a-9292-4b69-ac50-3e9b44cfa8de,The Georgia Satellites,The Georgia Satellites
Brenda K. Starr,39,exact_text,1.0,3841d579-a5d2-477e-94b1-cd2016c1ee9d,Brenda K. Starr,Brenda K. Starr
Was (Not Was),39,exact_text,1.0,8e70a186-e64b-4003-bae1-f2f93da013ce,Was (Not Was),Was (Not Was)
Too $hort,39,exact_text,1.0,8e0fe7bd-bd17-4d25-9b68-1e6a60705477,Too $hort,Too $hort
Londonbeat,39,exact_text,1.0,930c86d4-1ed0-4ec0-bcf1-fea7fb7e091a,Londonbeat,Londonbeat
Wreckx-N-Effect,39,fuzzy,0.9286,e6428c20-7d0d-489b-851e-d8ef6eb4a620,Wreckx‐n‐Effect,Wreckx‐n‐Effect
Livin' Joy,39,exact_text,1.0,3016b5eb-866d-4051-a7fb-d9175853049b,Livin’ Joy,Livin’ Joy
Samantha Mumba,39,exact_text,1.0,7d137f81-27a6-4c65-bf78-186116368860,Samantha Mumba,Samantha Mumba
Jill Scott,39,exact_text,1.0,b1fb6a18-1626-4011-80fb-eaf83dfebcb6,Jill Scott,Jill Scott
Tweet,39,exact_text,1.0,db21a231-40ee-4c18-9604-bd7508a05998,Tweet,Tweet
Korn,39,exact_text,1.0,ac865b2e-bba8-4f5a-8756-dd40d5e39f46,Korn,Korn
Theory Of A Deadman,39,exact_text,1.0,183e636e-d41c-43fe-a428-8a034eb20c7b,Theory of a Deadman,Theory of a Deadman
Gloriana,39,exact_text,1.0,45ee3bf0-7ef7-4a87-81e3-a5867473b93d,Gloriana,Gloriana
Iggy Azalea Featuring Charli xcx,39,exact_text,1.0,3a052c99-8c18-484a-8beb-9873b4fb3106,Iggy Azalea,Iggy Azalea
Disclosure Featuring Sam Smith,39,exact_text,1.0,ae65c507-d9a0-4d42-9a6c-2b1f82158b9f,Disclosure,Disclosure
Joji,39,exact_text,1.0,8264722b-df00-467a-858e-5c97cda169c9,Joji,Joji
SHAED,39,exact_text,1.0,f9777ea6-02fd-4ba1-8266-cd619f3937fd,SHAED,SHAED
Saweetie,39,exact_text,1.0,72d424d0-c349-4164-ae3e-8e5274f97b98,Saweetie,Saweetie
Jimin,39,exact_text,1.0,d2582c77-6b0f-4b2f-802f-8f3cad1a5fec,Jimin,Jimin
Xavi,39,exact_text,1.0,df11831a-b88e-4c0a-a507-5cf526aee3b1,Xavi,Xavi
Marianne Faithfull,38,exact_text,1.0,14ed9dea-1bb0-4743-ba32-39674a71da89,Marianne Faithfull,Marianne Faithfull
Dee Dee Warwick,38,exact_text,1.0,968a2a59-a569-4ffe-8e63-d9acf79278bc,Dee Dee Warwick,Dee Dee Warwick
Classics IV Featuring Dennis Yost,38,exact_text,1.0,b78f2e0f-1c86-45f8-a93a-c3cd87d16d72,Classics IV,Classics IV
Dr. John,38,exact_text,1.0,fe0e1895-aa84-47d9-8e5b-7930fc20709b,Dr. John,Dr. John
Stories,38,exact_text,1.0,ec0d9da0-c126-4293-b1b9-cc3ad1df41a1,Stories,Stories
Maria Muldaur,38,exact_text,1.0,3aeb9e89-4fc3-46f4-a5a8-cf6c1b7e66a0,Maria Muldaur,Maria Muldaur
C.W. McCall,38,exact_text,1.0,07a7e7d3-910c-472e-92b2-a3a69f95a504,C.W. McCall,C.W. McCall
LeBlanc & Carr,38,exact_text,1.0,68b70760-e63d-49d3-ad96-bf4296ef7f9b,LeBlanc and Carr,LeBlanc and Carr
Lita Ford,38,exact_text,1.0,f20ba447-269a-445a-9347-c1ec8632c455,Lita Ford,Lita Ford
Candyman,38,exact_text,1.0,fe88f5a3-7d0c-4007-9985-0eb656c3a7e4,Candyman,Candyman
Chante Moore,38,exact_text,1.0,17e359d0-966e-4c2a-a632-3e5c7de0a1d4,Chanté Moore,Chanté Moore
Rockell,38,exact_text,1.0,e271a513-7f16-412d-aef5-373b9374f0d1,Rockell,Rockell
Five,38,exact_text,1.0,88d6db37-0d87-4e84-a949-9cf8e8879505,Five,Five
Kelly Rowland,38,exact_text,1.0,31bea673-d23a-4889-8da1-7cb040863268,Kelly Rowland,Kelly Rowland
Karmin,38,exact_text,1.0,a81303f1-64a5-4359-83ce-767f5fc3a542,Karmin,Karmin
Lil Pump,38,exact_text,1.0,65a01fd2-35fb-4817-90d5-ab5506b21161,Lil Pump,Lil Pump
Kali Uchis,38,exact_text,1.0,d0c7656d-8169-4f77-9dbe-b8f24e40105d,Kali Uchis,Kali Uchis
Eddie Cochran,37,exact_text,1.0,17995d1c-5b3c-4ee9-98f5-105ee3b4ada1,Eddie Cochran,Eddie Cochran
Dodie Stevens,37,exact_text,1.0,9f8b9936-80b9-4156-962a-387fc6d6bc0c,Dodie Stevens,Dodie Stevens
Duane Eddy And The Rebels,37,exact_text,1.0,c6dd16c0-55d4-46a2-94f9-f410fa84d897,Duane Eddy & The Rebels,Duane Eddy & The Rebels
Bobby Vee And The Strangers,37,exact_text,1.0,8af923d9-f129-4df8-ba53-a5473934c9e4,Bobby Vee and the Strangers,Bobby Vee and the Strangers
The American Breed,37,exact_text,1.0,a46f55e5-42b8-4db6-8005-9d962ddb66a0,The American Breed,The American Breed
Tommy Boyce & Bobby Hart,37,exact_text,1.0,94defce5-9541-4411-bda1-8281f82c09ef,Tommy Boyce & Bobby Hart,Tommy Boyce & Bobby Hart
Strawberry Alarm Clock,37,exact_text,1.0,fe0f43fb-3a33-4757-8633-cdd210c2874e,Strawberry Alarm Clock,Strawberry Alarm Clock
Vanity Fare,37,exact_text,1.0,b702f87c-d13d-441b-b33a-2e0a6ac51b92,Vanity Fare,Vanity Fare
Charles Wright And The Watts 103rd Street Rhythm Band,37,exact_text,1.0,38d92e5b-8945-4080-aac2-6f8f444682d4,Charles Wright & the Watts 103rd Street Rhythm Band,Charles Wright & the Watts 103rd Street Rhythm Band
Blue Swede,37,exact_text,1.0,f98a61b4-394d-4e1f-a5f3-f747b9494e5a,Blue Swede,Blue Swede
Debby Boone,37,exact_text,1.0,31e28f7f-8b87-4003-99eb-e15b058e96d9,Debby Boone,Debby Boone
Nicolette Larson,37,exact_text,1.0,a45071c0-1805-4ec6-83c4-e3f62e2916b1,Nicolette Larson,Nicolette Larson
Toni Basil,37,exact_text,1.0,918bdb15-3c8a-4123-b438-b3cf72782508,Toni Basil,Toni Basil
Giuffria,37,exact_text,1.0,2dff1040-3fdf-4d4b-918e-326711467720,Giuffria,Giuffria
Alexander O'Neal,37,fuzzy,0.9677,fc4af92a-1aa8-4f35-9aea-29b2ecbe0779,Alexander O’Neal,Alexander O’Neal
Alannah Myles,37,exact_text,1.0,14156fcd-ba0f-45be-88c0-e10fb6acf4b2,Alannah Myles,Alannah Myles
EMF,37,exact_text,1.0,26f94a6a-d60a-4bcc-a130-ce0e77122bd7,EMF,EMF
Marky Mark & The Funky Bunch,37,exact_text,1.0,77250a7a-12ba-40c5-a16a-cef015abcc98,Marky Mark and the Funky Bunch,Marky Mark and the Funky Bunch
Cause And Effect,37,exact_text,1.0,d4b105b7-b339-45da-876e-9c5c5de5e781,Cause & Effect,Cause & Effect
Radiohead,37,exact_text,1.0,a74b1b7f-71a5-4011-9441-d0b5e4122711,Radiohead,Radiohead
All Saints,37,exact_text,1.0,a371601f-c184-4683-806d-2eb35e88f0d7,All Saints,All Saints
Mandy Moore,37,exact_text,1.0,9dc9f4b0-a7b4-43c5-8f6b-fcd43c426a4b,Mandy Moore,Mandy Moore
O-Town,37,fuzzy,0.9091,5b5b5410-29d7-478a-94ca-bffa06c73579,O‐Town,O‐Town
Carolyn Dawn Johnson,37,exact_text,1.0,9ee3fc49-a54c-48cd-96d5-d678f5d409db,Carolyn Dawn Johnson,Carolyn Dawn Johnson
The Ting Tings,37,exact_text,1.0,e618770f-e994-41c3-856f-1eedf56b6d74,The Ting Tings,The Ting Tings
Shontelle,37,exact_text,1.0,cfb2b49e-a921-4171-b089-853d9fc16d2c,Shontelle,Shontelle
Gym Class Heroes Featuring Adam Levine,37,exact_text,1.0,f4d4b515-0b74-423f-a161-db184330c37c,Gym Class Heroes,Gym Class Heroes
Lana Del Rey,37,exact_text,1.0,b7539c32-53e7-4908-bda3-81449c367da6,Lana Del Rey,Lana Del Rey
Bazzi,37,exact_text,1.0,edf81f9b-d3f0-4d57-9636-d08e851b1640,Bazzi,Bazzi
Dasha,37,exact_text,1.0,a500b896-7109-4d69-bc0f-cf6a04bfc78a,Dasha,Dasha
Skip And Flip,36,exact_text,1.0,316a4c23-997b-4ee3-b7c7-8e5d92176170,Skip & Flip,Skip & Flip
Guy Mitchell,36,exact_text,1.0,2b898b19-07bd-493e-b63c-6b59f2305dfa,Guy Mitchell,Guy Mitchell
Mark Dinning,36,exact_text,1.0,4d6512f3-fdc4-4995-9f3b-2fd77d247ea2,Mark Dinning,Mark Dinning
Damita Jo,36,exact_text,1.0,5bb59bfd-01e5-420e-95e9-52562e83520c,Damita Jo,Damita Jo
Shelley Fabares,36,exact_text,1.0,26055e60-857e-43f3-aad5-a0f1d6d1a828,Shelley Fabares,Shelley Fabares
The Rip Chords,36,exact_text,1.0,10794bf3-8c7a-4f94-a5a0-26369862cf28,The Rip Chords,The Rip Chords
Brenton Wood,36,exact_text,1.0,bc86d48c-5393-4436-bb5d-2c214d07a676,Brenton Wood,Brenton Wood
Janis Ian,36,exact_text,1.0,b72f115c-8afa-4dc5-bc6c-11225a53708a,Janis Ian,Janis Ian
Janis Joplin,36,exact_text,1.0,76c9a186-75bd-436a-85c0-823e3efddb7f,Janis Joplin,Janis Joplin
Ann Peebles,36,exact_text,1.0,a7e05e3f-7459-4ba6-9041-8b5cacf6338c,Ann Peebles,Ann Peebles
Emerson| Lake & Palmer,36,exact_text,1.0,ad996aef-cc1c-42ac-af5c-619c370f4b8a,"Emerson, Lake & Palmer","Emerson, Lake & Palmer"
The New Seekers,36,exact_text,1.0,cabebdc4-5803-4605-8f3f-ddaf92f7b5ad,The New Seekers,The New Seekers
J.J. Cale,36,exact_text,1.0,4b0be624-6b87-47e8-bbf0-588a2c6c0439,J.J. Cale,J.J. Cale
The Crusaders,36,exact_text,1.0,fcb79f1a-d3a9-41fe-9cd7-d16537907337,The Crusaders,The Crusaders
B.W. Stevenson,36,exact_text,1.0,30b4cbb7-6c9e-42be-bbd1-883f2a662c28,B.W. Stevenson,B.W. Stevenson
Blue Magic,36,exact_text,1.0,45d17b84-de97-4027-ad7c-4650c8cbf1da,Blue Magic,Blue Magic
The Hudson Brothers,36,exact_text,1.0,6a04cbce-082d-4947-8cb7-826b9f7ab240,The Hudson Brothers,The Hudson Brothers
Prism,36,exact_text,1.0,8456de82-496b-4eb9-b85d-b85b0be2ff29,Prism,Prism
Samantha Sang,36,exact_text,1.0,649a89f1-9e64-44d3-997a-5c1c45e8dd52,Samantha Sang,Samantha Sang
Karla Bonoff,36,exact_text,1.0,8b76d64a-923b-4c0f-b04f-f0f9f6a2c6c2,Karla Bonoff,Karla Bonoff
Linda Clifford,36,exact_text,1.0,2a7d1905-f1a0-4d12-9b42-e870e325fc29,Linda Clifford,Linda Clifford
Foxy,36,exact_text,1.0,3199d132-4ba1-4dc4-bef6-f024d0e2443b,Foxy,Foxy
Switch,36,exact_text,1.0,95f7588e-a838-464e-a03a-348ea93503f8,Switch,Switch
Bobby Caldwell,36,exact_text,1.0,139a00a8-6b21-47c3-9315-60ac5ab2c715,Bobby Caldwell,Bobby Caldwell
Ric Ocasek,36,exact_text,1.0,697d4510-c3fe-4e96-bcc9-34739bccde8f,Ric Ocasek,Ric Ocasek
Madness,36,exact_text,1.0,5f58803e-8c4c-478e-8b51-477f38483ede,Madness,Madness
Jimmy Harnen With Synch,36,exact_text,1.0,0320d66c-5aab-4d12-8928-1bac9289e1a1,Jimmy Harnen with Synch,Jimmy Harnen with Synch
J.J. Fad,36,exact_text,1.0,c7e51796-5e06-4dfc-92cb-9b8f4b2520e3,J.J. Fad,J.J. Fad
Marc Cohn,36,exact_text,1.0,ddf18377-0bf5-4972-90d2-7de878b5eec4,Marc Cohn,Marc Cohn
RTZ,36,exact_text,1.0,2eab2617-c57e-47d6-bdf0-d4f527d41111,RTZ,RTZ
Fugees,36,exact_text,1.0,ea321799-9b1d-4e74-a074-a5facf597d82,Fugees,Fugees
Deep Blue Something,36,exact_text,1.0,ae3f6a8a-c465-4707-8667-8ce0172bc417,Deep Blue Something,Deep Blue Something
Merril Bainbridge,36,exact_text,1.0,fe43fc62-2628-4177-bab6-1c741fca5dbf,Merril Bainbridge,Merril Bainbridge
Daft Punk,36,exact_text,1.0,056e4f3e-d505-4dad-8ec1-d04f521cbb56,Daft Punk,Daft Punk
Tanto Metro & Devonte,36,exact_text,1.0,feb6c624-a107-476a-a2a3-0ca8592a7e86,Tanto Metro & Devonte,Tanto Metro & Devonte
Nivea Featuring Brian & Brandon Casey,36,exact_text,1.0,c6aafab4-8298-4332-a601-c89a1a4661b4,Nivea,Nivea
Bucky Covington,36,exact_text,1.0,b6700184-f0a6-4ba5-bc3b-c8ce5e065027,Bucky Covington,Bucky Covington
Metro Station,36,exact_text,1.0,ab7ebf8c-059f-4071-93b1-dd3ae80d60b2,Metro Station,Metro Station
Owl City,36,exact_text,1.0,ad279295-653f-42e1-9aaa-b731df2e78ba,Owl City,Owl City
American Authors,36,exact_text,1.0,9ce0515d-cc88-4df6-8a2e-d231c13cb2c2,American Authors,American Authors
Tones And I,36,exact_text,1.0,663f33f4-8e5f-4773-93ea-493a1135de9a,Tones and I,Tones and I
Tyla,36,exact_text,1.0,2bf761c6-4bcf-4cfc-a388-8fcb2eea8cc8,Tyla,Tyla
Big Bopper,35,exact_normalized,1.0,fa77efc7-e40a-438e-9521-a85e64e26044,The Big Bopper,The Big Bopper
Jane Morgan,35,exact_text,1.0,2abed250-551e-4f8b-b4e8-b41e462f6d95,Jane Morgan,Jane Morgan
Nina Simone,35,exact_text,1.0,2944824d-4c26-476f-a981-be849081942f,Nina Simone,Nina Simone
Baby Washington,35,exact_text,1.0,2e43b2e6-9e17-42cb-b524-bc8275e27910,Baby Washington,Baby Washington
Dino| Desi & Billy,35,exact_text,1.0,2a600df4-3355-454a-92ee-87ebe2de2391,"Dino, Desi & Billy","Dino, Desi & Billy"
Eddie Holman,35,exact_text,1.0,84cff711-6d4f-49b9-bc54-f4db4c7addfb,Eddie Holman,Eddie Holman
Harpers Bizarre,35,exact_text,1.0,3aaceb91-c95d-4c5e-9539-086c5cef2b8d,Harpers Bizarre,Harpers Bizarre
The Fantastic Johnny C,35,exact_text,1.0,6be2ae8a-7748-4a37-96f8-521543127bb9,The Fantastic Johnny C,The Fantastic Johnny C
Evie Sands,35,exact_text,1.0,269f77c0-c15d-4349-869b-8a0c77e068dc,Evie Sands,Evie Sands
Lamont Dozier,35,exact_text,1.0,b801e3ad-a23a-4ae8-9708-6c02a202e9e1,Lamont Dozier,Lamont Dozier
Ted Nugent,35,exact_text,1.0,e491fae8-3a5a-438e-8368-925753fb41a1,Ted Nugent,Ted Nugent
Starland Vocal Band,35,exact_text,1.0,2dd30f18-241e-44b3-8bb3-950380f22dfa,Starland Vocal Band,Starland Vocal Band
Sylvester,35,exact_text,1.0,4d3b710b-a5f0-4772-97db-f09e47fbc6d8,Sylvester,Sylvester
Rickie Lee Jones,35,exact_text,1.0,9cd9232e-7a3e-4eb9-8043-ee05c1e396ec,Rickie Lee Jones,Rickie Lee Jones
Tommy Tutone,35,exact_text,1.0,80038a3c-d174-4cd8-85d6-bd2599d078c5,Tommy Tutone,Tommy Tutone
Jennifer Holliday,35,exact_text,1.0,52a315e2-5bf1-49fe-b666-fca924c8a0d4,Jennifer Holliday,Jennifer Holliday
Rockwell,35,exact_text,1.0,b7d224b3-a31c-4616-b69f-b6fcabd5cfbd,Rockwell,Rockwell
Jane Wiedlin,35,exact_text,1.0,24575690-019f-4b77-9395-eaf6bcc3d5a7,Jane Wiedlin,Jane Wiedlin
Steelheart,35,exact_text,1.0,91bcf2c8-b847-4620-85a2-83108de217b0,Steelheart,Steelheart
Natural Selection,35,exact_text,1.0,491462a4-da38-4693-90dc-113bb9ebe668,Natural Selection,Natural Selection
Geto Boys,35,exact_text,1.0,a78ca453-3a53-4b19-8b2d-61b10dd45558,Geto Boys,Geto Boys
Zapp & Roger,35,exact_text,1.0,d5b38919-f3b3-4edc-bcd6-417a1139ae3f,Zapp & Roger,Zapp & Roger
Ini Kamoze,35,exact_text,1.0,ce29fa89-8aed-4f7b-8b3e-a34d0c9ed0c6,Ini Kamoze,Ini Kamoze
Oasis,35,exact_text,1.0,39ab1aed-75e0-4140-bd47-540276886b60,Oasis,Oasis
Sneaker Pimps,35,exact_text,1.0,696d8523-39a0-44e2-9add-afaa183a2f46,Sneaker Pimps,Sneaker Pimps
She Moves,35,exact_text,1.0,3f95fa28-047f-4715-b665-c4d509190e54,She Moves,She Moves
Default,35,exact_text,1.0,c571d0d0-c47f-4e51-8a13-a3ec81a6e296,Default,Default
Juelz Santana,35,exact_text,1.0,bea235a0-db63-44b1-881e-264d25791f5a,Juelz Santana,Juelz Santana
T-Pain Featuring Yung Joc,35,fuzzy,0.9091,ce55e49a-32f4-4757-9849-bf04d06d5fcc,T‐Pain,T‐Pain
OMI,35,exact_text,1.0,33e6ded6-22cc-447e-aefa-9a7a6ba81b6b,OMI,OMI
Ice Spice,35,exact_text,1.0,6f2c949d-9540-4421-bf02-27ae27e00e33,Ice Spice,Ice Spice
BossMan Dlow,35,exact_text,1.0,44fac0de-d5ae-4bea-a68c-948fedc3d9c5,BossMan Dlow,BossMan Dlow
The Paris Sisters,34,exact_text,1.0,38762f81-da52-4e98-ac76-167014651898,The Paris Sisters,The Paris Sisters
Gloria Lynne,34,exact_text,1.0,df515f34-7b17-4db7-ab37-757d9a111e0f,Gloria Lynne,Gloria Lynne
Ace Cannon,34,exact_text,1.0,701888ee-b15e-467d-83cb-bd81e89f34a6,Ace Cannon,Ace Cannon
The Spencer Davis Group,34,exact_text,1.0,178fdfdf-e02e-4608-9b51-e53471e28a58,The Spencer Davis Group,The Spencer Davis Group
The Ides Of March,34,exact_text,1.0,938009e4-262b-4498-9da0-484602113d22,The Ides of March,The Ides of March
Buffalo Springfield,34,exact_text,1.0,22dc19af-d085-4c9b-adfb-22ec256251f1,Buffalo Springfield,Buffalo Springfield
The Bar-Kays,34,fuzzy,0.9565,919ac2b3-aa04-4732-93f8-742ebb7a03f2,The Bar‐Kays,The Bar‐Kays
Donny Hathaway,34,exact_text,1.0,3f6ae36d-ffdb-40cf-98e6-8023cb1c41c9,Donny Hathaway,Donny Hathaway
Waylon Jennings,34,exact_text,1.0,1a46826b-4d73-4e04-8590-f36c9d832f9e,Waylon Jennings,Waylon Jennings
Nigel Olsson,34,exact_text,1.0,cc1c5ad9-1ee0-4f83-bd2f-d7f66a4ebdf0,Nigel Olsson,Nigel Olsson
Enchantment,34,exact_text,1.0,80f06bbe-25fd-4663-85d4-6d9fb0e89003,Enchantment,Enchantment
Thomas Dolby,34,exact_text,1.0,5a8cc407-7efb-4e94-9637-d5896395e754,Thomas Dolby,Thomas Dolby
Pajama Party,34,exact_text,1.0,5af0133f-3a00-4ddb-87df-4416b5b9747b,Pajama Party,Pajama Party
Chantay Savage,34,exact_text,1.0,00a75169-fcb3-44e8-8646-545935d41516,Chantay Savage,Chantay Savage
Liz Phair,34,exact_text,1.0,149326c2-b8a3-48e3-b3d2-9b5b9593127f,Liz Phair,Liz Phair
Az Yet Featuring Peter Cetera,34,exact_text,1.0,8d3bed34-e2ce-4a76-a503-9a3942a7d33c,Az Yet,Az Yet
Eve 6,34,exact_text,1.0,ebd2ac91-6249-4e4b-bde1-353a424138c9,Eve 6,Eve 6
Steve Wariner,34,exact_text,1.0,1bbddf35-a5a4-49a8-a8e7-fbfc419cc0f0,Steve Wariner,Steve Wariner
Kelis,34,exact_text,1.0,1239d1bc-cc09-43e0-bcd0-374f60346138,Kelis,Kelis
Blu Cantrell,34,exact_text,1.0,f28cabfc-3cf5-4886-b832-36ab708fbb0a,Blu Cantrell,Blu Cantrell
Lasgo,34,exact_text,1.0,361b282b-c7ac-4c50-a115-cf54e9e788f7,Lasgo,Lasgo
Anna Nalick,34,exact_text,1.0,852fb986-b0d9-4529-adaf-4f38bc1b1040,Anna Nalick,Anna Nalick
D4L,34,exact_text,1.0,6e181837-c4da-4021-8227-d75ef7d65395,D4L,D4L
Saving Abel,34,exact_text,1.0,1c3c7d51-4679-476c-8cb0-580a35da018b,Saving Abel,Saving Abel
Martin Garrix,34,exact_text,1.0,3e1f2ee4-16be-4406-bf18-6173840cf2b1,Martin Garrix,Martin Garrix
Mitchell Tenpenny,34,exact_text,1.0,5623ae6e-fd11-48d5-8a03-7b2e89d865e3,Mitchell Tenpenny,Mitchell Tenpenny
Saint Jhn,34,exact_text,1.0,0f16ba6c-1874-42b9-b7a6-e060c2be454e,SAINt JHN,SAINt JHN
The Four Lads,33,exact_text,1.0,5670e4ef-2ad4-4f17-b252-a00e2fbd336f,The Four Lads,The Four Lads
Bill Haley And His Comets,33,exact_text,1.0,4458d70d-c215-4f06-beea-ebd448dad6ac,Bill Haley and His Comets,Bill Haley and His Comets
Steve Alaimo,33,exact_text,1.0,cdbb7fed-50e8-4d7a-be1f-3a075b93cec5,Steve Alaimo,Steve Alaimo
Patti LaBelle And The Blue Belles,33,fuzzy,0.9846,b6634f18-2dff-4cc5-8a53-ca47d9fc890b,Patti LaBelle & The Bluebelles,Patti LaBelle & The Bluebelles
Jimmy Gilmer And The Fireballs,33,exact_text,1.0,a617c12d-f1af-4ecc-bc47-f20bab3078a8,Jimmy Gilmer & The Fireballs,Jimmy Gilmer & The Fireballs
Travis Wammack,33,exact_text,1.0,f777f2db-f72f-4acb-946d-34429887b365,Travis Wammack,Travis Wammack
Pozo Seco Singers,33,exact_text,1.0,e7bcc842-be74-42cd-8376-b185f469516b,Pozo-Seco Singers,Pozo-Seco Singers
? (Question Mark) & The Mysterians,33,exact_text,1.0,912fcb75-fa16-49e6-9e19-becf0f7dea4d,? and the Mysterians,? and the Mysterians
Bill Cosby,33,exact_text,1.0,0646d80c-7ee1-46e9-a169-2979dee41bc6,Bill Cosby,Bill Cosby
Hugh Masekela,33,exact_text,1.0,83a2e0fb-3d9b-46ff-b383-3dde54c15297,Hugh Masekela,Hugh Masekela
Jeannie C. Riley,33,exact_text,1.0,79251d77-dd72-46d3-a324-61c27760ce25,Jeannie C. Riley,Jeannie C. Riley
Dennis Coffey & The Detroit Guitar Band,33,exact_text,1.0,4fe8804b-7fb6-4728-b3cc-31af57a59de8,Dennis Coffey & The Detroit Guitar Band,Dennis Coffey & The Detroit Guitar Band
Alicia Bridges,33,exact_text,1.0,e18709d6-dcd1-4db2-9c4c-0d8d1d431ab6,Alicia Bridges,Alicia Bridges
Steel Breeze,33,exact_text,1.0,a50b5e74-4602-4d50-9d41-aa03600e7245,Steel Breeze,Steel Breeze
Chico DeBarge,33,exact_text,1.0,1c8b2b9d-5cab-43ec-b6a4-0a7e35bbd0a9,Chico DeBarge,Chico DeBarge
Living Colour,33,exact_text,1.0,dc6f8c1f-626b-42b0-9115-7e66ae4cecd6,Living Colour,Living Colour
L.A. Guns,33,exact_text,1.0,87684162-ab42-4cfa-bf22-ebe237035f54,L.A. Guns,L.A. Guns
Deee-Lite,33,fuzzy,0.9412,83d401e8-3322-4491-98d3-ec3a567c5047,Deee‐Lite,Deee‐Lite
N2Deep,33,exact_text,1.0,6b5819e2-eb7c-4160-8ffa-e52ac17480b1,N2Deep,N2Deep
U.N.V.,33,exact_text,1.0,658b03d7-bc8c-445c-be3c-254317e0c6b7,U.N.V.,U.N.V.
Artie The 1 Man Party,33,fuzzy,0.9091,53dddb84-3a2c-4deb-8e79-f434fe9ceb0f,Artie the One Man Party,Artie the One Man Party
3T,33,exact_text,1.0,8275ed69-a0f8-4bad-b6e0-2c57d306e593,3T,3T
Freak Nasty,33,exact_text,1.0,ee66b0a0-b330-41ca-99b1-0998a483b572,Freak Nasty,Freak Nasty
Aqua,33,exact_text,1.0,a1ed5e33-22ff-4e7d-a457-42f4309e135f,Aqua,Aqua
Everlast,33,exact_text,1.0,ca39d50f-9885-420e-88d6-9c3f64038773,Everlast,Everlast
Norah Jones,33,exact_text,1.0,985c709c-7771-4de3-9024-7bda29ebe3f9,Norah Jones,Norah Jones
Baby Bash Featuring Frankie J,33,exact_text,1.0,1fe6717a-73b5-4e70-82c5-6b83a08c997d,Baby Bash,Baby Bash
Jack Ingram,33,exact_text,1.0,ef99a425-baac-4a0b-87c0-4cc99d77f97d,Jack Ingram,Jack Ingram
Amy Winehouse,33,exact_text,1.0,dfe9a7c4-8cf2-47f4-9dcb-d233c2b86ec3,Amy Winehouse,Amy Winehouse
The Black Keys,33,exact_text,1.0,d15721d8-56b4-453d-b506-fc915b14cba2,The Black Keys,The Black Keys
Swedish House Mafia Featuring John Martin,33,exact_text,1.0,99075985-0d80-4692-a15e-b16f78831792,Swedish House Mafia,Swedish House Mafia
Zedd Featuring Foxes,33,exact_text,1.0,56c4b861-0922-4c3a-a9b9-3bfcb00f8274,Zedd,Zedd
Idina Menzel,33,exact_text,1.0,929ca8c3-5df3-4fe9-bc59-f8d603780bce,Idina Menzel,Idina Menzel
JVKE,33,exact_text,1.0,f29e031f-c6b6-4d52-8edd-dc8e14378e74,JVKE,JVKE
Dorsey Burnette,32,exact_text,1.0,fde67061-08ed-43d1-bd77-29b13095d9ee,Dorsey Burnette,Dorsey Burnette
Donnie Brooks,32,exact_text,1.0,56f9c028-eb08-47e6-81d0-640a60786edf,Donnie Brooks,Donnie Brooks
The String-A-Longs,32,fuzzy,0.9412,6224c898-fe13-4781-8a47-f513924ca013,The String‐A‐Longs,The String‐A‐Longs
Bill Anderson,32,exact_text,1.0,189ede50-9c85-48b8-bae2-cb44ccd5b5c9,Bill Anderson,Bill Anderson
Bill Medley,32,exact_text,1.0,5a68345c-0ae8-4ec3-af35-38f2a39bcf0b,Bill Medley,Bill Medley
Peggy Scott & Jo Jo Benson,32,exact_text,1.0,d0654a00-d34a-4db8-bff4-e9e8e02393c6,Peggy Scott & Jo Jo Benson,Peggy Scott & Jo Jo Benson
The Jimmy Castor Bunch,32,exact_text,1.0,60a6cae9-9fd2-4ec8-b890-2751f991c54b,The Jimmy Castor Bunch,The Jimmy Castor Bunch
New York City,32,exact_text,1.0,d43dee96-c96d-4f4a-8a23-33bcb35fb6b8,New York City,New York City
"Billy ""Crash"" Craddock",32,exact_text,1.0,643d2a1e-39b3-4a0c-80cd-8cdf59276d61,Billy “Crash” Craddock,Billy “Crash” Craddock
Elvin Bishop,32,exact_text,1.0,b1768592-294e-4e15-a892-eb8837dec3e4,Elvin Bishop,Elvin Bishop
High Inergy,32,exact_text,1.0,bf696c97-ce56-4fc5-993d-81cd28d13a80,High Inergy,High Inergy
Randy Newman,32,exact_text,1.0,da7bb7d8-557d-4635-9ca1-e6e985525bd5,Randy Newman,Randy Newman
Sugarhill Gang,32,exact_normalized,1.0,336f2e14-b064-45c8-8b2a-01663a0bee64,The Sugarhill Gang,The Sugarhill Gang
Ray| Goodman & Brown,32,exact_text,1.0,5b117c65-daf8-4bab-81ba-fd1275812bfd,"Ray, Goodman & Brown","Ray, Goodman & Brown"
Yarbrough & Peoples,32,exact_text,1.0,68f13dd2-181f-4e71-b563-0030b12545d7,Yarbrough & Peoples,Yarbrough & Peoples
Michael Sembello,32,exact_text,1.0,fcde7037-181e-437f-9417-60a38958c0fa,Michael Sembello,Michael Sembello
Peter Schilling,32,exact_text,1.0,bc6be178-3933-44ad-88a7-fde1a160bc29,Peter Schilling,Peter Schilling
Twisted Sister,32,exact_text,1.0,c6122fee-089f-41c4-a34f-e5f7e5607b05,Twisted Sister,Twisted Sister
Paul Hardcastle,32,exact_text,1.0,58e2800d-991d-4fe9-860b-1d27931ae8de,Paul Hardcastle,Paul Hardcastle
The Dream Academy,32,exact_text,1.0,d0f7f125-5403-4f2e-b7b7-2ba8ef43836e,The Dream Academy,The Dream Academy
Stryper,32,exact_text,1.0,89621490-e0ef-4915-8b1f-6ad57dba3d7a,Stryper,Stryper
Faith No More,32,exact_text,1.0,b15ebd71-a252-417d-9e1c-3e6863da68f8,Faith No More,Faith No More
Joey Lawrence,32,exact_text,1.0,6c29aa61-e85b-48dd-9306-e74b295a5967,Joey Lawrence,Joey Lawrence
Rappin' 4-Tay,32,fuzzy,0.9565,44223a23-a89a-4815-9eab-e36ce9d0ebae,Rappin’ 4‐Tay,Rappin’ 4‐Tay
Method Man,32,exact_text,1.0,94dbfe2e-ca48-4e08-a5a8-e1e74136c63d,Method Man,Method Man
Filter,32,exact_text,1.0,6ae51665-8261-4ae5-883f-1899651ad31b,Filter,Filter
Goodie Mob,32,exact_text,1.0,ade9b668-e38f-41a8-a6e5-51442c5d6468,Goodie Mob,Goodie Mob
Shawn Colvin,32,exact_text,1.0,42222090-c5e5-4243-8582-c29bc8b63ec6,Shawn Colvin,Shawn Colvin
Mase,32,exact_text,1.0,76716b81-e361-427e-a931-19373388387d,Mase,Mase
Beenie Man,32,exact_text,1.0,0d85b9f2-802d-48bb-aa85-6a9668869053,Beenie Man,Beenie Man
3LW,32,exact_text,1.0,fc9d0b71-d338-43bc-b2b1-f3f6d8f75b99,3LW,3LW
Moby Featuring Gwen Stefani,32,exact_text,1.0,8970d868-0723-483b-a75b-51088913d3d4,Moby,Moby
YoungBloodZ Featuring Lil Jon,32,exact_text,1.0,c365bae6-5dcc-406f-a27b-0adc693f068d,YoungBloodZ,YoungBloodZ
Daniel Powter,32,exact_text,1.0,32cfbaf8-87aa-466b-9c1a-331ad9075ea2,Daniel Powter,Daniel Powter
Matt Nathanson,32,exact_text,1.0,e28dbf43-a2d9-4651-908f-1879ad67d30e,Matt Nathanson,Matt Nathanson
Waka Flocka Flame Featuring Roscoe Dash & Wale,32,exact_text,1.0,59eda569-b380-4958-b98c-051d1667b3e1,Waka Flocka Flame,Waka Flocka Flame
Fitz And The Tantrums,32,exact_text,1.0,8560d4e8-05e2-4c20-980b-ad2db445dd5d,Fitz and the Tantrums,Fitz and the Tantrums
Hailee Steinfeld,32,exact_text,1.0,373f5bcf-f1ce-4515-83ed-0b8ed636bc14,Hailee Steinfeld,Hailee Steinfeld
Bebe Rexha,32,exact_text,1.0,db8fad3a-e131-47a1-8782-c2ee93708cdd,Bebe Rexha,Bebe Rexha
Matt Stell,32,exact_text,1.0,ec266781-dd3d-42fd-9db0-b0a841fbaed0,Matt Stell,Matt Stell
Em Beihold,32,exact_text,1.0,7575e3b8-ba04-4acc-a895-9cc528f86525,Em Beihold,Em Beihold
Sexyy Red,32,exact_text,1.0,0953d634-b964-4f2a-b862-8de475aeaf47,Sexyy Red,Sexyy Red
June Valli,31,exact_text,1.0,91af5ba9-4601-457a-ac13-f95d977070b2,June Valli,June Valli
Wilbert Harrison,31,exact_text,1.0,4d12dcc2-ab89-4f68-aa7b-0939a839a068,Wilbert Harrison,Wilbert Harrison
Percy Faith And His Orchestra,31,exact_text,1.0,c5df455e-1a85-4917-aa4d-598f440abf08,Percy Faith and His Orchestra,Percy Faith and His Orchestra
Frank Ifield,31,exact_text,1.0,7fb61f7b-2ad3-4d5b-96fd-5c5327456abb,Frank Ifield,Frank Ifield
The Five Stairsteps,31,exact_normalized,1.0,42700164-abe3-4b45-b627-f4c8deca5e82,Five Stairsteps,Five Stairsteps
Grateful Dead,31,exact_text,1.0,6faa7ca7-0d99-4a5e-bfa6-1fd5037520c6,Grateful Dead,Grateful Dead
Pilot,31,exact_text,1.0,3ff99b4e-3824-40d4-8acb-0147c6eae948,Pilot,Pilot
Rick Dees & His Cast Of Idiots,31,exact_text,1.0,16636bc5-051a-45c7-9479-eca5f3596d5f,Rick Dees & His Cast of Idiots,Rick Dees & His Cast of Idiots
Starz,31,exact_text,1.0,9c7ba2ec-8039-41f0-a2f9-5449f8af6a9c,Starz,Starz
Randy VanWarmer,31,exact_text,1.0,0da3a5cc-babe-4438-b4f5-f754d0a1ca26,Randy VanWarmer,Randy VanWarmer
Patrice Rushen,31,exact_text,1.0,a247b1b8-8f47-4568-9a89-fa16b4a2b77f,Patrice Rushen,Patrice Rushen
Falco,31,exact_text,1.0,dcd95aa4-f3ff-492d-a621-8518ada0f58b,Falco,Falco
Johnny Hates Jazz,31,exact_text,1.0,1cf1db8f-06bc-4c02-a608-4fc7980bbfcc,Johnny Hates Jazz,Johnny Hates Jazz
Sybil,31,exact_text,1.0,cfdd3c17-f21c-41a0-8f3f-556991d723fd,Sybil,Sybil
Troop,31,exact_text,1.0,1b26cdeb-f55e-43c5-94ec-f9d71d5b891f,Troop,Troop
AB Logic,31,exact_text,1.0,fc693302-b218-449f-afbc-d4bbc507ff6c,AB Logic,AB Logic
Onyx,31,exact_text,1.0,fc0fa262-6197-4c29-8e22-22f0e369856a,Onyx,Onyx
Ol' Dirty Bastard,31,exact_text,1.0,d50548a0-3cfd-4d7a-964b-0aef6545d819,Ol’ Dirty Bastard,Ol’ Dirty Bastard
Mack 10,31,exact_text,1.0,c3b4e25b-977f-4cb6-96d7-f68afbac732f,Mack 10,Mack 10
The Corrs,31,exact_text,1.0,acf6c776-d0f6-4239-b5a2-a45a613ffa52,The Corrs,The Corrs
Yvette Michele,31,exact_text,1.0,ff023576-33a9-415a-b9d8-8fbbcc8cae4a,Yvette Michele,Yvette Michele
Chumbawamba,31,exact_text,1.0,7b7b1e6f-e73e-41a0-9d72-8f0b30c6992d,Chumbawamba,Chumbawamba
Mark Chesnutt,31,exact_text,1.0,4e1f5310-f9bf-4862-a73c-d7fe60cbc4d6,Mark Chesnutt,Mark Chesnutt
Stacie Orrico,31,exact_text,1.0,eda489f6-afa5-46b0-a4f5-ad42e735dcad,Stacie Orrico,Stacie Orrico
Ruben Studdard,31,exact_text,1.0,5f5efe60-0461-4c3a-bad9-93d1eaa72da1,Ruben Studdard,Ruben Studdard
Elephant Man,31,exact_text,1.0,cd5f7bd9-ee6f-4a99-8dd9-dc3afd9da736,Elephant Man,Elephant Man
Yellowcard,31,exact_text,1.0,3630fff3-52fc-4e97-ab01-d68fd88e4135,Yellowcard,Yellowcard
Death Cab for Cutie,31,exact_text,1.0,0039c7ae-e1a7-4a7d-9b49-0cbc716821a6,Death Cab for Cutie,Death Cab for Cutie
Chamillionaire Featuring Krayzie Bone,31,exact_text,1.0,4fbc55bb-61be-4eb7-b4b4-c08c68b4e060,Chamillionaire,Chamillionaire
Nick Lachey,31,exact_text,1.0,51eb1070-465f-4ec5-bbd9-2c3f4d82424f,Nick Lachey,Nick Lachey
Rick Ross,31,exact_text,1.0,13bcb2bb-db37-4397-baf5-e0f085be2d64,Rick Ross,Rick Ross
Elliott Yamin,31,exact_text,1.0,f1c1963a-ba17-4c61-b4d5-344aec12e1c0,Elliott Yamin,Elliott Yamin
Secondhand Serenade,31,exact_text,1.0,c4caa34e-57b5-432b-ad9d-7e6543944d96,Secondhand Serenade,Secondhand Serenade
Gavin Rossdale,31,exact_text,1.0,d530dad4-81e5-4874-808a-d708039289fb,Gavin Rossdale,Gavin Rossdale
Keri Hilson,31,exact_text,1.0,b76c616a-ec0d-4f0c-b986-f249c4a04d77,Keri Hilson,Keri Hilson
Love And Theft,31,exact_text,1.0,b5d77881-1324-43b2-9ddb-7f4856155972,Love and Theft,Love and Theft
2 Chainz,31,exact_text,1.0,dff0d392-4cd5-4052-9fbb-f485df3891e5,2 Chainz,2 Chainz
Clean Bandit Featuring Jess Glynne,31,exact_text,1.0,dacc2d64-7e59-42a8-87a9-10c53919aff2,Clean Bandit,Clean Bandit
Faron Young,30,exact_text,1.0,5799b78e-a103-427b-8a1d-0bfeaddbb0c0,Faron Young,Faron Young
The Rooftop Singers,30,exact_text,1.0,0ccda5b6-dd97-4891-b3ef-c41259b2ca56,The Rooftop Singers,The Rooftop Singers
Esther Phillips,30,exact_text,1.0,e261c42a-cbd7-4b97-8b72-218801bdc5b9,Esther Phillips,Esther Phillips
The Sweet Inspirations,30,exact_normalized,1.0,f050753c-73ed-42ce-9808-8ab75679840b,Sweet Inspirations,Sweet Inspirations
Procol Harum,30,exact_text,1.0,44119570-4d53-46e7-a447-bd18608c28d8,Procol Harum,Procol Harum
Iron Butterfly,30,exact_text,1.0,3da3e7e1-e817-47e8-8624-635df4aedbe6,Iron Butterfly,Iron Butterfly
R.B. Greaves,30,exact_text,1.0,c0b2fb00-4fe2-487f-a82b-239be67597e0,R.B. Greaves,R.B. Greaves
George Baker Selection,30,exact_text,1.0,b46d30ff-f8ee-467e-8650-c58b6b47053a,George Baker Selection,George Baker Selection
The Poppy Family (Featuring Susan Jacks),30,exact_text,1.0,8a76c38b-c8d6-42ea-ac30-9e2714a084ab,The Poppy Family,The Poppy Family
Jim Capaldi,30,exact_text,1.0,277346a8-e246-48ec-a162-99cda6d350e6,Jim Capaldi,Jim Capaldi
Vicki Lawrence,30,exact_text,1.0,86b453a5-87f2-4e7f-aa6b-ec9dfb378689,Vicki Lawrence,Vicki Lawrence
Marie Osmond,30,exact_text,1.0,5d8f1ebd-6b28-420a-ab15-75b9bc12f7d6,Marie Osmond,Marie Osmond
David Essex,30,exact_text,1.0,822e180a-061a-4da0-a1f3-35e8bdf5f240,David Essex,David Essex
Boney M.,30,exact_text,1.0,5403bf6e-bc1d-4e62-b31f-926a2bf66a14,Boney M.,Boney M.
Charlene,30,exact_text,1.0,4390edc5-d79f-4694-ab34-fd445734de65,Charlene,Charlene
Spyro Gyra,30,exact_text,1.0,9a7c8025-1af8-42cd-8df8-857220610bc5,Spyro Gyra,Spyro Gyra
Rainbow,30,exact_text,1.0,e3cb4543-210f-499a-b0d1-3882c312dfb9,Rainbow,Rainbow
Lipps| Inc.,30,exact_text,1.0,9f47e427-c31c-49fe-90d6-92ab6029d405,"Lipps, Inc.","Lipps, Inc."
Lee Greenwood,30,exact_text,1.0,6038dd90-1ae4-40b0-b2b7-8087fcbedc03,Lee Greenwood,Lee Greenwood
Club Nouveau,30,exact_text,1.0,2146b803-52f4-4fc4-941a-528b9096dc77,Club Nouveau,Club Nouveau
Bardeux,30,exact_text,1.0,bf687797-5858-4790-bd3e-b1cf9d65401e,Bardeux,Bardeux
The U-Krew,30,exact_text,1.0,dc27bfea-ab89-4a76-8f1e-662e0fb19537,The U-Krew,The U-Krew
Sinead O'Connor,30,fuzzy,0.9655,c78a77fa-507c-4c07-947a-0355029453bd,Sinéad O’Connor,Sinéad O’Connor
DJ Quik,30,exact_text,1.0,542f4f08-4d8f-48db-a414-d3a33a62929f,DJ Quik,DJ Quik
Technotronic Featuring Ya Kid K,30,exact_text,1.0,62173ce5-37ef-41b1-86cd-45401a8955fc,Technotronic,Technotronic
Paperboy,30,exact_text,1.0,d6724a5f-3c49-4362-a6df-649474966009,Paperboy,Paperboy
Wu-Tang Clan,30,fuzzy,0.9565,0febdcf7-4e1f-4661-9493-b40427de2c13,Wu‐Tang Clan,Wu‐Tang Clan
KRS-One,30,fuzzy,0.9231,fc4568b6-cbe3-4a3d-8409-28510c19e3e2,KRS‐One,KRS‐One
20 Fingers Featuring Gillette,30,exact_text,1.0,1592a0a6-c7aa-40d7-aa2d-2e3026bb85fa,20 Fingers,20 Fingers
Take That,30,exact_text,1.0,24d2505b-388c-46cc-8a64-48223ea6d78d,Take That,Take That
Xzibit,30,exact_text,1.0,9e839dc3-55f3-4492-ad0e-a1a2e84275e2,Xzibit,Xzibit
Public Announcement,30,exact_text,1.0,eedac904-9fd2-43f1-af88-cc0ee2646a9e,Public Announcement,Public Announcement
Chely Wright,30,exact_text,1.0,d4e538ad-2936-42ef-9259-77052c4fcdd2,Chely Wright,Chely Wright
M2M,30,exact_text,1.0,200a07b4-0e6f-47b8-851f-784281e1de07,M2M,M2M
Mr. Cheeks,30,exact_text,1.0,ddd0bef5-03ba-46a1-aae3-cbefc3ab3d57,Mr. Cheeks,Mr. Cheeks
Los Lonely Boys,30,exact_text,1.0,98fe243c-3685-4491-8135-edc713963be4,Los Lonely Boys,Los Lonely Boys
Gnarls Barkley,30,exact_text,1.0,a47c3aa2-7d87-475c-a2c7-1e2047dafb09,Gnarls Barkley,Gnarls Barkley
Gucci Mane,30,exact_text,1.0,36494952-f434-45d8-a958-8b4acdbcf8a8,Gucci Mane,Gucci Mane
Estelle Featuring Kanye West,30,exact_text,1.0,4c7a5854-6b75-4623-a684-6a3d785d9015,Estelle,Estelle
Hot Chelle Rae,30,exact_text,1.0,20aee940-3b65-4d04-8768-9a5918db2973,Hot Chelle Rae,Hot Chelle Rae
ZAYN,30,exact_text,1.0,985f7e6f-0a7e-4de7-b9ec-a5dac63cb2f7,ZAYN,ZAYN
Russ,30,exact_text,1.0,9ddf4b19-dd14-45d9-b056-49541b16dc80,Russ,Russ
George Hamilton IV,29,exact_text,1.0,29d41248-81e5-4d3c-97b1-eb571de20b03,George Hamilton IV,George Hamilton IV
Ruth Brown,29,exact_text,1.0,948137e5-783e-4386-bd7c-a56c2666d1e2,Ruth Brown,Ruth Brown
The Harry Simeone Chorale,29,exact_text,1.0,e8553fbd-11ec-4568-9720-be914af8fa17,The Harry Simeone Chorale,The Harry Simeone Chorale
The Mills Brothers,29,exact_text,1.0,fb1080d4-aaf7-430e-b588-6a6ce79e2eb3,The Mills Brothers,The Mills Brothers
Webb Pierce,29,exact_text,1.0,cbd197c2-1c29-4f46-acc6-0565a916d143,Webb Pierce,Webb Pierce
Ernie K-Doe,29,fuzzy,0.9524,7f06afd2-a30f-47b6-a25d-6638ab91c817,Ernie K‐Doe,Ernie K‐Doe
Jimmy McGriff,29,exact_text,1.0,58f23499-f263-4772-9b7a-2f6cd2fe428f,Jimmy McGriff,Jimmy McGriff
Dale & Grace,29,exact_text,1.0,1be3fa94-16a5-43bd-8371-3bdf042899f1,Dale & Grace,Dale & Grace
Louis Armstrong And The All Stars,29,fuzzy,0.9394,f617ed55-7691-41cc-9671-c04a29641125,Louis Armstrong & His All-Stars,Louis Armstrong & His All-Stars
Fantastic Four,29,exact_normalized,1.0,52a01502-9ae2-4d76-afc6-dd83e98662f3,The Fantastic Four,The Fantastic Four
The Jimi Hendrix Experience,29,exact_text,1.0,33b3c323-77c2-417c-a5b4-af7e6a111cc9,The Jimi Hendrix Experience,The Jimi Hendrix Experience
Soul Survivors,29,exact_normalized,1.0,c4af778c-9b44-4ff3-ac37-2440923b63bb,The Soul Survivors,The Soul Survivors
Stampeders,29,exact_normalized,1.0,51c30cee-2ba0-46c7-9715-adbcddcfe40b,The Stampeders,The Stampeders
The Independents,29,exact_text,1.0,da90427c-0699-4a6a-845f-c3fb56b43706,The Independents,The Independents
Paper Lace,29,exact_text,1.0,c62995d6-a622-43e0-ae11-12a0f8638deb,Paper Lace,Paper Lace
El Coco,29,exact_text,1.0,0f175fd6-7539-4e6f-805f-d359d2e6c69c,El Coco,El Coco
Bill Conti,29,exact_text,1.0,631e2d6a-16ac-4c49-89ac-987dc81e60e9,Bill Conti,Bill Conti
Larry Graham,29,exact_text,1.0,87982d06-55e1-456c-a11e-9911cc320f45,Larry Graham,Larry Graham
Frida,29,exact_text,1.0,042c35d3-0756-4804-b2c2-be57a683efa2,Frida,Frida
Saga,29,exact_text,1.0,cc5b8e90-07fd-416d-bd90-8a524b29d1f7,Saga,Saga
Scritti Politti,29,exact_text,1.0,a2588b38-6532-4186-b0c8-9aff306d56f5,Scritti Politti,Scritti Politti
Rob Base & D.J. E-Z Rock,29,fuzzy,0.9796,6f191c70-1345-4ea5-b7af-5db9ee50d7c0,Rob Base & D.J. E‐Z Rock,Rob Base & D.J. E‐Z Rock
Edie Brickell & New Bohemians,29,exact_text,1.0,df87d5be-c4b5-48e4-97b2-6440b77ca4fb,Edie Brickell & New Bohemians,Edie Brickell & New Bohemians
The Soup Dragons,29,exact_text,1.0,5c42c9cf-5833-41d8-b600-177e70894046,The Soup Dragons,The Soup Dragons
Public Enemy,29,exact_text,1.0,bf2e15d0-4b77-469e-bfb4-f8414415baca,Public Enemy,Public Enemy
Boy Krazy,29,exact_text,1.0,814359d1-44f5-41c1-9440-5e685969d395,Boy Krazy,Boy Krazy
Elastica,29,exact_text,1.0,46693641-1e2e-4aae-80ed-6b28170de63a,Elastica,Elastica
Lisa Loeb,29,exact_text,1.0,22c5cef9-80e8-48d2-acd3-6d16f6c8a16d,Lisa Loeb,Lisa Loeb
Clint Black,29,exact_text,1.0,dcd522c9-ac64-4c53-b080-6aab4abf2b44,Clint Black,Clint Black
Queens Of The Stone Age,29,exact_text,1.0,7dc8f5bd-9d0b-4087-9f73-dc164950bbd8,Queens of the Stone Age,Queens of the Stone Age
Cassie,29,exact_text,1.0,4a8ac23a-e27a-44db-814a-f8c31beb68e6,Cassie,Cassie
Cobra Starship Featuring Sabi,29,exact_text,1.0,ffb390b8-8df4-4b72-97d1-7b2fc008a452,Cobra Starship,Cobra Starship
Wale Featuring Jeremih,29,exact_text,1.0,e34e41f2-f480-45d3-8190-a3ce5ab34fab,Wale,Wale
Lil Yachty,29,exact_text,1.0,a668565b-41b8-44a8-9d5c-8e609dbf69fc,Lil Yachty,Lil Yachty
Julia Michaels,29,exact_text,1.0,4757df70-6c3e-46b8-99c0-a68644595c9a,Julia Michaels,Julia Michaels
Midland,29,exact_text,1.0,e0a60de0-22c3-4e10-ac93-3a385191bbf6,Midland,Midland
Tyga Featuring Offset,29,exact_text,1.0,ce09ea31-3d4a-4487-a797-e315175457a0,Tyga,Tyga
JP Saxe Featuring Julia Michaels,29,exact_text,1.0,5d27a55a-5731-4ef5-a3ad-d5b44251db0f,JP Saxe,JP Saxe
CKay,29,exact_text,1.0,eb1febcf-9902-4962-9dc4-8fe4d7fc25b4,CKay,CKay
jessie murph,29,exact_text,1.0,007188c6-2cd6-4060-9629-151433847ddf,Jessie Murph,Jessie Murph
Lauren Spencer Smith,29,exact_text,1.0,0a727c70-cb97-4e3d-a973-219a0575349c,Lauren Spencer Smith,Lauren Spencer Smith
Real Boston Richey,29,exact_text,1.0,f2e9db7b-4744-4e49-ac18-bb78c9304722,Real Boston Richey,Real Boston Richey
Ravyn Lenae,29,exact_text,1.0,94c64122-dbd4-4927-b2fa-f204b0b4b0c2,Ravyn Lenae,Ravyn Lenae
Perez Prado And His Orchestra,28,exact_text,1.0,09c90630-b2b3-488f-97a2-06d41a85e8ac,Pérez Prado and His Orchestra,Pérez Prado and His Orchestra
Doris Day,28,exact_text,1.0,3db5dfb1-1b91-4038-8268-ae04d15b6a3e,Doris Day,Doris Day
Stonewall Jackson,28,exact_text,1.0,2c89b70f-6ccc-4f9d-8229-d8c404a042f0,Stonewall Jackson,Stonewall Jackson
Bob B. Soxx And The Blue Jeans,28,exact_text,1.0,ff81d878-cc98-44d4-a823-1d7c590cf1d8,Bob B. Soxx and the Blue Jeans,Bob B. Soxx and the Blue Jeans
Lonnie Mack,28,exact_text,1.0,8d7e3ee7-f391-43a5-84ae-3b830d4eba81,Lonnie Mack,Lonnie Mack
Irma Thomas,28,exact_text,1.0,710c7ffa-977e-4431-9f00-c8d4eddf6808,Irma Thomas,Irma Thomas
Fontella Bass,28,exact_text,1.0,77c1d20a-2374-42f0-8059-61d1f453d5de,Fontella Bass,Fontella Bass
Bunny Sigler,28,exact_text,1.0,3778a413-6202-44c4-a11c-aaeb78feb7de,Bunny Sigler,Bunny Sigler
King Curtis & The Kingpins,28,exact_text,1.0,cc8edf97-c082-4a0b-8fd5-1dd28262ea11,King Curtis & The Kingpins,King Curtis & The Kingpins
Faith| Hope And Charity,28,exact_text,1.0,6d37e2d4-596d-4e1a-93b7-d11007ef1c39,"Faith, Hope & Charity","Faith, Hope & Charity"
Sugarloaf,28,exact_text,1.0,1abf53af-e312-4857-b2cf-2638a04aeb59,Sugarloaf,Sugarloaf
Donnie Elbert,28,exact_text,1.0,376864c3-a9b5-4789-91a0-562f1176a05c,Donnie Elbert,Donnie Elbert
The 8th Day,28,exact_normalized,1.0,51cb99a5-ce66-4611-9d08-a6432c9560f9,8th Day,8th Day
The Blue Ridge Rangers,28,exact_normalized,1.0,e76593e6-dc41-447d-91ee-5e8421292ea0,Blue Ridge Rangers,Blue Ridge Rangers
Brass Construction,28,exact_text,1.0,e19fa46b-f028-4f56-98b9-ab8b28151145,Brass Construction,Brass Construction
Rockets,28,exact_text,1.0,33c4f520-f3a0-4f37-a56d-5b6e56c81392,Rockets,Rockets
Balance,28,exact_text,1.0,8be70f56-527c-4af8-8f09-8e5c8914b2ae,Balance,Balance
Patti Austin,28,exact_text,1.0,e58ae396-5050-4640-a5d1-8826b5c4ba13,Patti Austin,Patti Austin
Vangelis,28,exact_text,1.0,57fca0e2-f9ad-4ae6-af9d-6a6f50cbcd5f,Vangelis,Vangelis
Talk Talk,28,exact_text,1.0,a74f43e4-50c4-4b19-a2ce-c05ce9bccb03,Talk Talk,Talk Talk
Sheriff,28,exact_text,1.0,4679d9f9-fa29-4df2-b703-1eefb41500d7,Sheriff,Sheriff
Alphaville,28,exact_text,1.0,31aa6f87-8d00-4ae9-a5cc-6d7eeea109d2,Alphaville,Alphaville
Force M.D.'s,28,fuzzy,0.9,714dceb3-d277-4342-b3d9-3282324387c3,Force MD’s,Force MD’s
The Breakfast Club,28,exact_normalized,1.0,df19b09e-a53f-4d7f-b364-5ae4b05e6c4a,Breakfast Club,Breakfast Club
Wet Wet Wet,28,exact_text,1.0,45bbfc68-2523-49e4-96f7-d7d1c3d41aac,Wet Wet Wet,Wet Wet Wet
Whistle,28,exact_text,1.0,ceffb5a4-5521-4cdb-ad76-c63efd1eb669,Whistle,Whistle
Shana,28,exact_text,1.0,88094df5-0cd8-47f3-aa01-1fb0f929751b,Shana,Shana
2 In A Room,28,exact_text,1.0,98a62678-8db1-4bd5-add8-f24b198cdba8,2 in a Room,2 in a Room
Right Said Fred,28,exact_text,1.0,dcf54a6c-e09c-4980-be77-41401898fb7b,Right Said Fred,Right Said Fred
Shabba Ranks,28,exact_text,1.0,c0336f2a-610f-4b38-bc13-eb07393425a7,Shabba Ranks,Shabba Ranks
Portrait,28,exact_text,1.0,7410ed47-3392-42a4-9ee0-abf81e94cc5a,Portrait,Portrait
Keith Murray,28,exact_text,1.0,df6bcd60-5353-49ca-8cbf-0c748b0a16f3,Keith Murray,Keith Murray
Lina Santiago,28,exact_text,1.0,03fac58d-4439-436a-b2f5-85c1043be0a2,Lina Santiago,Lina Santiago
Lord Tariq & Peter Gunz,28,exact_text,1.0,b7517e94-8547-4c59-b098-85e593354976,Lord Tariq & Peter Gunz,Lord Tariq & Peter Gunz
Marcy Playground,28,exact_text,1.0,64cdc08f-ba6f-41fe-94be-452dc6d5108e,Marcy Playground,Marcy Playground
Eagle-Eye Cherry,28,fuzzy,0.9677,4a5777b3-f55b-437c-8b23-d9ee7791c7fc,Eagle‐Eye Cherry,Eagle‐Eye Cherry
Fastball,28,exact_text,1.0,dc083bd6-41a3-436e-9e0a-28b4dc773820,Fastball,Fastball
Patty Loveless,28,exact_text,1.0,e6cb4a73-6253-41c9-9450-f1862d30584e,Patty Loveless,Patty Loveless
Tal Bachman,28,exact_text,1.0,f8364fea-e139-4e9b-9f95-2081dc7a91b6,Tal Bachman,Tal Bachman
Fat Joe Featuring Ashanti,28,exact_text,1.0,a6a4c910-2b22-4a6f-aebe-805b176c47b8,Fat Joe,Fat Joe
Juanes,28,exact_text,1.0,8b0f05ce-354e-4121-9e0b-8b4732ea844f,Juanes,Juanes
Yung Joc,28,exact_text,1.0,1f83258f-ee16-4f3b-8570-e9ef3ad6973e,Yung Joc,Yung Joc
Mat Kearney,28,exact_text,1.0,320d40d6-28dd-42d7-b05f-7e6e8d399a2e,Mat Kearney,Mat Kearney
Lily Allen,28,exact_text,1.0,6e0c7c0e-cba5-4c2c-a652-38f71ef5785d,Lily Allen,Lily Allen
Wyclef Jean Featuring Akon| Lil Wayne & Niia,28,exact_text,1.0,4f29ecd7-21a5-4c03-b9ba-d0cfe9488f8c,Wyclef Jean,Wyclef Jean
YG Featuring Jeezy & Rich Homie Quan,28,exact_text,1.0,6b1cf581-17a9-42c3-927b-d1e2797b1695,YG,YG
Bobby Shmurda,28,exact_text,1.0,4ec3b7d8-efbb-4672-8067-5e72bd8dba3e,Bobby Shmurda,Bobby Shmurda
Amine,28,exact_text,1.0,12398bf3-1b99-47b7-930c-f3956773f35a,Aminé,Aminé
Liam Payne Featuring Quavo,28,exact_text,1.0,93ae8651-24ee-406c-b927-eb7cd773ae38,Liam Payne,Liam Payne
G-Eazy Featuring A$AP Rocky & Cardi B,28,fuzzy,0.9091,db48610c-6d8f-4d10-90ca-c4d14bb1a8b1,G‐Eazy,G‐Eazy
Sheck Wes,28,exact_text,1.0,07ab04d4-bdbc-4c93-bfb2-457693a4ff94,Sheck Wes,Sheck Wes
Surf Mesa Featuring Emilee,28,exact_text,1.0,5ed8f4ac-3ae8-4a83-9ff9-565510c7f6e5,Surf Mesa,Surf Mesa
Warren Zeiders,28,exact_text,1.0,6d9e7506-8b53-4dd8-992a-512b18f3b6ba,Warren Zeiders,Warren Zeiders
Kitty Kallen,27,exact_text,1.0,0822ea07-20f8-4740-a97a-a827cb6ce883,Kitty Kallen,Kitty Kallen
Vince Guaraldi Trio,27,exact_text,1.0,744b52c8-509b-4451-abfd-a17d18d4bd1d,Vince Guaraldi Trio,Vince Guaraldi Trio
Blues Magoos,27,exact_text,1.0,9f066e90-a04e-447e-a878-01d8a1bb4bea,Blues Magoos,Blues Magoos
Syl Johnson,27,exact_text,1.0,2e8cbd3d-44c0-4725-89e0-7db8010aa832,Syl Johnson,Syl Johnson
The Cuff Links,27,exact_text,1.0,72530e11-4bcd-4dec-b3b8-01b57091fd81,The Cuff Links,The Cuff Links
The Soul Children,27,exact_text,1.0,e6a6a3f5-0f0f-4e97-b78e-917b1edc62d0,The Soul Children,The Soul Children
Norman Greenbaum,27,exact_text,1.0,8f6ade41-0e4d-477c-9ef7-42591fed1133,Norman Greenbaum,Norman Greenbaum
R. Dean Taylor,27,exact_text,1.0,a67b2281-f999-4a4e-93ce-3fdafbcc0d39,R. Dean Taylor,R. Dean Taylor
Derek & The Dominos,27,exact_text,1.0,2155a81a-f0c6-417a-9b16-2f86f98bb8bc,Derek and the Dominos,Derek and the Dominos
Fancy,27,exact_text,1.0,084559b8-3f6b-4ea7-ab22-2c7072fce7fc,Fancy,Fancy
Billy Swan,27,exact_text,1.0,fa1a5b71-965b-4f4f-bc93-d7920889e335,Billy Swan,Billy Swan
Johnny Wakelin & The Kinshasa Band,27,exact_text,1.0,867698a7-1ddc-4b57-b664-d1b775a7344d,Johnny Wakelin & The Kinshasa Band,Johnny Wakelin & The Kinshasa Band
Jessi Colter,27,exact_text,1.0,2de9fcb9-543b-4696-84eb-043d70d723ae,Jessi Colter,Jessi Colter
Roxy Music,27,exact_text,1.0,331ce348-1b08-40b9-8ed7-0763b92bd003,Roxy Music,Roxy Music
Maze Featuring Frankie Beverly,27,exact_text,1.0,1560a7c0-ac1a-47c0-a293-c35d1506063c,Maze,Maze
Terri Gibbs,27,exact_text,1.0,255d9ba7-ee70-4edd-9971-c512553e313f,Terri Gibbs,Terri Gibbs
Stars on 45,27,exact_text,1.0,42ca42ca-51c2-4e6a-8e0b-6f9237533a45,Stars on 45,Stars on 45
Dexys Midnight Runners,27,exact_text,1.0,ccce2053-7007-4c36-b1e7-f8fcf5023a12,Dexys Midnight Runners,Dexys Midnight Runners
Sly Fox,27,exact_text,1.0,3598eeaa-b1ce-4908-a42d-aa15d22860cf,Sly Fox,Sly Fox
Bourgeois Tagg,27,exact_text,1.0,f2621b9e-6ac8-4230-b7a3-c56dbcb00459,Bourgeois Tagg,Bourgeois Tagg
David & David,27,exact_text,1.0,19ca09ed-6bda-4a2f-9796-15c4e50bec75,David & David,David & David
When In Rome,27,exact_text,1.0,d3dcef08-31d2-45b4-8e12-e4c7ac0d26c8,When in Rome,When in Rome
Siouxsie & The Banshees,27,exact_text,1.0,78ea5ea1-3c4d-4b7e-ac5d-68900319ebe2,Siouxsie and the Banshees,Siouxsie and the Banshees
Trixter,27,exact_text,1.0,b5e9b8b6-af40-42b3-b897-6feeec3af644,Trixter,Trixter
Rozalla,27,exact_text,1.0,a41e9be6-6caf-464d-b3a8-48fdebc179f7,Rozalla,Rozalla
Digable Planets,27,exact_text,1.0,ff44f779-74ab-48f8-aac3-39ebe8f7c18e,Digable Planets,Digable Planets
US3,27,exact_text,1.0,b370defd-86cc-42f3-85b4-7c2a8305c04a,Us3,Us3
Jamie Walters,27,exact_text,1.0,327b0c58-73d4-478d-841f-0a8813e9d618,Jamie Walters,Jamie Walters
Skee-Lo,27,fuzzy,0.9231,9341a67c-4f0c-43c2-9ec4-c222d2cb97f3,Skee‐Lo,Skee‐Lo
Deana Carter,27,exact_text,1.0,49d04262-6389-4f51-829e-d8fd1b8b80fa,Deana Carter,Deana Carter
The Prodigy,27,exact_text,1.0,4a4ee089-93b1-4470-af9a-6ff575d32704,The Prodigy,The Prodigy
Los Umbrellos,27,exact_text,1.0,909fddfc-2310-4bcd-b264-4c5926890eba,Los Umbrellos,Los Umbrellos
Master P Feat. Fiend| Silkk the Shocker| Mia X & Mystikal,27,exact_text,1.0,a5bd836d-8d8f-48a5-b0b7-dbb18b3264dd,Master P,Master P
Brandy & Monica,27,exact_text,1.0,7a34c900-204c-426a-a772-71ea9a6e0fe7,Brandy and Monica,Brandy and Monica
Macy Gray,27,exact_text,1.0,48772747-4cda-4ba8-b470-cfd5a32e05f7,Macy Gray,Macy Gray
Tamar Braxton,27,exact_text,1.0,ffb5f70c-cd10-48a5-92d0-cea440e6fd40,Tamar Braxton,Tamar Braxton
Big Tymers,27,exact_text,1.0,6c5ab1b7-8c64-4edb-b6fb-aea57df96a9d,Big Tymers,Big Tymers
Marques Houston,27,exact_text,1.0,94df7b45-d847-4ed4-8606-0cbe6e5a5573,Marques Houston,Marques Houston
D.H.T.,27,exact_text,1.0,1e1c10de-63cf-424e-8547-0474c825f908,D.H.T.,D.H.T.
Kardinal Offishall Featuring Akon,27,exact_text,1.0,03647192-f55b-42b2-9a74-db28fcae8fd1,Kardinal Offishall,Kardinal Offishall
Jamie Foxx Featuring T-Pain,27,exact_text,1.0,15a5da16-8b89-4047-aefe-81473c97b5b2,Jamie Foxx,Jamie Foxx
La Roux,27,exact_text,1.0,88d1360a-bc2d-47df-90d1-d2de285560aa,La Roux,La Roux
Travie McCoy Featuring Bruno Mars,27,exact_text,1.0,76bf7aec-83f0-47a9-8964-eea180b99ac2,Travie McCoy,Travie McCoy
A$AP Rocky Featuring Drake| 2 Chainz & Kendrick Lamar,27,exact_text,1.0,25b7b584-d952-4662-a8b9-dd8cdfbfeb64,A$AP Rocky,A$AP Rocky
MKTO,27,exact_text,1.0,aa25521e-3848-4ff7-ab09-545cc95b8a36,MKTO,MKTO
Tiesto,27,exact_text,1.0,aabb1d9f-be12-45b3-a84d-a1fc3e8181fd,Tiësto,Tiësto
PARTYNEXTDOOR Featuring Drake,27,exact_text,1.0,f23ef341-33bd-47c1-b83c-846a78581f05,PARTYNEXTDOOR,PARTYNEXTDOOR
Kiiara,27,exact_text,1.0,dbc26631-5e61-4ba2-84ff-e1423a1c288a,Kiiara,Kiiara
Major Lazer Featuring Justin Bieber & Mo,27,exact_text,1.0,75be165a-ad83-4d12-bd28-f589a15c479f,Major Lazer,Major Lazer
BLACKPINK,27,exact_text,1.0,48646387-1664-4c9a-9139-9bfd091b823c,BLACKPINK,BLACKPINK
Calboy,27,exact_text,1.0,2d4a0012-7364-40e5-b57f-ad2d4f51a30a,Calboy,Calboy
Toosii,27,exact_text,1.0,87d59d19-2615-4ada-853f-d552bf3b56e5,Toosii,Toosii
Buddy Holly,26,exact_text,1.0,d352f5dd-3023-4565-a7bb-52396bf8821d,Buddy Holly,Buddy Holly
The Teddy Bears,26,exact_text,1.0,a0ae4842-550d-45e7-a325-0e50cc4f1d80,The Teddy Bears,The Teddy Bears
Tab Hunter,26,exact_text,1.0,98d9935a-2c92-40ca-ada9-750af6d439ee,Tab Hunter,Tab Hunter
Buddy Knox,26,exact_text,1.0,0c45bbe7-f4d5-4d84-a382-4c1f132176e1,Buddy Knox,Buddy Knox
Joanie Sommers,26,exact_text,1.0,e7495426-6e14-4429-b647-dbe700ad57d4,Joanie Sommers,Joanie Sommers
Eddie Harris,26,exact_text,1.0,f9ba6d40-60f3-4c85-ac23-0bf67c3247e4,Eddie Harris,Eddie Harris
Matt Monro,26,exact_text,1.0,6965a0f4-6e7b-4feb-8709-508f83c1af93,Matt Monro,Matt Monro
The Dave Brubeck Quartet,26,exact_text,1.0,7bf711e9-4e69-4e08-b6e8-c0cb5805f1e7,The Dave Brubeck Quartet,The Dave Brubeck Quartet
Cannonball Adderley,26,exact_text,1.0,a4c73ebe-b2c7-4f13-b99d-2fe1f9f27da8,Cannonball Adderley,Cannonball Adderley
Dean And Jean,26,exact_text,1.0,b7ab9802-9c66-4bd8-b942-db12697563d2,Dean and Jean,Dean and Jean
Garnet Mimms,26,exact_text,1.0,a848949b-8f26-467a-85e1-8e3feffc9d27,Garnet Mimms,Garnet Mimms
Gale Garnett,26,exact_text,1.0,076e7f24-9a94-455d-a4d2-9f82e97e4b49,Gale Garnett,Gale Garnett
The Statler Brothers,26,exact_text,1.0,8f0c7db9-6d1c-446b-913c-b5c6811ca6fc,The Statler Brothers,The Statler Brothers
The Cryan' Shames,26,exact_text,1.0,07394528-0aec-42fa-8e78-05c98d5db5a3,The Cryan’ Shames,The Cryan’ Shames
Gene And Debbe,26,exact_text,1.0,170b6b64-80b3-40ff-a7b6-46550dace11c,Gene & Debbe,Gene & Debbe
Tony Joe White,26,exact_text,1.0,810af667-6a1f-40df-87a9-27f726cba4f3,Tony Joe White,Tony Joe White
The Shocking Blue,26,exact_normalized,1.0,8b399704-17f4-4001-943b-1d2b848940aa,Shocking Blue,Shocking Blue
El Chicano,26,exact_text,1.0,256344f2-078e-44ec-8c41-23f7a3c1cd25,El Chicano,El Chicano
T. Rex,26,exact_text,1.0,c842d29f-a297-48cd-bb71-4f77fd672b16,T. Rex,T. Rex
The Free Movement,26,exact_text,1.0,1c56f916-708a-4061-8642-349ee6bfbb55,The Free Movement,The Free Movement
Jud Strunk,26,exact_text,1.0,566d4028-2b50-4069-bdf6-37be61278eda,Jud Strunk,Jud Strunk
Nazareth,26,exact_text,1.0,88f219d8-4140-4191-af4b-de81c7c587c4,Nazareth,Nazareth
Slave,26,exact_text,1.0,29da6ed6-2501-40bf-83e9-9f22d872dd5a,Slave,Slave
Barbara Mandrell,26,exact_text,1.0,f9af8ba9-78d9-4355-85f5-f3c8abdaa31f,Barbara Mandrell,Barbara Mandrell
Amii Stewart,26,exact_text,1.0,8d1d5ded-96ed-4b5f-9cf0-a2174a2322f0,Amii Stewart,Amii Stewart
Anita Ward,26,exact_text,1.0,5ffe7875-614f-4823-879b-1fd66574a36d,Anita Ward,Anita Ward
Christine McVie,26,exact_text,1.0,21551f7d-93f2-4cb7-ba71-7f260058e923,Christine McVie,Christine McVie
Limahl,26,exact_text,1.0,ba147912-dc39-416f-9e4b-09765d671674,Limahl,Limahl
Dokken,26,exact_text,1.0,09ade3bd-b110-4277-b923-7dc32e6a3f92,Dokken,Dokken
Arcadia,26,exact_text,1.0,0f4e6cc8-8a38-4741-b344-9d388def0060,Arcadia,Arcadia
Alisha,26,exact_text,1.0,705810d6-4dbd-42f1-be7f-1477625b6198,Alisha,Alisha
The Robert Cray Band,26,exact_text,1.0,9adffe09-8bea-4f08-a409-923ecb3d029d,The Robert Cray Band,The Robert Cray Band
The Other Ones,26,exact_text,1.0,221bdb79-f975-46ba-a8ef-8994ff8c0ee7,The Other Ones,The Other Ones
Bobby McFerrin,26,exact_text,1.0,a996b5bd-db99-4257-b036-336f63448aa2,Bobby McFerrin,Bobby McFerrin
Kon Kan,26,exact_text,1.0,f081b120-1468-4a6f-acb6-80a854f9f13c,Kon Kan,Kon Kan
Chuckii Booker,26,exact_text,1.0,a61c07b1-8033-4c22-a82e-e30690e70e29,Chuckii Booker,Chuckii Booker
Jaya,26,exact_text,1.0,1ba482c6-5fb4-4395-a913-3954777fce20,Jaya,Jaya
A'me Lorain,26,exact_text,1.0,1fea751e-7896-4722-b58c-db58cd3ff394,A'me Lorain,A'me Lorain
PC Quest,26,exact_text,1.0,515dba7b-bb12-4b66-ac54-2b3ba6df5305,pc Quest,pc Quest
Kathy Troccoli,26,exact_text,1.0,e004a126-7167-48f9-aeec-1e0cd75749f4,Kathy Troccoli,Kathy Troccoli
Charles & Eddie,26,exact_text,1.0,07eaca09-98e9-421a-ac3e-cc007550b2f5,Charles & Eddie,Charles & Eddie
4 Non Blondes,26,exact_text,1.0,efef848b-63e4-4323-8ef7-69a48fbdd51d,4 Non Blondes,4 Non Blondes
Patra,26,exact_text,1.0,a84c18f2-65a8-4961-afa4-5d834d64f5ec,Patra,Patra
Luscious Jackson,26,exact_text,1.0,8be5d1de-e925-4e9f-b410-6d702cd8dcaa,Luscious Jackson,Luscious Jackson
Somethin' For The People Featuring Trina & Tamara,26,exact_text,1.0,1d556580-e3c6-4f59-83c5-edbc49fc16e9,Somethin’ for the People,Somethin’ for the People
Vengaboys,26,exact_text,1.0,90c7177f-4be5-413d-aabd-d228934c2b9b,Vengaboys,Vengaboys
Son by Four,26,exact_text,1.0,3fbb49b1-a888-42af-b2d5-c6f00ad87e73,Son by Four,Son by Four
Modest Mouse,26,exact_text,1.0,a96ac800-bfcb-412a-8a63-0a98df600700,Modest Mouse,Modest Mouse
Dem Franchize Boyz Featuring Jermaine Dupri| Da Brat & Bow Wow,26,exact_text,1.0,f67ade4c-3b10-497d-a6a7-1f9f05772439,Dem Franchize Boyz,Dem Franchize Boyz
Vanessa Hudgens,26,exact_text,1.0,9da7ed18-20fa-4279-88c8-94299728236d,Vanessa Hudgens,Vanessa Hudgens
Far*East Movement Featuring Cataracs & Dev,26,exact_text,1.0,6bd5655c-b7fe-48ee-8925-c2d2d8798618,Far East Movement,Far East Movement
Ronnie Dunn,26,exact_text,1.0,9b0636eb-1275-4370-94cc-6ac85d9fb5e8,Ronnie Dunn,Ronnie Dunn
Dove Cameron,26,exact_text,1.0,831dcf03-b745-436b-922f-6a2baaf45e57,Dove Cameron,Dove Cameron
Flume Featuring Kai,26,exact_text,1.0,35fd8d42-b4a6-4414-9827-8766bd0daa3c,Flume,Flume
Chance the Rapper Featuring Lil Wayne & 2 Chainz,26,exact_text,1.0,373a4c98-a46b-48e4-86ec-f6ca65b4f438,Chance the Rapper,Chance the Rapper
Arizona Zervas,26,exact_text,1.0,aa4296e3-f61c-46b5-b4fa-abce5bb62ffb,Arizona Zervas,Arizona Zervas
Coi Leray,26,exact_text,1.0,e1115c6a-6705-4d17-bbf2-0efd2ef1bbb2,Coi Leray,Coi Leray
Hudson Westbrook,26,exact_text,1.0,5b511be8-fd02-4de2-a017-7f5d06db53e4,Hudson Westbrook,Hudson Westbrook
The Bell Notes,25,exact_text,1.0,7599e781-9980-4e4b-905b-bfdbffa3a270,The Bell Notes,The Bell Notes
Charlie Ryan and the Timberline Riders,25,exact_text,1.0,bb1ab11e-9920-46de-892f-1e2edf0ee634,Charlie Ryan & The Timberline Riders,Charlie Ryan & The Timberline Riders
Duane Eddy and the Rebelettes,25,exact_text,1.0,56eec504-6b8b-4689-9931-14849b57a785,Duane Eddy & The Rebelettes,Duane Eddy & The Rebelettes
Don Covay,25,exact_text,1.0,8b98f267-a203-4e69-a6cb-996d4cfecaf7,Don Covay,Don Covay
Allan Sherman,25,exact_text,1.0,c8abe225-1f22-4c1e-a644-4d86c33d43f7,Allan Sherman,Allan Sherman
Little Johnny Taylor,25,exact_text,1.0,34a64435-d0ac-46cb-8fe0-a0e624dd9c1a,Little Johnny Taylor,Little Johnny Taylor
Them,25,exact_text,1.0,dbd8e1e8-b3d5-4c5f-9343-bbe5e86380a6,Them,Them
Crispian St. Peters,25,exact_text,1.0,4347a90b-5969-4b84-9062-55dee8d312ed,Crispian St. Peters,Crispian St. Peters
The Left Banke,25,exact_text,1.0,b5c4dbf3-95da-4d3a-8a37-94bc50b8e7a7,The Left Banke,The Left Banke
The Brotherhood Of Man,25,exact_normalized,1.0,d9581fbb-e1d1-4353-b2b8-033ddaf4f40c,Brotherhood of Man,Brotherhood of Man
Ten Years After,25,exact_text,1.0,73faa89a-ee00-4e40-b68e-80e4891dbc45,Ten Years After,Ten Years After
Michael Nesmith & The First National Band,25,exact_text,1.0,ebbcd8e8-4c7d-467a-b761-d5fb391c8baf,Michael Nesmith & The First National Band,Michael Nesmith & The First National Band
Brewer And Shipley,25,exact_text,1.0,a6fc09b9-74b7-48c1-9cc6-7889ec902abc,Brewer & Shipley,Brewer & Shipley
Graham Central Station,25,exact_text,1.0,e11c5e9a-8b3a-44c2-9a71-b7a00b5fb8d5,Graham Central Station,Graham Central Station
Thin Lizzy,25,exact_text,1.0,6a726ac6-019e-455c-8bbb-571a77bed52e,Thin Lizzy,Thin Lizzy
Smokie,25,exact_text,1.0,165e2705-abf7-4f1b-8971-4ceed8769c4d,Smokie,Smokie
Gary Numan,25,exact_text,1.0,6cb79cb2-9087-44d4-828b-5c6fdff2c957,Gary Numan,Gary Numan
Delbert McClinton,25,exact_text,1.0,d0a2f884-96a6-4f21-9f20-0893fd34a55a,Delbert McClinton,Delbert McClinton
Donald Fagen,25,exact_text,1.0,70047e57-0153-4117-b0fc-a1d2e322e5ef,Donald Fagen,Donald Fagen
Musical Youth,25,exact_text,1.0,1a3e7a10-72ed-4591-a363-c1e3bc92fc09,Musical Youth,Musical Youth
Re-flex,25,fuzzy,0.9231,d4bdc7e1-d287-4f88-b9c3-ad9f74964629,Re‐Flex,Re‐Flex
Divinyls,25,exact_text,1.0,01d8f486-874f-4914-a455-48446b7de51d,Divinyls,Divinyls
Brenda Russell Featuring Joe Esposito,25,exact_text,1.0,47ab22b9-95cb-4920-aa54-7756113e69f7,Brenda Russell,Brenda Russell
The Jeff Healey Band,25,exact_text,1.0,9fac4087-8201-4b74-a619-e77b1602aaf4,The Jeff Healey Band,The Jeff Healey Band
Jive Bunny & The Mastermixers,25,exact_text,1.0,fc8e4da5-8a8c-4c7c-b999-2a9b7a093037,Jive Bunny & the Mastermixers,Jive Bunny & the Mastermixers
Kyper,25,exact_text,1.0,ef8f208b-bb0d-4b68-8ffb-3701a2bea39f,Kyper,Kyper
The Adventures Of Stevie V,25,exact_normalized,1.0,6500ea06-c13b-4bbe-8a48-65c2fddfdc21,Adventures of Stevie V,Adventures of Stevie V
Icy Blu,25,exact_text,1.0,68f7e6aa-3d7d-49fe-9875-8ab952e31fb6,Icy Blu,Icy Blu
Kym Sims,25,exact_text,1.0,2316301b-d675-427e-9d1e-97ab8bbed964,Kym Sims,Kym Sims
Nice & Smooth,25,exact_text,1.0,e0af5e8b-403c-4059-bd83-5ae037b391b7,Nice & Smooth,Nice & Smooth
RuPaul,25,exact_text,1.0,15257a48-d9f6-4fd1-b30e-323576b15aca,RuPaul,RuPaul
Luniz,25,exact_text,1.0,a8863d65-6f1e-43b0-b480-7dd85fd8339e,Luniz,Luniz
Jennifer Paige,25,exact_text,1.0,cb710d10-1b85-498e-814c-59c8c5939730,Jennifer Paige,Jennifer Paige
Len,25,exact_text,1.0,f7f4c28d-2a57-4c44-a74d-112105bbeaeb,LEN,LEN
Lou Bega,25,exact_text,1.0,64f9c914-74a0-4f6b-8589-6261851b0ab9,Lou Bega,Lou Bega
Common,25,exact_text,1.0,c0a1179b-b14a-4d68-a3c1-1fdab16ed602,Common,Common
Trillville Featuring Cutty,25,exact_text,1.0,eaf324ca-ea0e-4f1f-8418-658b384b399a,Trillville,Trillville
AFI,25,exact_text,1.0,1c3919b2-43ca-4a4a-935d-9d50135ec0ef,AFI,AFI
Augustana,25,exact_text,1.0,919ccb96-12da-48f5-bd91-ec410d956048,Augustana,Augustana
Colby O'Donis Featuring Akon,25,fuzzy,0.96,d71c2b20-616a-4bb8-a848-e6edac412c3b,Colby O’Donis,Colby O’Donis
Cassadee Pope,25,exact_text,1.0,4b714531-2c81-48d2-b134-4197f820caa1,Cassadee Pope,Cassadee Pope
Sage The Gemini Featuring IamSu!,25,exact_text,1.0,c211af3d-65e0-46a7-ac49-6c84837a0d16,Sage the Gemini,Sage the Gemini
Milky Chance,25,exact_text,1.0,6d230d98-fb8d-4421-a6e8-daca4e55d53e,Milky Chance,Milky Chance
Mr. Probz,25,exact_text,1.0,9bb64b8f-d7a4-4fc0-954f-9c9e9d7b3bc3,Mr. Probz,Mr. Probz
Ayo & Teo,25,exact_text,1.0,eb4d0e06-6a69-4f5e-994c-68bcf08acb23,Ayo & Teo,Ayo & Teo
Jacquees,25,exact_text,1.0,1def2cdc-a6ec-4972-8614-204e13301650,Jacquees,Jacquees
BlocBoy JB Featuring Drake,25,exact_text,1.0,a62e2b14-812a-41a1-884d-5a138705ad2d,BlocBoy JB,BlocBoy JB
Rich The Kid,25,exact_text,1.0,6d063567-dbf9-4b2a-bd11-1a4450cd93ca,Rich the Kid,Rich the Kid
Flipp Dinero,25,exact_text,1.0,ab0a4c4f-3e0d-4681-b480-c05575a4919a,Flipp Dinero,Flipp Dinero
YK Osiris,25,exact_text,1.0,cf96bc6b-8f85-4d4e-b4a6-63f74f4802d1,YK Osiris,YK Osiris
Niko Moon,25,exact_text,1.0,39ad6072-5807-44d9-85f8-0a31bf9c3561,Niko Moon,Niko Moon
Ritt Momney,25,exact_text,1.0,5db6354e-6669-4510-ae61-66fe35340449,Ritt Momney,Ritt Momney
Farruko,25,exact_text,1.0,d2b3524f-67e8-45ef-bfc1-693cac525135,Farruko,Farruko
Maneskin,25,exact_text,1.0,3862342a-43c4-4cdb-8250-bfdbfb5e1419,Måneskin,Måneskin
Brent Faiyaz,25,exact_text,1.0,201412c6-7ced-472b-87a9-9259ec3c07d3,Brent Faiyaz,Brent Faiyaz
Mark Ambor,25,exact_text,1.0,483e1216-3eb3-4996-a45d-55f6169689a0,Mark Ambor,Mark Ambor
Mariah the Scientist,25,exact_text,1.0,5fc55ebf-21bd-4eda-954c-dd250132331e,Mariah the Scientist,Mariah the Scientist
Danny & The Juniors,24,exact_text,1.0,93df1072-9d44-4aaf-a46d-ba53a097b287,Danny & the Juniors,Danny & the Juniors
Chris Kenner,24,exact_text,1.0,3548a0ec-9093-4bb5-81cc-8a4190bba793,Chris Kenner,Chris Kenner
Love,24,exact_text,1.0,34ec9a8d-c65b-48fd-bcdd-aad2f72fdb47,Love,Love
Bobby Hebb,24,exact_text,1.0,d21d85ff-c0d5-4c50-a1be-93438e5d7c60,Bobby Hebb,Bobby Hebb
Mitch Ryder,24,exact_text,1.0,b1d8fd63-45b2-4f13-a369-78b0a91eb7d3,Mitch Ryder,Mitch Ryder
The Irish Rovers,24,exact_text,1.0,500d2b10-b0fb-4615-a1a6-fa226a620d32,The Irish Rovers,The Irish Rovers
Barbara Acklin,24,exact_text,1.0,84e7608b-c16d-4395-9cc2-89f41854f5f9,Barbara Acklin,Barbara Acklin
The Chambers Brothers,24,exact_text,1.0,5c51de66-d15e-48ed-9402-0f17ba2dfc52,The Chambers Brothers,The Chambers Brothers
Spirit,24,exact_text,1.0,ca5db97b-ba17-4e85-a876-46065e2052b3,Spirit,Spirit
Free,24,exact_text,1.0,6cb5d1ca-03ce-4656-92f5-bf35f53d1582,Free,Free
Graham Nash,24,exact_text,1.0,2ed8ecda-5bb9-4d9f-8c99-0bf9b85b3624,Graham Nash,Graham Nash
The Nite-Liters,24,exact_text,1.0,4f1245ce-8492-4b8e-9863-0eb94637b28a,The Nite-Liters,The Nite-Liters
Coven,24,exact_text,1.0,47da0bf2-983a-4df9-ad7f-1afb7295a4de,Coven,Coven
Joey Heatherton,24,exact_text,1.0,501e6125-787b-451c-bdb0-ce6652d60d30,Joey Heatherton,Joey Heatherton
Rick Nelson And The Stone Canyon Band,24,exact_text,1.0,bad7ea95-9be8-4852-ab8c-eb39fa83798e,Rick Nelson & The Stone Canyon Band,Rick Nelson & The Stone Canyon Band
Barbara Fairchild,24,exact_text,1.0,19ae1de4-1b15-45a0-9104-2d489a2df1cf,Barbara Fairchild,Barbara Fairchild
Focus,24,exact_text,1.0,821e11d6-cfec-44a7-9615-06a4e631c975,Focus,Focus
First Class,24,exact_text,1.0,490f76ca-d6b4-4729-8889-7b97d48373c9,First Class,First Class
Frank Zappa,24,exact_text,1.0,e20747e7-55a4-452e-8766-7b985585082d,Frank Zappa,Frank Zappa
Labelle,24,exact_text,1.0,875074d3-6458-47b4-b515-f7ecda93bd8d,LaBelle,LaBelle
Robin Gibb,24,exact_text,1.0,71bcb5be-394c-4c04-bb38-35982e8a94d3,Robin Gibb,Robin Gibb
Change,24,exact_text,1.0,9974d324-3d58-4f93-812b-41eb3ca75eed,Change,Change
Pia Zadora,24,exact_text,1.0,afa923ab-bd12-471f-b996-c2af179af4bd,Pia Zadora,Pia Zadora
After The Fire,24,exact_text,1.0,3edac1c5-19cd-4cd4-bd7c-bf38d0efdcd8,After the Fire,After the Fire
Pseudo Echo,24,exact_text,1.0,dc1492bc-2aab-4c59-92bc-2b030f781a05,Pseudo Echo,Pseudo Echo
The Kane Gang,24,exact_text,1.0,4adab590-3fc8-4589-880b-f63cd98f1499,The Kane Gang,The Kane Gang
Love And Rockets,24,exact_text,1.0,8cb3aa4a-3b4c-48b8-be0a-e57010fc1430,Love and Rockets,Love and Rockets
Mellow Man Ace,24,exact_text,1.0,eb37b2c4-94bd-4d8f-8b73-8efdcec51013,Mellow Man Ace,Mellow Man Ace
Mary Chapin Carpenter,24,exact_text,1.0,ba1bf556-2af2-4772-835f-ed2e15070758,Mary Chapin Carpenter,Mary Chapin Carpenter
Gang Starr,24,exact_text,1.0,9ef8042a-2528-4f5c-b7c1-5e72b1efe170,Gang Starr,Gang Starr
Hole,24,exact_text,1.0,1dcc8968-f2cd-441c-beda-6270f70f2863,Hole,Hole
Capleton,24,exact_text,1.0,93dda03d-c1d3-42c2-80b0-fa71bc20262b,Capleton,Capleton
Kenny Lattimore,24,exact_text,1.0,34e6869f-c666-4999-b645-113f74a6e5d9,Kenny Lattimore,Kenny Lattimore
Cleopatra,24,exact_text,1.0,4ba0de0f-5f87-4071-b3bd-3d4e11c91c05,Cleopatra,Cleopatra
Sonique,24,exact_text,1.0,e8b37da4-6cb2-4641-ab53-da42f02fbdfb,Sonique,Sonique
SoulDecision Featuring Thrust,24,exact_text,1.0,e01482f5-8865-4d25-b2f5-0ebfdf53d96c,soulDecision,soulDecision
Kandi,24,exact_text,1.0,888f7e18-2a96-4f2e-8320-08ff4330b442,Kandi,Kandi
Nappy Roots,24,exact_text,1.0,01b64e1d-1e61-4482-b34a-cdb6d2a47f8d,Nappy Roots,Nappy Roots
N.O.R.E.,24,exact_text,1.0,812d3015-2f4c-4fa7-bd7d-30ec4beb2c82,N.O.R.E.,N.O.R.E.
Lil' Kim Featuring 50 Cent,24,exact_text,1.0,bc1b5c95-e6d6-46b5-957a-5e8908b02c1e,Lil’ Kim,Lil’ Kim
Cassidy Featuring R. Kelly,24,exact_text,1.0,32090ac9-6e46-47c5-b9ce-69c504a4a7bc,Cassidy,Cassidy
Bow Wow Featuring Omarion,24,exact_text,1.0,6fd44ae7-097d-4979-94ba-5dfc40d9f7ad,Bow Wow,Bow Wow
Bubba Sparxxx Featuring Ying Yang Twins & Mr. ColliPark,24,exact_text,1.0,28438dd9-6244-4627-aa42-f9749c4fde08,Bubba Sparxxx,Bubba Sparxxx
O.A.R.,24,exact_text,1.0,16aae9fa-d8f7-4e2c-a907-44aee1ad67fc,O.A.R.,O.A.R.
Diddy - Dirty Money Featuring Skylar Grey,24,exact_text,1.0,480cdd78-e54e-4518-9ec9-572a62d7e1e1,Diddy – Dirty Money,Diddy – Dirty Money
Skrillex Featuring Sirah,24,exact_text,1.0,ae002c5d-aac6-490b-a39a-30aa9e2edf2b,Skrillex,Skrillex
Tinashe Featuring ScHoolboy Q,24,exact_text,1.0,396a9525-0994-4542-b480-c4587feeb476,Tinashe,Tinashe
Gene Autry,24,exact_text,1.0,675b7627-6b5d-4a46-a728-785cb24a299e,Gene Autry,Gene Autry
Duncan Laurence,24,exact_text,1.0,20faff08-d3b7-45ca-a8aa-a85f6bb9eb78,Duncan Laurence,Duncan Laurence
Addison Rae,24,exact_text,1.0,610b71d9-fa78-47d6-9073-083922e73840,Addison Rae,Addison Rae
Kalin Twins,23,exact_text,1.0,d385fd04-0656-4873-8490-0b469f1f0b4a,Kalin Twins,Kalin Twins
Dale Hawkins,23,exact_text,1.0,6517f833-742a-48a0-a30a-32980c442074,Dale Hawkins,Dale Hawkins
Carl Mann,23,exact_text,1.0,1630f57d-20af-4239-a3e3-709cf01840e2,Carl Mann,Carl Mann
Mitchell Torok,23,exact_text,1.0,43c86bfe-e3d2-427d-9efe-628b02bddb6a,Mitchell Torok,Mitchell Torok
Maurice Williams & The Zodiacs,23,exact_text,1.0,63ba47cd-3a9e-42e8-bf31-df0db673bccc,Maurice Williams & the Zodiacs,Maurice Williams & the Zodiacs
Ketty Lester,23,exact_text,1.0,75a67f04-d582-44b3-980c-e77bfd2f6dfb,Ketty Lester,Ketty Lester
Buck Owens,23,exact_text,1.0,13cb0fb4-7f7f-4116-a282-905c675c39ef,Buck Owens,Buck Owens
Arthur Prysock,23,exact_text,1.0,6d7bbe9c-e9de-4057-8d69-bbc09e365ebb,Arthur Prysock,Arthur Prysock
Nancy Sinatra & Lee Hazlewood,23,exact_text,1.0,c51c730d-40fa-41fd-bb2d-2027955db2e0,Nancy Sinatra & Lee Hazlewood,Nancy Sinatra & Lee Hazlewood
The Vanilla Fudge,23,exact_normalized,1.0,96ad1836-0a6e-423f-a2af-0f4a64a325ca,Vanilla Fudge,Vanilla Fudge
Big Brother And The Holding Company,23,exact_text,1.0,3cf5a3be-25ef-4408-98fe-e66fee536be1,Big Brother & the Holding Company,Big Brother & the Holding Company
Joe South and The Believers,23,exact_text,1.0,0254ae5f-2456-4fdf-9fab-24871f77ec34,Joe South & The Believers,Joe South & The Believers
Steam,23,exact_text,1.0,7c1bfa64-9ff6-4b3f-a5aa-610298b76a55,Steam,Steam
The Marmalade,23,exact_normalized,1.0,b15f5684-f132-43a1-a577-f7f7986b31a0,Marmalade,Marmalade
Sammi Smith,23,exact_text,1.0,0992bca3-a7ec-4cd6-9681-b37bbb680fc0,Sammi Smith,Sammi Smith
Humble Pie,23,exact_text,1.0,696989bc-c9a8-4ba8-a99b-b8015dba577f,Humble Pie,Humble Pie
Timmy Thomas,23,exact_text,1.0,7e092d19-6726-4b9a-a879-157065833481,Timmy Thomas,Timmy Thomas
Rick Derringer,23,exact_text,1.0,9259284f-5f4e-4c77-ab33-faa5d8bed31b,Rick Derringer,Rick Derringer
Emmylou Harris,23,exact_text,1.0,35ef61ca-43db-4772-ba27-0489e9ebcb69,Emmylou Harris,Emmylou Harris
Head East,23,exact_text,1.0,1f6fdb90-95a2-419e-9994-b406d562caac,Head East,Head East
Dr. Buzzard's Original Savannah Band,23,fuzzy,0.9855,3fb11c9d-aafe-4af7-b03f-2324d012fac1,Dr. Buzzard’s Original Savannah Band,Dr. Buzzard’s Original Savannah Band
Lee Ritenour,23,exact_text,1.0,0c361ea5-98c6-4947-900b-201833f2dd84,Lee Ritenour,Lee Ritenour
Skyy,23,exact_text,1.0,b2f67427-807b-4ff5-9fc0-51364b8faec3,Skyy,Skyy
Kajagoogoo,23,exact_text,1.0,7bc51021-6a84-4a04-ada3-0541615a97bc,Kajagoogoo,Kajagoogoo
Big Country,23,exact_text,1.0,b4013ff1-d7ce-4b1a-af6e-e0b19ca7f378,Big Country,Big Country
Nena,23,exact_text,1.0,38bfaa7f-ee98-48cb-acd0-946d7aeecd76,Nena,Nena
Lone Justice,23,exact_text,1.0,778b34b7-736f-45d1-9486-2c9545ea6daa,Lone Justice,Lone Justice
Rene & Angela,23,exact_text,1.0,0ede392f-1c70-454b-9aea-d62bec4c5b6e,René & Angela,René & Angela
Georgio,23,exact_text,1.0,4020ea18-d886-483c-910f-a0e7e039c097,Georgio,Georgio
Traveling Wilburys,23,exact_text,1.0,4387b544-e4d0-4f18-b74e-d4a5ba1582ab,Traveling Wilburys,Traveling Wilburys
Saraya,23,exact_text,1.0,0737d6d6-05c3-48c0-9366-a2eb4183235f,Saraya,Saraya
Kix,23,exact_text,1.0,04a15a94-2a32-4f48-9596-ce3ea14e7d52,KIX,KIX
Oleta Adams,23,exact_text,1.0,d3ffeb64-9d7b-4911-98e5-91ee26005ee9,Oleta Adams,Oleta Adams
Susanna Hoffs,23,exact_text,1.0,75936880-d5bd-47a3-b167-00d67c82a6c5,Susanna Hoffs,Susanna Hoffs
Riff,23,exact_text,1.0,f07c6b7a-9b6d-481d-9958-d95b537c711b,Riff,Riff
EPMD,23,exact_text,1.0,4fa39dc8-c695-4e0e-ba04-92c63d99c9f9,EPMD,EPMD
Grand Puba,23,exact_text,1.0,fabe923b-4c57-4f77-b98a-198bf6ddc1b5,Grand Puba,Grand Puba
Bizarre Inc,23,exact_text,1.0,f72312f7-41ea-4a31-902d-1982eb3eca51,Bizarre Inc,Bizarre Inc
Nuttin' Nyce,23,exact_text,1.0,34794f09-cb13-4164-b745-adc8bdd47232,Nuttin’ Nyce,Nuttin’ Nyce
Blind Melon,23,exact_text,1.0,38c5cdab-5d6d-43d1-85b0-dac41bde186e,Blind Melon,Blind Melon
Intro,23,exact_text,1.0,d20b3a28-9ca9-41b4-8baa-c4f071d3d7d4,Intro,Intro
Redman,23,exact_text,1.0,1f1f6737-b930-46fc-8d25-110bb99f7490,Redman,Redman
Billie Ray Martin,23,exact_text,1.0,c4af6041-f886-491a-81dc-c4c8245c4bd5,Billie Ray Martin,Billie Ray Martin
MoKenStef,23,exact_text,1.0,76696314-41f4-49fa-9085-cd1fea8b5557,MoKenStef,MoKenStef
Republica,23,exact_text,1.0,78b8347b-a1e2-4e36-a917-92d632a62c18,Republica,Republica
"Nicole Featuring Missy ""Misdemeanor"" Elliott & Mocha",23,exact_text,1.0,2adb0ccf-24c5-4b69-85dd-dc5093020db2,Nicole,Nicole
B*Witched,23,exact_text,1.0,2e4c4409-4fdd-4654-a2cf-9a4247f307de,B*Witched,B*Witched
Robbie Williams,23,exact_text,1.0,db4624cf-0e44-481e-a9dc-2142b833ec2f,Robbie Williams,Robbie Williams
Evan And Jaron,23,exact_text,1.0,baa5f18e-3a37-4720-bb44-bc157adb139d,Evan and Jaron,Evan and Jaron
Crazy Town,23,exact_text,1.0,8996b655-fbad-4018-b430-1bd8fab43235,Crazy Town,Crazy Town
Saliva,23,exact_text,1.0,6e650a01-6489-4dc8-85e1-8ec809dd72a2,Saliva,Saliva
Josh Kelley,23,exact_text,1.0,4e5d156b-d8c1-4758-818a-f23f9abd887b,Josh Kelley,Josh Kelley
A Perfect Circle,23,exact_text,1.0,078a9376-3c04-4280-b7d7-b20e158f345d,A Perfect Circle,A Perfect Circle
Lil' Flip Featuring Lea,23,exact_text,1.0,981d39fc-bd00-4cc6-ac67-6410f8b89098,Lil’ Flip,Lil’ Flip
Crossfade,23,exact_text,1.0,79d60c41-8fe0-448c-9bec-3f43c10f860a,Crossfade,Crossfade
Three 6 Mafia Featuring Young Buck & Eightball & MJG,23,exact_text,1.0,a8754ac4-a85e-4f48-a81f-eecd482570ef,Three 6 Mafia,Three 6 Mafia
Plies Featuring Akon,23,exact_text,1.0,72f62a4c-0042-49f6-b4dc-2f5b27dd289f,Plies,Plies
Ca$h Out,23,exact_text,1.0,d5f90fc9-eeb0-4aa2-afc1-7f15eb1aefb0,Ca$h Out,Ca$h Out
Troye Sivan,23,exact_text,1.0,e5712ceb-c37a-4c49-a11c-ccf4e21852d4,Troye Sivan,Troye Sivan
Kesha,23,exact_text,1.0,fab34286-b8e1-4879-bce3-194e1358fbd2,Kesha,Kesha
Lil Tjay,23,exact_text,1.0,d44b92db-dd49-4636-abe8-7c381f90b7aa,Lil Tjay,Lil Tjay
Pooh Shiesty Featuring Lil Durk,23,exact_text,1.0,82cc5b8b-22e8-48e3-9f97-6ab39ac316d6,Pooh Shiesty,Pooh Shiesty
Chloe,23,exact_text,1.0,871ba173-eda6-40f2-9e44-4c9d371a965a,Chloé,Chloé
RAYE Featuring 070 Shake,23,exact_text,1.0,8be564c3-dfba-440b-af8c-4ffbceeef45e,RAYE,RAYE
KATSEYE,23,exact_text,1.0,abbf7d85-9a7f-4a6c-80bd-bf71f2c7d520,KATSEYE,KATSEYE
Ella Fitzgerald,22,exact_text,1.0,54799c0e-eb45-4eea-996d-c4d71a63c499,Ella Fitzgerald,Ella Fitzgerald
Hank Locklin,22,exact_text,1.0,c8d0d74b-80eb-4746-8cea-f5df78b4b90c,Hank Locklin,Hank Locklin
Al Caiola And His Orchestra,22,exact_text,1.0,64c9d4d3-91d3-4f1f-8f21-6312715115fd,Al Caiola & His Orchestra,Al Caiola & His Orchestra
B. Bumble & The Stingers,22,exact_text,1.0,72d32de0-21e3-4bbd-ab88-ebe7cea22dc5,B. Bumble & the Stingers,B. Bumble & the Stingers
The G-Clefs,22,exact_text,1.0,547c44fd-1ef9-4e4a-960b-2e9c3f9b4190,The G-Clefs,The G-Clefs
John D. Loudermilk,22,exact_text,1.0,e5fbd7a7-eaaa-49fa-8512-ac2d1b416011,John D. Loudermilk,John D. Loudermilk
King Curtis And The Noble Knights,22,exact_text,1.0,03093d2a-00af-4adb-a442-da78a96cc170,King Curtis & The Noble Knights,King Curtis & The Noble Knights
The Village Stompers,22,exact_text,1.0,4534485d-0641-45e7-a99e-cd0a40dc7253,The Village Stompers,The Village Stompers
The Serendipity Singers,22,exact_text,1.0,95f1da87-cf65-49e8-8220-07bcc13fae2e,The Serendipity Singers,The Serendipity Singers
J. Frank Wilson and The Cavaliers,22,exact_text,1.0,185e96fd-a8c1-4c30-a7b1-63913cfdc499,J. Frank Wilson and the Cavaliers,J. Frank Wilson and the Cavaliers
Barry McGuire,22,exact_text,1.0,43a5364c-7096-4f9b-ab63-b71d62af52bd,Barry McGuire,Barry McGuire
Syndicate Of Sound,22,exact_normalized,1.0,b7904538-a9cc-48f0-a480-245e8c82030c,The Syndicate of Sound,The Syndicate of Sound
The Electric Prunes,22,exact_text,1.0,8cb8b329-e152-4394-80d0-6aab033ec16c,The Electric Prunes,The Electric Prunes
The Sunshine Company,22,exact_normalized,1.0,09358c64-b935-429b-80ad-821bd2fa2bbb,Sunshine Company,Sunshine Company
Small Faces,22,exact_text,1.0,7771a68c-ef6a-400f-978d-64050d45a54c,Small Faces,Small Faces
Merrilee Rush & The Turnabouts,22,exact_text,1.0,4b5c75da-1001-4011-bf12-defedbe562f2,Merrilee Rush and the Turnabouts,Merrilee Rush and the Turnabouts
Cliff Nobles & Co.,22,exact_text,1.0,d6ac96ca-0cf8-4e1a-a043-43a666eadf40,Cliff Nobles & Co.,Cliff Nobles & Co.
Brooklyn Bridge,22,exact_normalized,1.0,e9f8ef6e-63b5-4507-be0d-f76430ae06c7,The Brooklyn Bridge,The Brooklyn Bridge
Spiral Starecase,22,exact_text,1.0,d73a1607-e300-4c31-a71e-60cc0093a07b,Spiral Starecase,Spiral Starecase
Dusk,22,exact_text,1.0,9a606436-4a89-40e2-82a4-54f167347127,Dusk,Dusk
Mouth & MacNeal,22,exact_text,1.0,81bd336d-3d55-41fa-9a3a-b26fd1c2566b,Mouth & MacNeal,Mouth & MacNeal
Uriah Heep,22,exact_text,1.0,f1548c5b-329e-4036-921c-02213a04b525,Uriah Heep,Uriah Heep
MFSB Featuring The Three Degrees,22,exact_text,1.0,f5e66486-4481-4ebf-b1f9-f87ebabf5897,MFSB,MFSB
Latimore,22,exact_text,1.0,59e33321-b398-4bbc-8923-7a993700fa84,Latimore,Latimore
Minnie Riperton,22,exact_text,1.0,e842abf7-8a63-4602-8879-75958c2884a1,Minnie Riperton,Minnie Riperton
Gary Toms Empire,22,exact_text,1.0,6b22589e-e4ce-40a4-9fac-ab6fd5202237,Gary Toms Empire,Gary Toms Empire
Gallagher And Lyle,22,exact_text,1.0,0876e586-e868-4c79-ab7e-ed418f3e1840,Gallagher & Lyle,Gallagher & Lyle
Outlaws,22,exact_text,1.0,e1a01561-204f-49aa-8e9d-12d5d39564e1,Outlaws,Outlaws
Grace Jones,22,exact_text,1.0,b1c124b3-cf60-41a6-8699-92728c8a3fe0,Grace Jones,Grace Jones
Eruption,22,exact_text,1.0,ead084b1-5d27-4033-a3d1-4df613ca5cce,Eruption,Eruption
Steve Forbert,22,exact_text,1.0,47435d42-7f8d-4288-bdb2-985e3c7f194f,Steve Forbert,Steve Forbert
LeRoux,22,exact_text,1.0,5a90e001-84e3-4169-a72f-7861f92fac6a,LeRoux,LeRoux
Aldo Nova,22,exact_text,1.0,e6bf38dd-d18f-477d-80e5-74b8bf8d98ef,Aldo Nova,Aldo Nova
The Belle Stars,22,exact_text,1.0,62f7a211-0056-45fe-934a-37a388a7356f,The Belle Stars,The Belle Stars
Jan Hammer,22,exact_text,1.0,49afd610-0265-4ab1-9e13-f0cc98e33e1d,Jan Hammer,Jan Hammer
GTR,22,exact_text,1.0,961f8f63-e143-4570-9431-166e3b624287,GTR,GTR
Suzanne Vega,22,exact_text,1.0,cf119120-7df5-47d7-9dec-49f8837a4e40,Suzanne Vega,Suzanne Vega
Ivan Neville,22,exact_text,1.0,5ddbb875-2458-403f-9f7e-1d472d2f8c4b,Ivan Neville,Ivan Neville
De La Soul,22,exact_text,1.0,a8ebde98-7e91-46c7-992c-90039ba42017,De La Soul,De La Soul
Grayson Hugh,22,exact_text,1.0,c878d72d-cccb-4cdf-9626-3e41ee284894,Grayson Hugh,Grayson Hugh
Biz Markie,22,exact_text,1.0,48b48175-5ffd-49a2-88e2-ca84118544ca,Biz Markie,Biz Markie
Curtis Stigers,22,exact_text,1.0,cb2bdb35-2441-44cc-bff4-fa712b4b5969,Curtis Stigers,Curtis Stigers
Saigon Kick,22,exact_text,1.0,4d4965c5-1717-468c-a99b-932eac623eba,Saigon Kick,Saigon Kick
Joan Osborne,22,exact_text,1.0,746916c9-fd36-44e6-823d-03185e596f58,Joan Osborne,Joan Osborne
The Blackout Allstars,22,exact_text,1.0,9358abb2-7429-4fd7-8b8b-182624bda057,The Blackout Allstars,The Blackout Allstars
Christion,22,exact_text,1.0,499a5893-6f45-4a5b-8627-9c2bcfe69ec5,Christión,Christión
Twista,22,exact_text,1.0,0bc858a1-3573-4216-9423-c96dd8c72919,Twista,Twista
Ideal,22,exact_text,1.0,4e3f4f52-968c-43ec-b165-741122d7cc28,Ideal,Ideal
Chad Kroeger Featuring Josey Scott,22,exact_text,1.0,a59edb65-fae2-4344-b77a-5232516d4d7a,Chad Kroeger,Chad Kroeger
Avenged Sevenfold,22,exact_text,1.0,24e1b53c-3085-4581-8472-0b0088d2508c,Avenged Sevenfold,Avenged Sevenfold
Katharine McPhee,22,exact_text,1.0,7473425a-05ff-41d2-b375-9b213b8bbde8,Katharine McPhee,Katharine McPhee
Paula DeAnda Featuring The DEY,22,exact_text,1.0,a92f28a4-ee02-4d95-a685-b505a078faaf,Paula DeAnda,Paula DeAnda
Diddy Featuring Keyshia Cole,22,exact_text,1.0,cabb4fcf-4067-4ba5-908d-76ee66fcf0c6,Diddy,Diddy
Bad Meets Evil Featuring Bruno Mars,22,exact_text,1.0,87f27b14-cbd0-44ea-93a3-6fead5cb45e7,Bad Meets Evil,Bad Meets Evil
Kirko Bangz,22,exact_text,1.0,7e08b1ef-cc96-4b9c-a175-e64aa022bc1d,Kirko Bangz,Kirko Bangz
Passion Pit,22,exact_text,1.0,daeec599-bf5d-4428-994a-e76ba5f86e2f,Passion Pit,Passion Pit
Pentatonix,22,exact_text,1.0,79c67eb5-3851-4b28-bfe0-3adfcd6f58d7,Pentatonix,Pentatonix
Jon Bellion,22,exact_text,1.0,2bd8101a-11c3-42d5-a9bd-6a3b26445f7e,Jon Bellion,Jon Bellion
Marshmello Featuring Khalid,22,exact_text,1.0,301b45a4-b8b9-410e-8344-4b4eaf96691a,Marshmello,Marshmello
lovelytheband,22,exact_text,1.0,60f7b450-59dc-4be7-8b88-383fb4f66322,lovelytheband,lovelytheband
JACKBOYS Featuring Young Thug,22,exact_text,1.0,55814ae1-f5aa-4481-9878-05d9faf98c5a,JACKBOYS,JACKBOYS
BRS Kash,22,exact_text,1.0,99177f6a-9fc2-49a9-a47a-e14b7fb01c83,BRS Kash,BRS Kash
Rauw Alejandro,22,exact_text,1.0,197b70c7-8910-4030-ad03-632d82aa40e3,Rauw Alejandro,Rauw Alejandro
Quavo & TakeOff,22,exact_text,1.0,32b78c0f-d841-4fd9-9be6-833f9024b4b1,Quavo & Takeoff,Quavo & Takeoff
Burna Boy,22,exact_text,1.0,78a19169-ac75-4868-b504-7e2e073118e0,Burna Boy,Burna Boy
Sheb Wooley,21,exact_text,1.0,42b26772-c5a8-4af5-9fbb-d63593a48a29,Sheb Wooley,Sheb Wooley
Louis Prima And Keely Smith,21,exact_text,1.0,94a44b70-dfcf-44d7-a829-8cde96c0ea56,Louis Prima & Keely Smith,Louis Prima & Keely Smith
Jerry Wallace With The Jewels,21,exact_text,1.0,0fe2a570-88a4-465c-b056-a3b22310ba47,Jerry Wallace with The Jewels,Jerry Wallace with The Jewels
Debbie Reynolds,21,exact_text,1.0,d0cd6a06-dc19-4fa8-9664-0d96534ef1db,Debbie Reynolds,Debbie Reynolds
Lolita,21,exact_text,1.0,e9a3c2f7-467e-40b1-bac6-0750e7d5c6d6,Lolita,Lolita
Slim Harpo,21,exact_text,1.0,dcf7b2e3-d3aa-41e4-bba5-40515122f209,Slim Harpo,Slim Harpo
Troy Shondell,21,exact_text,1.0,c5cc2fad-ac7b-4437-bdd5-694b2ba7fc5e,Troy Shondell,Troy Shondell
Kenny Ball and his Jazzmen,21,exact_text,1.0,5e29e3e5-e0f0-495f-84ea-28a83b3e4c63,Kenny Ball & His Jazzmen,Kenny Ball & His Jazzmen
Theola Kilgore,21,exact_text,1.0,954fb9fc-4b6c-4c53-9c40-c461bb8135ac,Theola Kilgore,Theola Kilgore
Kim Weston,21,exact_text,1.0,4189d03a-89a2-4a2e-874a-55f71fb4b3b6,Kim Weston,Kim Weston
Louis Armstrong,21,exact_text,1.0,eea8a864-fcda-4602-9569-38ab446decd6,Louis Armstrong,Louis Armstrong
Los Bravos,21,exact_text,1.0,78357965-ea3e-409b-90e7-8c0dfb116288,Los Bravos,Los Bravos
The Music Explosion,21,exact_text,1.0,033c88a1-d6d3-4654-8a40-e67fc469608e,The Music Explosion,The Music Explosion
Bob Seger System,21,exact_normalized,1.0,c96237ac-9319-4cd7-83eb-a2c14e819c6c,The Bob Seger System,The Bob Seger System
Plastic Ono Band,21,exact_text,1.0,84f81b32-8b3a-4914-9cff-017a52f9d16b,Plastic Ono Band,Plastic Ono Band
The James Gang,21,exact_normalized,1.0,4167b497-1ae5-4502-a8e6-e1546ffbe514,James Gang,James Gang
Skylark,21,exact_text,1.0,749e6353-60d5-45b3-a679-894f486aba44,Skylark,Skylark
Prelude,21,exact_text,1.0,46e8c3f4-bcc5-48cf-ade6-cc071f194428,Prelude,Prelude
The Elton John Band,21,exact_normalized,1.0,6e9199f8-208c-41f9-a176-e5b3dd5a0c76,Elton John Band,Elton John Band
Claudja Barry,21,exact_text,1.0,415ff50e-9f79-4868-9e54-1217e9ec752f,Claudja Barry,Claudja Barry
Patti Smith Group,21,exact_text,1.0,26638df8-ef34-40d1-8d93-616836b72878,Patti Smith Group,Patti Smith Group
Ace Frehley,21,exact_text,1.0,33d700ce-064f-44f6-ab9e-60f9eed0fca1,Ace Frehley,Ace Frehley
J.D. Souther,21,exact_text,1.0,81e2f4b1-4b48-4bdb-9717-4180e0f1ebc2,J.D. Souther,J.D. Souther
Utopia,21,exact_text,1.0,37283116-f2cc-47cb-8806-facd063b564f,Utopia,Utopia
Bernadette Peters,21,exact_text,1.0,87f63ba8-cbdd-49ee-a976-416778f51f43,Bernadette Peters,Bernadette Peters
The John Hall Band,21,exact_text,1.0,bf6f084f-5541-41a3-beae-bcbb7c056779,The John Hall Band,The John Hall Band
Timothy B. Schmit,21,exact_text,1.0,48b7d40e-ab45-444d-a4d3-4d1de0f55b51,Timothy B. Schmit,Timothy B. Schmit
Taco,21,exact_text,1.0,80da83e1-644f-43a7-8db1-143bfd0030d1,Taco,Taco
Deborah Allen,21,exact_text,1.0,c4a20639-20b1-43f8-8267-e9163f60cfee,Deborah Allen,Deborah Allen
Tracey Ullman,21,exact_text,1.0,87d96e5c-7829-4adf-b366-d8ca2065e346,Tracey Ullman,Tracey Ullman
Isley| Jasper| Isley,21,exact_text,1.0,d2ea13e9-5f5e-4166-9c16-71a21d8b3e78,Isley Jasper Isley,Isley Jasper Isley
Alison Moyet,21,exact_text,1.0,79feb79b-8f0d-4306-b30a-e28bd88c9323,Alison Moyet,Alison Moyet
Ta Mara & The Seen,21,exact_text,1.0,bfc52567-dd22-499f-bd7f-6a75a570628f,Ta Mara and The Seen,Ta Mara and The Seen
Billy Vera & The Beaters,21,exact_text,1.0,112af184-678f-4787-9035-a6b17aeb0a3e,Billy Vera & The Beaters,Billy Vera & The Beaters
Eighth Wonder,21,exact_text,1.0,dd6d18bf-56a7-4359-8ef2-28178a3b8c7c,Eighth Wonder,Eighth Wonder
Faster Pussycat,21,exact_text,1.0,357ff05d-848a-44cf-b608-cb34b5701ae5,Faster Pussycat,Faster Pussycat
Concrete Blonde,21,exact_text,1.0,701fc524-b5f2-42f2-9db7-8198cdd6839c,Concrete Blonde,Concrete Blonde
Jomanda,21,exact_text,1.0,0e1843c5-2e0d-48ed-8909-cd95bb1480dc,Jomanda,Jomanda
Blur,21,exact_text,1.0,ba853904-ae25-4ebb-89d6-c44cfbd71bd2,Blur,Blur
Brand Nubian,21,exact_text,1.0,37da13d4-8bbc-41bb-9957-4d94de3d311e,Brand Nubian,Brand Nubian
Scarface,21,exact_text,1.0,7d0b6027-8132-4417-8c4c-ef0bbf9161c0,Scarface,Scarface
12 Gauge,21,exact_text,1.0,2a45629f-d6fc-4be0-8f5b-b7f168618379,12 Gauge,12 Gauge
Dru Down,21,exact_text,1.0,28c82d0b-5b75-4cd7-b58f-dc75613015a2,Dru Down,Dru Down
Myron,21,exact_text,1.0,409d33e2-d548-4342-8faf-506339dbb513,Myron,Myron
Tool,21,exact_text,1.0,66fc5bf8-daa4-4241-b378-9bc9077939d2,Tool,Tool
Cam'Ron Featuring Juelz Santana,21,fuzzy,0.9231,ea6b7199-901d-4c0e-8242-6d7bc2bf62b7,Cam’ron,Cam’ron
Paulina Rubio,21,exact_text,1.0,5938c629-1d06-480b-9780-859b153af11e,Paulina Rubio,Paulina Rubio
Eamon,21,exact_text,1.0,d791111a-9fcc-4ebe-bb16-b785719a642b,Eamon,Eamon
Keane,21,exact_text,1.0,c7020c6d-cae9-4db3-92a7-e5c561cbad50,Keane,Keane
Field Mob Featuring Ciara,21,exact_text,1.0,70634dab-0220-4fce-b4b0-5ea37e7f0e12,Field Mob,Field Mob
Cherish Featuring Sean Paul Of The YoungBloodZ,21,exact_text,1.0,e82500a8-70ce-46ad-a028-b0690420d560,Cherish,Cherish
Corinne Bailey Rae,21,exact_text,1.0,bc85c6f6-6b06-44c1-8754-ef32c1e6b824,Corinne Bailey Rae,Corinne Bailey Rae
OK Go,21,exact_text,1.0,e132d370-2a59-4437-8610-756df28a5a02,OK Go,OK Go
Hellogoodbye,21,exact_text,1.0,3fa7095b-4447-465e-a784-14b07789d7a1,hellogoodbye,hellogoodbye
Orianthi,21,exact_text,1.0,15674cab-ca9c-4704-b15f-c601d2f4409b,Orianthi,Orianthi
The Ready Set,21,exact_text,1.0,3979bb32-59b4-442e-aafa-de4ae2439400,The Ready Set,The Ready Set
Krewella,21,exact_text,1.0,d87475fa-76a1-4e12-962c-fc9941fdda72,Krewella,Krewella
Zendaya,21,exact_text,1.0,5b946a83-b395-4016-b67f-c71690f9a866,Zendaya,Zendaya
KONGOS,21,exact_text,1.0,7bbd2f4c-b5b3-4ed1-92ce-53aef244f00d,Kongos,Kongos
DeJ Loaf,21,exact_text,1.0,7df31657-85eb-45cd-a651-f1cf94bc44b6,DeJ Loaf,DeJ Loaf
Sheppard,21,exact_text,1.0,6390e20f-bacf-474e-954e-5b12da73350e,Sheppard,Sheppard
Jidenna Featuring Roman Gianarthur,21,exact_text,1.0,2bb9df33-7510-437f-8868-801ce21d6a69,Jidenna,Jidenna
iLoveMemphis,21,exact_text,1.0,19329ae2-3ddc-4c51-8377-7c2a04c3fb6d,iLoveMemphis,iLoveMemphis
Maluma,21,exact_text,1.0,e8979f75-9110-4df8-ac70-898898d080d1,Maluma,Maluma
H.E.R.,21,exact_text,1.0,93998e01-ff53-4af7-ba2a-5674adcdf21e,H.E.R.,H.E.R.
Surfaces,21,exact_text,1.0,7442fbfa-00ad-4e3b-8f45-9d2c62786eed,Surfaces,Surfaces
Jung Kook,21,exact_text,1.0,23c8056b-ee13-4cfc-a772-2f5292e35bb5,Jung Kook,Jung Kook
Tems,21,exact_text,1.0,5b2a8faa-ffee-4706-a1a8-58f109bc8ca2,Tems,Tems
Manuel Turizo,21,exact_text,1.0,30a57b7b-47c9-4234-86fd-9b8ff660e7cb,Manuel Turizo,Manuel Turizo
NewJeans,21,exact_text,1.0,49204a7a-ed85-407a-828f-6fd46f1d8126,NewJeans,NewJeans
Kenya Grace,21,exact_text,1.0,94c4459d-4c35-4bc6-8bca-c75107515c1c,Kenya Grace,Kenya Grace
Flo Milli,21,exact_text,1.0,21dab5d7-3bda-4f72-a054-6379729dcb62,Flo Milli,Flo Milli
The Red Clay Strays,21,exact_text,1.0,01930336-bcd2-42f8-8274-7ee6a75bcd0c,The Red Clay Strays,The Red Clay Strays
Djo,21,exact_text,1.0,dc84c3f5-a44c-4a46-bf41-fd1640e3c99d,Djo,Djo
Jordan Adetunji,21,exact_text,1.0,4587105d-7469-480a-9ed5-1513af9a91c9,Jordan Adetunji,Jordan Adetunji
Les Paul And Mary Ford,20,exact_text,1.0,7ee21fe4-f337-4a74-aebf-a69fc91809c5,Les Paul & Mary Ford,Les Paul & Mary Ford
The Tommy Dorsey Orchestra,20,exact_normalized,1.0,54f94b46-ad8c-4719-88ce-061601d5dd7c,Tommy Dorsey Orchestra,Tommy Dorsey Orchestra
Ferlin Husky,20,exact_text,1.0,c2348d06-40cc-4a29-953a-5fb753905844,Ferlin Husky,Ferlin Husky
Ann-Margret,20,fuzzy,0.9524,0d6e57aa-f495-460e-a27a-0d6677070914,Ann‐Margret,Ann‐Margret
Ben Colder,20,exact_text,1.0,4a02cce7-df4b-474c-bd87-e957e082546b,Ben Colder,Ben Colder
Steve & Eydie,20,exact_text,1.0,d138bc4c-0f52-4801-a45b-69e59649ca82,Steve & Eydie,Steve & Eydie
Diane Renay,20,exact_text,1.0,fd4c25a1-1fc1-4299-b2b0-2eadad747f68,Diane Renay,Diane Renay
The Mojo Men,20,exact_normalized,1.0,d0e42112-8f4b-4cbc-b852-27b2ea424c05,Mojo Men,Mojo Men
Shadows Of Knight,20,exact_normalized,1.0,717f62d0-8ba5-44ad-abd0-dce4611269de,The Shadows of Knight,The Shadows of Knight
Darrell Banks,20,exact_text,1.0,0a19f429-888e-4de7-8478-04dca56caf2f,Darrell Banks,Darrell Banks
The Music Machine,20,exact_text,1.0,6117101b-38b1-4281-8f86-03911163bce6,The Music Machine,The Music Machine
Davie Allan And The Arrows,20,exact_text,1.0,203fe086-d93f-4fdb-a563-50a8a05e85f1,Davie Allan & the Arrows,Davie Allan & the Arrows
Oscar Toney| Jr.,20,exact_text,1.0,e7210ab9-0749-4a85-8552-5c3cc56a2d6f,Oscar Toney Jr.,Oscar Toney Jr.
The Human Beinz,20,exact_text,1.0,86c407d6-10ea-4062-9193-233a1bdf1f57,The Human Beinz,The Human Beinz
The Lemon Pipers,20,exact_text,1.0,fd86da6c-c2e2-4792-85c8-b68282da6271,The Lemon Pipers,The Lemon Pipers
Bobby Taylor & The Vancouvers,20,exact_text,1.0,40db9f5b-31ea-424a-aa2a-0cca34a7a233,Bobby Taylor and the Vancouvers,Bobby Taylor and the Vancouvers
The Status Quo,20,exact_normalized,1.0,1884ed9c-6fe1-468d-a7f8-8d19c9c4e441,Status Quo,Status Quo
Matthews' Southern Comfort,20,exact_text,1.0,dcc682d6-f7cb-4863-8a34-aaea25d84e2f,Matthews’ Southern Comfort,Matthews’ Southern Comfort
Hudson and Landry,20,exact_text,1.0,4528d6b2-dd5a-4114-a09e-e0d491547e09,Hudson & Landry,Hudson & Landry
Mandrill,20,exact_text,1.0,697ea2f4-4f79-466a-8c57-29d5455b68bd,Mandrill,Mandrill
Gary Glitter,20,exact_text,1.0,5e05d900-51e0-4dda-81e2-f4c0bd7ed5e6,Gary Glitter,Gary Glitter
Merle Haggard,20,exact_text,1.0,deb2448c-6fdf-4d31-921e-757630515dbd,Merle Haggard,Merle Haggard
Herbie Hancock,20,exact_text,1.0,27613b78-1b9d-4ec3-9db5-fa0743465fdd,Herbie Hancock,Herbie Hancock
The Kiki Dee Band,20,exact_text,1.0,b9ac19b1-a88d-4303-bd8f-e32dac2ae6da,The Kiki Dee Band,The Kiki Dee Band
The Wing And A Prayer Fife & Drum Corps.,20,exact_normalized,1.0,84fe7d6f-927e-4c88-bff1-0f9d40daae08,Wing & A Prayer Fife & Drum Corps,Wing & A Prayer Fife & Drum Corps
Carole Bayer Sager,20,exact_text,1.0,0b7c2cc8-0276-4b23-a538-746ebe4133ce,Carole Bayer Sager,Carole Bayer Sager
Molly Hatchet,20,exact_text,1.0,b69d82f9-ade6-4f45-88e5-953353aad2b3,Molly Hatchet,Molly Hatchet
Don Williams,20,exact_text,1.0,741bd697-e595-4e47-a97d-688b4b9e0df2,Don Williams,Don Williams
Royal Philharmonic Orchestra,20,exact_text,1.0,299597ae-3a20-4bf1-973e-03704af69f6b,Royal Philharmonic Orchestra,Royal Philharmonic Orchestra
Modern English,20,exact_text,1.0,78605d0c-7454-456d-934c-51eb46122566,Modern English,Modern English
Roman Holliday,20,exact_text,1.0,d7ea01c5-1422-4cc2-b2cd-39d676d354fc,Roman Holliday,Roman Holliday
Dwight Twilley,20,exact_text,1.0,07aaebd9-0c37-4a65-80c8-48ae7cc99337,Dwight Twilley,Dwight Twilley
Murray Head,20,exact_text,1.0,071ab0f1-ac3f-48f6-9ee6-11b72eb73e57,Murray Head,Murray Head
Regina,20,fuzzy,0.9091,ada6a121-a1d2-4e6d-9be7-702766986d15,Reina,Reina
Enuff Z'Nuff,20,fuzzy,0.9565,369cbaed-5209-4990-83c9-f8233d6c248b,Enuff Z’Nuff,Enuff Z’Nuff
Chesney Hawkes,20,exact_text,1.0,4d74424b-627d-42dd-ab1b-85f16f10e027,Chesney Hawkes,Chesney Hawkes
Angelica,20,exact_text,1.0,35d44fd6-7b6a-4917-b9ad-f0c0357f417d,Angélica,Angélica
Giggles,20,exact_text,1.0,0e89b81c-b9a2-433a-af89-e974f8002731,Giggles,Giggles
MC Luscious,20,exact_text,1.0,04815574-4d62-464c-92a6-ade9a1fa285e,MC Luscious,MC Luscious
Lidell Townsell,20,exact_text,1.0,0c380fce-55df-40a1-8084-e27b8f344017,Lidell Townsell,Lidell Townsell
L.A. Style,20,exact_text,1.0,c3f71ed3-3780-4fc3-8d3d-247652cceed1,L.A. Style,L.A. Style
Pete Rock & C.L. Smooth,20,exact_text,1.0,cff77480-7ba4-4206-b1a8-e1b98b38f07c,Pete Rock & C.L. Smooth,Pete Rock & C.L. Smooth
k.d. lang,20,exact_text,1.0,675c1c5e-5625-4a5e-97a2-b02aab5db2fc,k.d. lang,k.d. lang
Trey Lorenz,20,exact_text,1.0,95c71d6b-2b4d-498f-bd0e-b26e83a2dcfb,Trey Lorenz,Trey Lorenz
Men At Large,20,exact_text,1.0,8c5e687d-9e4a-4819-86f3-0dc79d041f53,Men at Large,Men at Large
Young Black Teenagers,20,exact_text,1.0,7e18fdb4-5c8a-4f17-bb5b-6578371227c7,Young Black Teenagers,Young Black Teenagers
Captain Hollywood Project,20,exact_text,1.0,524ccca7-a2bf-4ac5-abfa-f0fe5572ecf5,Captain Hollywood Project,Captain Hollywood Project
II D Extreme,20,exact_text,1.0,75872381-0dba-4149-972e-65703654acbc,II D Extreme,II D Extreme
Mista Grimm,20,exact_text,1.0,1df4db13-3370-4e3f-b1d5-a39ed4f274c0,Mista Grimm,Mista Grimm
Culture Beat,20,exact_text,1.0,97c30dea-ca61-4efe-be4c-3d56de7900db,Culture Beat,Culture Beat
Collage,20,exact_text,1.0,39066677-518b-4d7e-93ae-b7c6dc235662,Collage,Collage
Dwight Yoakam,20,exact_text,1.0,0fb711af-c7ba-4bdc-b0b6-b8495fc0a590,Dwight Yoakam,Dwight Yoakam
Eternal,20,exact_text,1.0,7343056e-041e-4b28-a85a-58e8fb975136,Eternal,Eternal
Meat Puppets,20,exact_text,1.0,3df040ee-2b8b-446b-937a-3f86f4b2cabf,Meat Puppets,Meat Puppets
DJ Miko,20,exact_text,1.0,6f16db92-c9be-4048-a728-b94c8b28b173,DJ Miko,DJ Miko
Terror Fabulous Featuring Nadine Sutherland,20,exact_text,1.0,8105e078-9b6e-4552-ba71-d260edb1bf1c,Terror Fabulous,Terror Fabulous
Mad Lion,20,exact_text,1.0,6413f945-5359-4297-b871-da996d2cbdf6,Mad Lion,Mad Lion
Mazzy Star,20,exact_text,1.0,c48d4327-8122-4286-af66-05e1ee6ac4d8,Mazzy Star,Mazzy Star
Fu-Schnickens,20,fuzzy,0.96,22d8f80a-6e2d-41cf-be36-104f5192ffcf,Fu‐Schnickens,Fu‐Schnickens
Harry Connick| Jr.,20,exact_text,1.0,fd23e684-270f-4507-9cb0-a0e0d7854d16,"Harry Connick, Jr.","Harry Connick, Jr."
N2U,20,exact_text,1.0,3dcde94c-33c4-46d8-90b3-8f65fce2ee5f,N2U,N2U
The Flaming Lips,20,exact_text,1.0,1f43d76f-8edf-44f6-aaf1-b65f05ad9402,The Flaming Lips,The Flaming Lips
IV Xample,20,exact_text,1.0,87c3f920-cda8-4ccb-897b-fc962ee2fff9,IV Xample,IV Xample
Rednex,20,exact_text,1.0,64585ad9-a908-422f-b675-8ab7386d5164,Rednex,Rednex
Raphael Saadiq,20,exact_text,1.0,a2eb319d-a45e-43c3-bb14-d0ffb577222c,Raphael Saadiq,Raphael Saadiq
Kut Klose,20,exact_text,1.0,d7b42481-1f7b-4c7f-86df-042049ebddf8,Kut Klose,Kut Klose
Matthew Sweet,20,exact_text,1.0,3fbcd2d3-3d78-470f-9e47-8f4d66da2474,Matthew Sweet,Matthew Sweet
AZ,20,exact_text,1.0,0506bf37-90d7-4654-9585-b4800dc945d5,AZ,AZ
Junior M.A.F.I.A.,20,exact_text,1.0,caeb2680-8d6c-4b7e-b70e-809b2c12e0bd,Junior M.A.F.I.A.,Junior M.A.F.I.A.
The Dove Shack,20,exact_text,1.0,50603af5-8a2f-434a-88e5-c2f6c81a3292,The Dove Shack,The Dove Shack
The Outhere Brothers,20,exact_text,1.0,48461bda-7e92-46f3-aab4-f5cfb787b376,The Outhere Brothers,The Outhere Brothers
Blahzay Blahzay,20,exact_text,1.0,64feaf9d-76e8-4b69-b24b-efc45e6a3f9b,Blahzay Blahzay,Blahzay Blahzay
The Mighty Dub Katz,20,exact_normalized,1.0,9b1ec6bb-6c5b-4e74-b02e-10573e05ac3c,Mighty Dub Katz,Mighty Dub Katz
Selena,20,exact_text,1.0,03746227-c9f9-4b3b-b2c6-9b31f79564f7,Selena,Selena
Folk Implosion,20,exact_normalized,1.0,31722656-e14d-4f3f-8ecb-27cba9ce3a15,The Folk Implosion,The Folk Implosion
Seven Mary Three,20,exact_text,1.0,3fc945b4-bbb8-408a-8c2f-d636441b5dfe,Seven Mary Three,Seven Mary Three
Nonchalant,20,exact_text,1.0,ac803aef-e8f9-401f-bcd1-d255ab8d4df8,Nonchalant,Nonchalant
BoDeans,20,exact_text,1.0,84c38d3a-3400-4c28-b988-90558bb6fae0,BoDeans,BoDeans
Spacehog,20,exact_text,1.0,e9022873-c482-46a0-bb78-33c15fc65b3b,Spacehog,Spacehog
Gravity Kills,20,exact_text,1.0,b8ce9934-9ad5-4817-940c-44277703b0db,Gravity Kills,Gravity Kills
Delinquent Habits,20,exact_text,1.0,3391c453-9ff3-4b80-b756-f4cb2f2edbb8,Delinquent Habits,Delinquent Habits
Crucial Conflict,20,exact_text,1.0,f03b2ac8-8a92-4834-a7b4-682e1bfb2240,Crucial Conflict,Crucial Conflict
Amanda Marshall,20,exact_text,1.0,6f1f4bb7-5253-4524-b4db-6a0a7f3cb4c5,Amanda Marshall,Amanda Marshall
Leah Andreone,20,exact_text,1.0,094947fb-b21c-4ea3-8182-a8634ff3ec6f,Leah Andreone,Leah Andreone
Foxy Brown Featuring Jay-Z,20,exact_text,1.0,9a0038da-314c-4cfa-a320-9a620d20cf34,Foxy Brown,Foxy Brown
White Town,20,exact_text,1.0,b9068fde-91c8-48bf-8655-8d74c24ef4c5,White Town,White Town
Mr. President,20,exact_text,1.0,6255d25c-8231-4ff5-9b49-e26d760d6466,Mr. President,Mr. President
4.0,20,exact_text,1.0,cc070f24-fdf7-4846-b2c7-f0bc54eb8e48,4.0,4.0
Milestone,20,exact_text,1.0,ee28c675-e37c-440b-8f7d-1e386c2d0b70,Milestone,Milestone
Imani Coppola,20,exact_text,1.0,b1b47948-6b3a-427a-9951-1c3be8a2e4dc,Imani Coppola,Imani Coppola
Fiona Apple,20,exact_text,1.0,a9ee533f-8871-4f62-a6bb-91eb264abc90,Fiona Apple,Fiona Apple
Gary Barlow,20,exact_text,1.0,c999fc02-ab9a-4f4c-a0e7-98ff8325ffb5,Gary Barlow,Gary Barlow
K.P. & Envyi,20,exact_text,1.0,42288b9b-8c11-4816-986a-7de8f2bce8e1,K.P. & Envyi,K.P. & Envyi
Militia,20,exact_text,1.0,5972bb8e-6cdc-40bb-acc0-a427af481e75,Militia,Militia
Loreena McKennitt,20,exact_text,1.0,c1e5344e-1bff-4727-9417-a4f55e41b5ff,Loreena McKennitt,Loreena McKennitt
New Radicals,20,exact_text,1.0,09a6ae88-7589-4ab2-b10c-dd50ebd526a0,New Radicals,New Radicals
Joey McIntyre,20,exact_text,1.0,47e4eef9-8ac8-4f25-9da5-d15414228718,Joey McIntyre,Joey McIntyre
Orgy,20,exact_text,1.0,5bb2a9c8-3505-4c45-9717-19f0f8f35425,Orgy,Orgy
Jordan Knight,20,exact_text,1.0,3aa1d833-e4a6-48e0-9f32-47b661792aca,Jordan Knight,Jordan Knight
Lit,20,exact_text,1.0,5ccb9a53-092d-4806-b337-470a582893d7,Lit,Lit
IMx,20,exact_text,1.0,ccb67731-a1ad-4bb1-a5f7-5a72fa5a5105,iMX,iMX
Rage Against the Machine,20,exact_text,1.0,3798b104-01cb-484c-a3b0-56adc6399b80,Rage Against the Machine,Rage Against the Machine
Kevon Edmonds,20,exact_text,1.0,10d716c8-d564-4db7-a2a0-12081c5124dd,Kevon Edmonds,Kevon Edmonds
Eiffel 65,20,exact_text,1.0,6ee7a715-e0c0-46d0-a215-2e17001699fc,Eiffel 65,Eiffel 65
Sammie,20,exact_text,1.0,3ee95be0-a86c-4354-938d-faff8aec4e2d,Sammie,Sammie
Westlife,20,exact_text,1.0,5f000e69-3cfd-4871-8f1b-faa7f0d4bcbc,Westlife,Westlife
Alice Deejay,20,exact_text,1.0,76bee0a6-10fc-416c-a8fd-d9c91ee9642c,Alice DeeJay,Alice DeeJay
Madison Avenue,20,exact_text,1.0,04f730ea-5699-496b-83ec-c0d5db434b7c,Madison Avenue,Madison Avenue
Baha Men,20,exact_text,1.0,00f82af1-6537-4d4b-9e03-103fffe19999,Baha Men,Baha Men
Yolanda Adams,20,exact_text,1.0,4fac8f5d-0e44-4efa-b518-7f8a8f02c162,Yolanda Adams,Yolanda Adams
Profyle,20,exact_text,1.0,bff8b4fc-38e4-447b-b231-873003c82d6a,Profyle,Profyle
Sarina Paris,20,exact_text,1.0,87fb1e5a-6ed4-4683-949c-f70fa5eba1d1,Sarina Paris,Sarina Paris
Azul Azul,20,exact_text,1.0,9f59a530-6d6e-4f73-801b-5439e1a33c92,Azul Azul,Azul Azul
Erick Sermon Featuring Marvin Gaye,20,exact_text,1.0,7fdb6168-64a8-4b5a-9a6a-e39803e4aec1,Erick Sermon,Erick Sermon
Alien Ant Farm,20,exact_text,1.0,8ac6cc32-8ddf-43b1-9ac4-4b04f9053176,Alien Ant Farm,Alien Ant Farm
KeKe Wyatt Featuring Avant,20,exact_text,1.0,32c38fdf-bb6c-4773-b80e-3703d48cdff1,Keke Wyatt,Keke Wyatt
Tommy Shane Steiner,20,exact_text,1.0,0a53342c-f875-4c34-bf48-3246b28afcee,Tommy Shane Steiner,Tommy Shane Steiner
Truth Hurts Featuring Rakim,20,exact_text,1.0,c42d7b98-e57f-4ff2-86f2-bc77b51d3c1e,Truth Hurts,Truth Hurts
Dirty Vegas,20,exact_text,1.0,75df1c98-2075-494f-9612-b87513f0e50c,Dirty Vegas,Dirty Vegas
Our Lady Peace,20,exact_text,1.0,78661da3-894c-4947-a34b-fb7edf585d9b,Our Lady Peace,Our Lady Peace
t.A.T.u.,20,exact_text,1.0,7c20f558-d664-42bd-b6f1-81acf9dbb72d,t.A.T.u.,t.A.T.u.
Floetry,20,exact_text,1.0,bd74fb1e-9cc5-46d2-ac64-d44c358db201,Floetry,Floetry
Lumidee,20,exact_text,1.0,0fc6441d-ee08-4088-8a70-1d6ed2ad5a35,Lumidee,Lumidee
Kimberley Locke,20,exact_text,1.0,45c70955-7e38-4a76-9a74-1a3d7f07d792,Kimberley Locke,Kimberley Locke
311,20,exact_text,1.0,bf600e2b-dc2d-4839-a1be-6ebef4087cd0,311,311
Lloyd Banks,20,exact_text,1.0,8a6ccf62-b8fa-46d7-87df-f2dd14e6280d,Lloyd Banks,Lloyd Banks
Jadakiss Featuring Anthony Hamilton,20,exact_text,1.0,83735edd-f2a3-41d0-a31d-652bc3cadb3e,Jadakiss,Jadakiss
Lil Scrappy,20,exact_text,1.0,77fafce8-a32f-4d42-bdce-266bbf913cee,Lil Scrappy,Lil Scrappy
Rupee,20,exact_text,1.0,72cbb076-2053-4649-ba52-eb4fe8826dd0,Rupee,Rupee
The Click Five,20,exact_text,1.0,160b2ff0-bdb1-47b0-9a2d-f93731c813ce,The Click Five,The Click Five
Trina Featuring Kelly Rowland,20,exact_text,1.0,8a07d810-3d55-4426-a1f6-55f0a68f1dc6,Trina,Trina
Matisyahu,20,exact_text,1.0,e8993e9d-9313-4447-ad23-791459a3790d,Matisyahu,Matisyahu
Teddy Geiger,20,exact_text,1.0,e54820fc-02c2-46be-ab4c-593dfd63dc44,Teddy Geiger,Teddy Geiger
Saving Jane,20,exact_text,1.0,31448e1e-baa0-4792-a6cd-c45b82ebb51f,Saving Jane,Saving Jane
Fort Minor Featuring Holly Brook,20,exact_text,1.0,e1564e98-978b-4947-8698-f6fd6f8b0181,Fort Minor,Fort Minor
Jibbs,20,exact_text,1.0,4036bf23-2b69-4be9-a285-e89677ab49bb,Jibbs,Jibbs
Heartland,20,exact_text,1.0,58783afa-0186-4807-9e5d-40b339fde51e,Heartland,Heartland
Down A.K.A. Kilo,20,fuzzy,0.9286,f93c90c6-ac75-4d11-a163-1d9f3f980533,Down AKA Kilo,Down AKA Kilo
Kat DeLuna Featuring Elephant Man,20,exact_text,1.0,ddd4c4bc-a4ae-4946-b59c-a86aea7fa4f0,Kat DeLuna,Kat DeLuna
Enur Featuring Natasja,20,exact_text,1.0,4062025b-e1a7-4413-adc4-0236d6155dc0,Enur,Enur
Flyleaf,20,exact_text,1.0,9011971a-df29-4b57-8889-2e5e9a645cbe,Flyleaf,Flyleaf
Flobots,20,exact_text,1.0,7892c869-1e2b-4b38-8540-4caff7dd2b49,Flobots,Flobots
Duffy,20,exact_text,1.0,2c4dae8c-e591-49e0-9c5a-62b310a15788,Duffy,Duffy
Rehab,20,exact_text,1.0,a5e831b0-12b2-40cf-9d85-313c10a84a6b,Rehab,Rehab
M.I.A.,20,exact_text,1.0,7cf0ea9d-86b9-4dad-ba9e-2355a64899ea,M.I.A.,M.I.A.
Savage Featuring Soulja Boy Tell'em,20,fuzzy,0.9231,9dd356dd-7127-4d82-9ca0-7ec9b6c6b6a1,Salvage,Salvage
Miranda Cosgrove,20,exact_text,1.0,75285014-bdd1-4ca2-81c9-c6c642bfdec7,Miranda Cosgrove,Miranda Cosgrove
The Lonely Island Featuring T-Pain,20,exact_text,1.0,028e1863-cab4-4a3d-9dd9-91c682c91005,The Lonely Island,The Lonely Island
Dorrough,20,exact_text,1.0,ab55429e-23c7-4702-a84c-026df5758145,Dorrough,Dorrough
Michael Franti & Spearhead Featuring Cherine Anderson,20,exact_text,1.0,e23eac42-f904-47da-8599-823ff431bea4,Michael Franti & Spearhead,Michael Franti & Spearhead
Jaron And The Long Road To Love,20,exact_text,1.0,94a9968c-dd65-472d-be0f-5ac4adb15268,Jaron and the Long Road to Love,Jaron and the Long Road to Love
Cali Swag District,20,exact_text,1.0,b26ddbb6-a066-4b1c-be18-aed6ef6cba9b,Cali Swag District,Cali Swag District
Tinie Tempah Featuring Eric Turner,20,exact_text,1.0,3cce3d37-d44f-46a2-b1e3-cd7247d5015c,Tinie Tempah,Tinie Tempah
Afrojack Featuring Eva Simons,20,exact_text,1.0,a3ee920f-4e7f-4993-8aca-4b8538cfaa4a,Afrojack,Afrojack
Alexandra Stan,20,exact_text,1.0,70e6fee5-36b1-4cdb-b573-2132f9566dad,Alexandra Stan,Alexandra Stan
Dev,20,exact_text,1.0,7cc04f00-4c8f-40ea-894c-5f65777b3575,DEV,DEV
Breathe Carolina,20,exact_text,1.0,0509d076-7e31-4f53-bad3-80ee246e23b7,Breathe Carolina,Breathe Carolina
Outasight,20,exact_text,1.0,dc4b3fb1-8e03-4a81-96f9-e7f8a8e05be7,Outasight,Outasight
Grouplove,20,exact_text,1.0,d8e41375-bd8d-4e39-9da7-f0c171e97086,Grouplove,Grouplove
M83.,20,exact_text,1.0,6d7b7cd4-254b-4c25-83f6-dd20f98ceacd,M83,M83
Olly Murs Featuring Flo Rida,20,exact_text,1.0,0b108024-ccb5-468f-b2e9-77ed4f5615c6,Olly Murs,Olly Murs
Baauer,20,exact_text,1.0,61a54a1e-3fa1-4ccc-bfc2-86c1a27e27de,Baauer,Baauer
Ace Hood Featuring Future & Rick Ross,20,exact_text,1.0,986ee464-cf8a-4e59-a71f-74756102067f,Ace Hood,Ace Hood
Emeli Sande,20,exact_text,1.0,7cfaac66-62e5-4fcd-af1b-9d3aa8f68e8b,Emeli Sandé,Emeli Sandé
Little Mix,20,exact_text,1.0,38f59974-2f4d-4bfa-b2e3-d2696de1b675,Little Mix,Little Mix
Rocko Featuring Future & Rick Ross,20,exact_text,1.0,0dc215ac-3186-474a-aab5-443f7168fcc8,Rocko,Rocko
Danielle Bradbery,20,exact_text,1.0,efe7d853-d381-4887-be9b-dec26ff27705,Danielle Bradbery,Danielle Bradbery
August Alsina Featuring Trinidad James,20,exact_text,1.0,7c24178a-8658-4e7f-889f-82013f8fd3f6,August Alsina,August Alsina
Sevyn Streeter Featuring Chris Brown,20,exact_text,1.0,ec3e1298-23c5-4c39-bb2b-ae6a588afdeb,Sevyn Streeter,Sevyn Streeter
Arctic Monkeys,20,exact_text,1.0,ada7a83c-e3e1-40f1-93f9-3e73dbc9298a,Arctic Monkeys,Arctic Monkeys
Aloe Blacc,20,exact_text,1.0,4bf89e02-6c30-4603-9f6a-52619b1bea1a,Aloe Blacc,Aloe Blacc
Ty Dolla $ign Featuring B.o.B,20,exact_text,1.0,7bd66c18-cb33-49aa-9279-140acedbdb49,Ty Dolla $ign,Ty Dolla $ign
Rixton,20,exact_text,1.0,28aee606-d7a9-4b8d-b234-dd5e0d99c259,Rixton,Rixton
ScHoolboy Q Featuring BJ the Chicago Kid,20,exact_text,1.0,bce6d667-cde8-485e-b078-c0a05adea36d,ScHoolboy Q,ScHoolboy Q
O.T. Genasis,20,exact_text,1.0,f3c48d53-8dfe-435f-84e6-1756754c4687,O.T. Genasis,O.T. Genasis
A Thousand Horses,20,exact_text,1.0,ad3a1b29-ac6e-44c0-bd96-8b561bf5dcd7,A Thousand Horses,A Thousand Horses
MadeinTYO,20,exact_text,1.0,01667dde-e5fd-4748-9986-ac623e4e9d65,MadeinTYO,MadeinTYO
Auli'i Cravalho,20,fuzzy,0.9655,715d6b2d-9b1f-4615-8e7c-71cf5e9bcde3,Auliʻi Cravalho,Auliʻi Cravalho
Tee Grizzley,20,exact_text,1.0,babeb28b-5142-4af9-a3c5-9987315f1fc3,Tee Grizzley,Tee Grizzley
Yfn Lucci Featuring PnB Rock,20,exact_text,1.0,93cc3f11-751a-48d4-aaaf-ebad6cd0526d,YFN Lucci,YFN Lucci
LANco,20,exact_text,1.0,bc4c4098-32b1-4881-9d38-659637de0692,LANCO,LANCO
Yella Beezy,20,exact_text,1.0,aac4086f-b38e-4067-98ed-8e6b1d996e46,Yella Beezy,Yella Beezy
Pinkfong,20,exact_text,1.0,1af169ca-2cbd-4280-adcf-23963301448e,Pinkfong,Pinkfong
Blueface,20,exact_text,1.0,664bd251-a22c-4ab9-a4f7-25da4b14f9fc,Blueface,Blueface
YNW Melly,20,exact_text,1.0,59d6cea7-3771-4ce6-8c02-395ac5ba927a,YNW Melly,YNW Melly
Offset Featuring Cardi B,20,exact_text,1.0,92631c53-91ed-48f5-a09d-a104ba69cdc7,Offset,Offset
Ingrid Andress,20,exact_text,1.0,3ae306a3-b2a6-4969-b59f-89f0370549e5,Ingrid Andress,Ingrid Andress
StaySolidRocky,20,exact_text,1.0,c613510c-90f8-4da0-970b-a71f607016fe,StaySolidRocky,StaySolidRocky
Morray,20,exact_text,1.0,9c8ab6af-c34b-435a-8dd5-0889d3f4f4d9,Morray,Morray
Mooski,20,exact_text,1.0,2f4380ec-30e7-45b0-b62e-bcacbc66e5dd,Mooski,Mooski
Normani Featuring Cardi B,20,exact_text,1.0,04d93730-f81c-450c-8441-d5f5fcf98485,Normani,Normani
Nardo Wick Featuring G Herbo| Lil Durk & 21 Savage,20,exact_text,1.0,0eea08e2-1363-4b36-bbe8-9691ae3892b6,Nardo Wick,Nardo Wick
JID Featuring 21 Savage & Baby Tate,20,exact_text,1.0,d616b606-cf6a-4b6e-ab0f-e253b8db6610,JID,JID
Yeat,20,exact_text,1.0,9e6a6a2f-f696-4cc0-87f1-e4f712e46802,Yeat,Yeat
SleazyWorld Go Featuring Lil Baby,20,exact_text,1.0,bb37b960-7ef5-4cc3-8a67-e493a5225aa2,SleazyWorld Go,SleazyWorld Go
Grupo Frontera,20,exact_text,1.0,4c57c827-4ce3-4cf4-9492-0ff7f1ee2b0f,Grupo Frontera,Grupo Frontera
Myke Towers,20,exact_text,1.0,d2945137-b01d-4195-9f82-64d20f8ba657,Myke Towers,Myke Towers
Mitski,20,exact_text,1.0,fa58cf24-0e44-421d-8519-8bf461dcfaa5,Mitski,Mitski
Chayce Beckham,20,exact_text,1.0,18e67e51-3510-47d8-b849-44fd7cfbdefe,Chayce Beckham,Chayce Beckham
Artemas,20,exact_text,1.0,0211be88-dc0f-4002-a1de-4001bb359d51,Artemas,Artemas
Neton Vega,20,exact_text,1.0,dc1c4d9b-80ab-452b-b316-f201915b29db,Neton Vega,Neton Vega
Poni-Tails,19,exact_normalized,1.0,3b3b8842-717a-4b07-89a5-d1873e0351f3,The Poni-Tails,The Poni-Tails
Billy & Lillie,19,exact_text,1.0,6d077c13-8764-44d6-8d95-181496dbaba3,Billy & Lillie,Billy & Lillie
Cookie And His Cupcakes,19,exact_text,1.0,dd6ea49f-09e4-4e6b-9497-401293d097ad,Cookie and His Cupcakes,Cookie and His Cupcakes
Chet Atkins,19,exact_text,1.0,5810667a-9db6-4fd0-abac-667cdac5d415,Chet Atkins,Chet Atkins
Miss Toni Fisher,19,exact_text,1.0,34e1b635-3a75-4ee8-8eb7-1e2f6844d9c5,Miss Toni Fisher,Miss Toni Fisher
Harold Dorman,19,exact_text,1.0,81ed4946-953a-4027-a05c-205a76346806,Harold Dorman,Harold Dorman
Dante and the Evergreens,19,exact_text,1.0,b6e15c39-cf5a-4e89-9510-f773592db716,Danté and the Evergreens,Danté and the Evergreens
Jo Ann Campbell,19,exact_text,1.0,243769e8-086e-449f-8a10-bc55883b1f00,Jo Ann Campbell,Jo Ann Campbell
Shelby Flint,19,exact_text,1.0,8ca7761c-b5eb-44b7-b4e3-273e70466688,Shelby Flint,Shelby Flint
Marcie Blane,19,exact_text,1.0,6ce22798-7801-4bda-95e0-03169745f5e4,Marcie Blane,Marcie Blane
Rolf Harris,19,exact_text,1.0,a56dfbb1-a51d-46c3-a0bd-c60dcad1f27c,Rolf Harris,Rolf Harris
Randy & The Rainbows,19,exact_text,1.0,2960d079-748e-40bf-9f20-e67b67423811,Randy & the Rainbows,Randy & the Rainbows
Betty Harris,19,exact_text,1.0,ada37fa2-6e13-49c5-b3a4-d6ab225bac8a,Betty Harris,Betty Harris
Millie Small,19,exact_text,1.0,c0dab97a-bd3c-42b2-8bc4-05d941b76b7a,Millie Small,Millie Small
The Jelly Beans,19,exact_normalized,1.0,a5d85d5b-da7d-40e1-8286-4a40d8644ad2,Jelly Beans,Jelly Beans
Don Covay & The Goodtimers,19,exact_text,1.0,56ea1e51-bbef-4bd8-af02-3267d2b94edc,Don Covay & the Goodtimers,Don Covay & the Goodtimers
Sandie Shaw,19,exact_text,1.0,16963107-9288-43a2-946c-81de2f5eddfa,Sandie Shaw,Sandie Shaw
Jewel Akens,19,exact_text,1.0,8a6c7691-9f14-49c0-83c7-589fd24231b3,Jewel Akens,Jewel Akens
Wayne Fontana & The Mindbenders,19,exact_text,1.0,94d52495-cf48-4864-8fa1-a5f78cc2b5f7,Wayne Fontana & The Mindbenders,Wayne Fontana & The Mindbenders
The Wonder Who?,19,exact_text,1.0,75874408-e5a8-4bdd-94cf-3dfc8ce1acdc,The Wonder Who?,The Wonder Who?
The New Vaudeville Band,19,exact_text,1.0,0115c9c4-6256-4d83-8b48-4a44bb7574be,The New Vaudeville Band,The New Vaudeville Band
Scott McKenzie,19,exact_text,1.0,120d7ba0-73e1-4e96-98e3-e75f60f232e8,Scott McKenzie,Scott McKenzie
Jimi Hendrix,19,exact_text,1.0,06fb1c8b-566e-4cb2-985b-b467c90781d4,Jimi Hendrix,Jimi Hendrix
Edison Lighthouse,19,exact_text,1.0,5528ebce-9a4e-4e16-8e75-211e475928d6,Edison Lighthouse,Edison Lighthouse
Jack Blanchard & Misty Morgan,19,exact_text,1.0,69a733b9-9d5a-4241-a9b8-4703f3964058,Jack Blanchard & Misty Morgan,Jack Blanchard & Misty Morgan
The Assembled Multitude,19,exact_text,1.0,0d78de12-aa15-4890-8188-97529105ec2b,The Assembled Multitude,The Assembled Multitude
Lindisfarne,19,exact_text,1.0,c39c15bd-ed29-4feb-8aa6-22876a7d7bf1,Lindisfarne,Lindisfarne
Dottie West,19,exact_text,1.0,edfa1708-f764-43b1-867f-6dd363cca3f1,Dottie West,Dottie West
"Bobby ""Blue"" Bland",19,exact_text,1.0,66ebc271-6a26-4fe7-848b-f217da119d92,Bobby “Blue” Bland,Bobby “Blue” Bland
Van McCoy & The Soul City Symphony,19,exact_text,1.0,427a1dc8-54a0-4cf4-8a32-8e81a3d9fb79,Van McCoy & The Soul City Symphony,Van McCoy & The Soul City Symphony
People's Choice,19,fuzzy,0.9655,0b605bac-f77d-425d-927a-f7930a9fa40b,People’s Choice,People’s Choice
Norman Connors,19,exact_text,1.0,ffc0b74d-10c3-4706-b793-e4d822021ab5,Norman Connors,Norman Connors
The Bellamy Brothers,19,exact_text,1.0,252b5d32-5bd5-4cae-9d48-6aafa2145c33,The Bellamy Brothers,The Bellamy Brothers
Keith Carradine,19,exact_text,1.0,f6594217-1039-4332-b0c9-5e7c62c085f1,Keith Carradine,Keith Carradine
Ramones,19,exact_text,1.0,d6ed7887-a401-47a8-893c-34b967444d26,Ramones,Ramones
Stargard,19,exact_text,1.0,153ec29a-aee2-43fc-8b3b-e7c7da92738e,Stargard,Stargard
Warren Zevon,19,exact_text,1.0,970fb29f-e288-403e-a388-d2a7889bfa47,Warren Zevon,Warren Zevon
Stonebolt,19,exact_text,1.0,0a538028-7031-4a7c-863e-84be6094b3e1,Stonebolt,Stonebolt
GQ,19,exact_text,1.0,a5f87ed6-f0f2-485f-a1c7-7ff64c899724,GQ,GQ
Rocky Burnette,19,exact_text,1.0,9d9ef140-1fd0-4c35-a061-7c80c4dd8242,Rocky Burnette,Rocky Burnette
Buckner & Garcia,19,exact_text,1.0,506c5d6d-b410-4ade-9f8f-04b72a2551b7,Buckner & Garcia,Buckner & Garcia
The Style Council,19,exact_text,1.0,34e56f20-ddda-48c9-a4bb-6bb12df57de0,The Style Council,The Style Council
Autograph,19,exact_text,1.0,272a7f09-ed20-468d-aaa7-abcb97437d8d,Autograph,Autograph
Jesse Johnson's Revue,19,exact_text,1.0,e3312338-815d-4481-b63f-0919c1b3b8a3,Jesse Johnson's Revue,Jesse Johnson's Revue
Harold Faltermeyer,19,exact_text,1.0,3bd08e76-bf53-4b16-82ee-63f95ca5cdae,Harold Faltermeyer,Harold Faltermeyer
Clarence Clemons & Jackson Browne,19,exact_text,1.0,c2f71f85-cce3-42e2-92e1-43c7bd725d9b,Clarence Clemons And Jackson Browne,Clarence Clemons And Jackson Browne
Boys Don't Cry,19,fuzzy,0.963,e57182dc-2693-46fc-a739-a81c734a4326,Boys Don’t Cry,Boys Don’t Cry
The Blow Monkeys,19,exact_text,1.0,07f60268-1fe1-457b-8586-e6b2504076ff,The Blow Monkeys,The Blow Monkeys
Timex Social Club,19,exact_text,1.0,0050a556-a42d-46f5-85de-f29f315c5010,Timex Social Club,Timex Social Club
Oran 'Juice' Jones,19,exact_text,1.0,64825fc4-b748-48cf-bec5-f7d2a47ed246,Oran “Juice” Jones,Oran “Juice” Jones
Living In A Box,19,exact_text,1.0,340758ac-4df8-4986-b605-8016f58c1f7f,Living in a Box,Living in a Box
The Brat Pack,19,exact_normalized,1.0,d46624df-9045-4f49-96f0-fbf2678ff347,Brat Pack,Brat Pack
Soho,19,exact_text,1.0,2729b825-2cf2-4cde-894a-a9928ab708f0,Soho,Soho
Keedy,19,exact_text,1.0,3dbcf682-e45d-42c2-b55a-7076e04332cf,Keedy,Keedy
Kid 'N Play,19,exact_text,1.0,21a230d9-5133-4367-9f50-ae4a3511952a,Kid ’n Play,Kid ’n Play
Mad Cobra,19,exact_text,1.0,89304e0a-2b2b-4421-9dea-01ad3e76168b,Mad Cobra,Mad Cobra
Sunscreem,19,exact_text,1.0,de212b3a-2f54-4def-a13d-5a877bfaeaf7,Sunscreem,Sunscreem
Andru Donalds,19,exact_text,1.0,0e5b035f-3b77-4e57-8fa9-b6fcfa4a7373,Andru Donalds,Andru Donalds
Jars of Clay,19,exact_text,1.0,ca1ca0e3-8506-40b4-ac29-dbfb60c5a0bd,Jars of Clay,Jars of Clay
Nate Dogg Featuring Snoop Doggy Dogg,19,exact_text,1.0,405528df-2632-4730-80fc-83e775a97651,Nate Dogg,Nate Dogg
Faithless,19,exact_text,1.0,23d9d74d-c95e-46a6-be26-a6075c49747a,Faithless,Faithless
B-Rock & The Bizz,19,exact_text,1.0,9cf26af4-791f-42ba-8d5e-765f16d91cc4,B-Rock & The Bizz,B-Rock & The Bizz
Ultra Nate,19,exact_text,1.0,0004537a-4b12-43eb-a023-04009e738d2e,Ultra Naté,Ultra Naté
Hi-Town DJs,19,exact_text,1.0,6fb233c5-68e7-4b10-8e0e-b923b8dce94a,Hi-Town DJs,Hi-Town DJs
Lila McCann,19,exact_text,1.0,2c8be624-83bf-42b0-8149-147c8d8a4679,Lila McCann,Lila McCann
Modjo,19,exact_text,1.0,04bac789-bf59-4383-8ad7-799d20d969f7,Modjo,Modjo
Joe Budden,19,exact_text,1.0,02e81a75-461f-4b9d-b635-9cc916cef9c0,Joe Budden,Joe Budden
Thalia Featuring Fat Joe,19,exact_text,1.0,ae33ce8d-f41a-4f6b-b9c6-7859acbd04ef,Thalía,Thalía
G Unit,19,fuzzy,0.9091,3a212655-d7d5-4570-9d31-4b7b1ef02629,G‐Unit,G‐Unit
Purple Ribbon All-Stars,19,fuzzy,0.9778,409a8cd3-866e-4e6c-9196-8f43cc64f097,Purple Ribbon All‐Stars,Purple Ribbon All‐Stars
Shawnna,19,exact_text,1.0,beae0387-b082-4901-b87e-e336706bd727,Shawnna,Shawnna
Yael Naim,19,exact_text,1.0,def226b0-7990-4b38-ab1a-7740461844dc,Yael Naïm,Yael Naïm
Asher Roth,19,exact_text,1.0,c7d35b71-961e-4713-b65d-35a98591204a,Asher Roth,Asher Roth
Marsha Ambrosius,19,exact_text,1.0,24285231-f192-42f1-baea-0f467dd1d8aa,Marsha Ambrosius,Marsha Ambrosius
Willow,19,exact_text,1.0,6bbfc71b-5f18-4e61-82fb-bee0c2a6b5f9,WILLOW,WILLOW
Travis Porter Featuring Tyga,19,exact_text,1.0,53423220-42b5-4082-a374-417ce6f8a919,Travis Porter,Travis Porter
Granger Smith,19,exact_text,1.0,d0134923-5506-4768-b8d0-6eb318005707,Granger Smith,Granger Smith
PnB Rock,19,exact_text,1.0,aa5a6061-e60d-4a58-b9f6-c09de390bb2d,PnB Rock,PnB Rock
Famous Dex Featuring A$AP Rocky,19,exact_text,1.0,c34cfbd6-1df2-4865-96d9-e3bb4fe0577d,Famous Dex,Famous Dex
Daniel Caesar Featuring H.E.R.,19,exact_text,1.0,b46e298d-d3a5-4695-a03e-63e8c523b23e,Daniel Caesar,Daniel Caesar
Sleepy Hallow,19,exact_text,1.0,13108baf-5129-47b5-a174-5f720012155a,Sleepy Hallow,Sleepy Hallow
Elvie Shane,19,exact_text,1.0,cb112ae8-4e88-4622-9ac8-8cdf37039806,Elvie Shane,Elvie Shane
Tai Verdes,19,exact_text,1.0,83dea770-0013-4607-8057-ac989320e4bd,Tai Verdes,Tai Verdes
Jessica Darrow,19,exact_text,1.0,e096782e-66d3-4add-aa75-ddf2b3d13923,Jessica Darrow,Jessica Darrow
310babii,19,exact_text,1.0,6f8848a5-8b8d-490f-8e78-20e4d8bad179,310babii,310babii
Max McNown,19,exact_text,1.0,cc45b39c-c7c2-4db3-98f2-9c0220c76d7c,Max McNown,Max McNown
The Four Coins,18,exact_normalized,1.0,27e8bde1-a52a-4c92-b067-1e13ff33910e,Four Coins,Four Coins
Ray Anthony and His Orchestra,18,exact_text,1.0,45280529-87d0-439e-bdce-390710be400b,Ray Anthony and His Orchestra,Ray Anthony and His Orchestra
Paul Evans and the Curls,18,exact_text,1.0,824153a4-65f2-456a-987c-26441814121c,Paul Evans & The Curls,Paul Evans & The Curls
The Nutty Squirrels,18,exact_text,1.0,7cdff4f8-b687-4914-a4c1-75b51b00eabc,The Nutty Squirrels,The Nutty Squirrels
Eddie Fisher,18,exact_text,1.0,86831539-fa31-4248-9977-d4c6c0716a52,Eddie Fisher,Eddie Fisher
The Chad Mitchell Trio,18,exact_text,1.0,74304517-fb31-45b9-b3e9-16728fa66f7b,The Chad Mitchell Trio,The Chad Mitchell Trio
The Rocky Fellers,18,exact_text,1.0,aaeaeb4c-2794-4450-9abb-10511770fe0f,The Rocky Fellers,The Rocky Fellers
Alvin Cash & The Crawlers,18,exact_text,1.0,ab318409-7654-4be4-8dd7-64cfe4da6454,Alvin Cash & The Crawlers,Alvin Cash & The Crawlers
Sounds Orchestral,18,exact_text,1.0,db6899d8-c55f-4d79-9d0b-a6fe3a83792a,Sounds Orchestral,Sounds Orchestral
The T-Bones,18,exact_normalized,1.0,ef457453-b22d-4c71-ad19-eca677e9f0f1,T-Bones,T-Bones
Arlo Guthrie,18,exact_text,1.0,b8efe8ac-45db-4a71-bb51-c1503986172f,Arlo Guthrie,Arlo Guthrie
Mashmakhan,18,exact_text,1.0,16b5dc65-ce1a-4072-8ac0-a7db1e2df346,Mashmakhan,Mashmakhan
Black Sabbath,18,exact_text,1.0,5182c1d9-c7d2-4dad-afa0-ccfeada921a8,Black Sabbath,Black Sabbath
Rose Colored Glass,18,exact_text,1.0,6d0ff448-cc00-4f4a-8931-1baed2c33968,Rose Colored Glass,Rose Colored Glass
Hot Butter,18,exact_text,1.0,f7ea1e79-21bf-4dc9-a427-d2c43f5aadd0,Hot Butter,Hot Butter
Commander Cody,18,exact_text,1.0,09351b98-ff1d-47d8-8f29-a7678eabb57b,Commander Cody,Commander Cody
Cashman & West,18,exact_text,1.0,eff64689-6ee9-42b9-bed5-a660c4a4ed78,Cashman & West,Cashman & West
Foster Sylvers,18,exact_text,1.0,b6e4be33-0689-4314-94f0-ec8d25eda9c9,Foster Sylvers,Foster Sylvers
Ecstasy| Passion & Pain,18,exact_text,1.0,3a257121-867a-47cf-bc4f-ee7b835adddb,"Ecstasy, Passion & Pain","Ecstasy, Passion & Pain"
Dwight Twilley Band,18,exact_text,1.0,5e8a6795-ae6e-41d8-80d8-9359215615ef,Dwight Twilley Band,Dwight Twilley Band
"Jimmy ""Bo"" Horne",18,exact_text,1.0,c2a0d476-95dd-4270-aebe-01323a64c9e9,Jimmy “Bo” Horne,Jimmy “Bo” Horne
Instant Funk,18,exact_text,1.0,1658b247-7a13-439f-911e-5791ba9df3d6,Instant Funk,Instant Funk
McFadden & Whitehead,18,exact_text,1.0,78245bc7-ee69-4fca-b17f-81b2975f4fc6,McFadden & Whitehead,McFadden & Whitehead
Shooting Star,18,exact_text,1.0,84a84765-62fa-42c2-84c9-24112d235dd7,Shooting Star,Shooting Star
Diesel,18,exact_text,1.0,c9ba869f-5751-4fb5-a710-17817111a173,Diesel,Diesel
Greg Guidry,18,exact_text,1.0,67740764-e785-4473-9edd-49448eb48dc1,Greg Guidry,Greg Guidry
Laid Back,18,exact_text,1.0,a8fee308-c305-4ca1-8d30-28d150a8d5f7,Laid Back,Laid Back
Ollie And Jerry,18,exact_text,1.0,df5482f2-1007-41dc-b5a8-118f12ad0afe,Ollie & Jerry,Ollie & Jerry
USA for Africa,18,exact_text,1.0,45e3c90f-2de6-4452-99b3-8dbf7a3cf6df,USA for Africa,USA for Africa
Jellybean Featuring Catherine Buchanan,18,exact_text,1.0,5aac15d2-a7d1-4cb9-9327-feba978461d2,Jellybean,Jellybean
Scarlett & Black,18,exact_text,1.0,7ffd8ba4-0c1b-49f6-a8d2-a21f6a4af1e1,Scarlett & Black,Scarlett & Black
Ziggy Marley And The Melody Makers,18,exact_text,1.0,7b5239b1-07ff-41ce-834b-29fe98de9970,Ziggy Marley and the Melody Makers,Ziggy Marley and the Melody Makers
Climie Fisher,18,exact_text,1.0,3f1f765d-8b6a-403f-a953-5a828a87ae28,Climie Fisher,Climie Fisher
Tommy Conwell And The Young Rumblers,18,exact_text,1.0,592d3b29-ea16-4093-afca-2e5cd48fd28b,Tommy Conwell and the Young Rumblers,Tommy Conwell and the Young Rumblers
Urban Dance Squad,18,exact_text,1.0,770b04ac-7075-4a39-ab37-dd2885b21e2f,Urban Dance Squad,Urban Dance Squad
The Rude Boys,18,exact_normalized,1.0,897f6dd3-3700-4667-b110-6e6f54319204,Rude Boys,Rude Boys
Damian Dame,18,exact_text,1.0,5bce48d1-5d37-4c10-b390-ca0aecb3b990,Damian Dame,Damian Dame
2nd II None,18,exact_text,1.0,db759662-2053-4256-b803-4585f5bc2d40,2nd II None,2nd II None
The Williams Brothers,18,exact_text,1.0,d22ab174-5cc4-49ed-9342-434bf6b14fb6,The Williams Brothers,The Williams Brothers
Neal McCoy,18,exact_text,1.0,ceeb25b6-a273-40b8-9645-b517892abe3c,Neal McCoy,Neal McCoy
Gillette,18,exact_text,1.0,87c499fa-618d-4480-bece-5e0911a94ce7,Gillette,Gillette
Alison Krauss + Union Station,18,fuzzy,0.931,b91c664b-5eee-4536-8b70-b1f2be519ac0,Alison Krauss & Union Station,Alison Krauss & Union Station
Sponge,18,exact_text,1.0,9a8ac837-a0e0-4a56-a1cf-b677759a44e2,Sponge,Sponge
Raekwon,18,exact_text,1.0,4e954b02-fae2-4bd7-9547-e055a6ac0527,Raekwon,Raekwon
Shawn Mullins,18,exact_text,1.0,f20e3539-bf98-4066-85eb-12f254545660,Shawn Mullins,Shawn Mullins
Silkk the Shocker Featuring Mystikal,18,exact_text,1.0,417f125f-591e-47f6-97d5-fadb81dec7d1,Silkk the Shocker,Silkk the Shocker
504 Boyz,18,exact_text,1.0,3038ea0d-1cad-458c-a08b-b11276b27619,504 Boyz,504 Boyz
David Gray,18,exact_text,1.0,3e8bd859-7d82-49e0-b267-84fc46e2bf68,David Gray,David Gray
ATC,18,exact_text,1.0,408b2a33-d229-46a5-a361-0667bc616e34,ATC,ATC
Khia Featuring DSD,18,exact_text,1.0,dc66a96e-0b02-4ae2-a03c-f883e46c2958,Khia,Khia
Kellie Coffey,18,exact_text,1.0,7b8245d2-e4dc-44c4-beef-739ad26b9df9,Kellie Coffey,Kellie Coffey
Benzino,18,exact_text,1.0,c2108a56-8cfe-4930-84c3-0be018e6e7f6,Benzino,Benzino
MercyMe,18,exact_text,1.0,c5a016d4-567e-4698-96a2-af134adb8395,MercyMe,MercyMe
Josh Groban,18,exact_text,1.0,12be5b16-915f-44bc-978a-8ddfab235b79,Josh Groban,Josh Groban
David Lee Murphy,18,exact_text,1.0,f395af92-1289-4ae8-95c4-871e4fc3ccfd,David Lee Murphy,David Lee Murphy
Teairra Mari,18,exact_text,1.0,22dd0eab-394b-4f05-ada7-c8d3dd336c52,Teairra Marí,Teairra Marí
Taking Back Sunday,18,exact_text,1.0,350bce49-c21b-4137-b50a-0766ded07e4d,Taking Back Sunday,Taking Back Sunday
The Last Goodnight,18,exact_text,1.0,702d3a87-5b30-41f4-b54b-92688ec424bb,The Last Goodnight,The Last Goodnight
Carolina Liar,18,exact_text,1.0,8a4bd6ab-acd4-4f1b-b1c6-bee1cee43fff,Carolina Liar,Carolina Liar
Kacey Musgraves,18,exact_text,1.0,d1393ecb-431b-4fde-a6ea-d769f2f040cb,Kacey Musgraves,Kacey Musgraves
Ylvis,18,exact_text,1.0,18e9528e-a4af-4e09-9a35-ea11c7a7ae43,Ylvis,Ylvis
DJ Luke Nasty,18,exact_text,1.0,3d507147-a16f-4fbf-a18a-263aff6d78a4,DJ Luke Nasty,DJ Luke Nasty
Starley,18,exact_text,1.0,6703863e-2dda-4079-90ab-ef7b72d14881,Starley,Starley
Bad Wolves,18,exact_text,1.0,2002b451-41ec-4e57-b806-a109931743b1,Bad Wolves,Bad Wolves
Kaliii,18,exact_text,1.0,67d33c91-279a-4185-a068-b7c6bfc4bc1a,Kaliii,Kaliii
Sleep Token,18,exact_text,1.0,775ad383-ac2d-479a-af9d-b561442cb749,Sleep Token,Sleep Token
Bill Doggett,17,exact_text,1.0,b6d381bb-3642-455c-ab73-125ba1259b71,Bill Doggett,Bill Doggett
The Four Esquires,17,exact_text,1.0,1696851e-903d-4d31-b53f-04259c047dc6,The Four Esquires,The Four Esquires
Jesse Belvin,17,exact_text,1.0,0199f646-7c2d-459a-b524-c04926386239,Jesse Belvin,Jesse Belvin
Jaye P. Morgan,17,exact_text,1.0,41f1eaba-76d6-4d23-bf0b-c3ab5820a076,Jaye P. Morgan,Jaye P. Morgan
Barrett Strong,17,exact_text,1.0,31ee774b-6248-48d5-a8b5-0d9bebeaba9d,Barrett Strong,Barrett Strong
Teddy Randazzo,17,exact_text,1.0,da5cb3cd-17c1-4157-987c-899a6ff95a5d,Teddy Randazzo,Teddy Randazzo
Rusty Draper,17,exact_text,1.0,ace6f283-8089-4538-9d8d-b603d2afcc5a,Rusty Draper,Rusty Draper
Mickey & Sylvia,17,exact_text,1.0,f919671d-c6b7-4d42-9004-3a93eceb5be9,Mickey & Sylvia,Mickey & Sylvia
Little Caesar and The Romans,17,exact_text,1.0,1ff23e04-27c7-4588-81b5-509dfb04d9b3,Little Caesar & The Romans,Little Caesar & The Romans
Bobby Curtola,17,exact_text,1.0,78cfdedc-e39c-4df4-8039-f075cc854b2f,Bobby Curtola,Bobby Curtola
David Rose and His Orchestra,17,exact_text,1.0,8ee718ad-70a8-49f3-903f-057a6c0b649d,David Rose and His Orchestra,David Rose and His Orchestra
Joe Henderson,17,exact_text,1.0,bcab8301-c7e5-4689-a4ad-9ee947b4ce37,Joe Henderson,Joe Henderson
The Swinging Blue Jeans,17,exact_text,1.0,f200e1a5-43c6-42e1-a715-d9742d6559ef,The Swinging Blue Jeans,The Swinging Blue Jeans
Mitty Collier,17,exact_text,1.0,1f6949e2-f257-40f3-851e-e2e02271e398,Mitty Collier,Mitty Collier
The Trade Winds,17,exact_text,1.0,62b2dac0-7f1c-4859-9c27-13513e9ebd0e,The Trade Winds,The Trade Winds
Georgie Fame And The Blue Flames,17,exact_text,1.0,d8fca938-6479-4697-bdcd-71e493977877,Georgie Fame & the Blue Flames,Georgie Fame & the Blue Flames
Bobby Fuller Four,17,exact_normalized,1.0,c83691bd-ed58-4d97-9edb-3043ace33856,The Bobby Fuller Four,The Bobby Fuller Four
Bob Kuban And The In-Men,17,fuzzy,0.9787,8ca09e6b-66fc-4871-a357-fb6ac841b72e,Bob Kuban and the In‐Men,Bob Kuban and the In‐Men
Stone Poneys Featuring Linda Ronstadt,17,exact_normalized,1.0,a226bf5f-1ccd-4ada-b0af-b54857e76ccb,The Stone Poneys,The Stone Poneys
Blue Cheer,17,exact_text,1.0,523b52d7-a819-4111-9085-69fc269c9638,Blue Cheer,Blue Cheer
The Original Caste,17,exact_text,1.0,9a585db5-5609-472f-92b6-22feb69c323c,The Original Caste,The Original Caste
White Plains,17,exact_text,1.0,01304cd6-9a14-4943-9c93-d384c1d2eceb,White Plains,White Plains
The Mike Curb Congregation,17,exact_normalized,1.0,ca67dd87-165b-4db5-9dc0-c441e5071d44,Mike Curb Congregation,Mike Curb Congregation
Runt,17,exact_text,1.0,f4812460-292f-4a6e-931b-7d361542841a,Runt,Runt
Delaney & Bonnie,17,exact_text,1.0,1d0e964a-2b91-4dd9-8100-a5a184870382,Delaney & Bonnie,Delaney & Bonnie
Sutherland Brothers And Quiver,17,exact_text,1.0,ff24e458-67f8-4f7a-88c1-e3c8a8582000,Sutherland Brothers & Quiver,Sutherland Brothers & Quiver
Mocedades,17,exact_text,1.0,9c2f1f4c-8e54-4ba8-8904-9c1edb33c739,Mocedades,Mocedades
The Eleventh Hour,17,exact_normalized,1.0,39d072ba-fdb5-4084-b5c5-ada225017d47,Eleventh Hour,Eleventh Hour
Kraftwerk,17,exact_text,1.0,5700dcd4-c139-4f31-aa3e-6382b9af9032,Kraftwerk,Kraftwerk
Bryan Ferry,17,exact_text,1.0,4ef7a9e2-2cf5-483a-8616-ef7791a98026,Bryan Ferry,Bryan Ferry
Wilton Place Street Band,17,exact_text,1.0,8857d0bf-df8b-428f-ae1d-b032ba11393d,Wilton Place Street Band,Wilton Place Street Band
Maynard Ferguson,17,exact_text,1.0,625f1d57-8bac-4a3a-97af-f407f2967755,Maynard Ferguson,Maynard Ferguson
London Symphony Orchestra,17,exact_text,1.0,38712b4c-0fd4-4c65-8c7a-45676fecc973,London Symphony Orchestra,London Symphony Orchestra
Brooklyn Dreams,17,exact_text,1.0,35efa01e-f296-4dd0-8a85-29cb9dd6970b,Brooklyn Dreams,Brooklyn Dreams
Tuxedo Junction,17,exact_text,1.0,32cdfd79-fb34-466e-94a3-e9535ce55d04,Tuxedo Junction,Tuxedo Junction
Narada Michael Walden,17,exact_text,1.0,41e9a77b-aa0e-4b86-a223-dc903f41b0bd,Narada Michael Walden,Narada Michael Walden
Tom Tom Club,17,exact_text,1.0,3dc66525-d359-406d-9cdf-cdd3a7de289c,Tom Tom Club,Tom Tom Club
Haircut One Hundred,17,exact_text,1.0,bbb94ad0-3bb7-42af-99cd-e92f5a42c4c5,Haircut One Hundred,Haircut One Hundred
Mtume,17,exact_text,1.0,3e0ad499-0d3b-4445-8224-c63b4ad46317,Mtume,Mtume
Greg Kihn,17,exact_text,1.0,17b041e5-cc75-4b3e-9fd4-d599e15ddd0b,Greg Kihn,Greg Kihn
Godley & Creme,17,exact_text,1.0,6f874502-c86b-4d53-a371-3c18829531b9,Godley & Creme,Godley & Creme
Tami Show,17,exact_text,1.0,5316ce93-56d0-4f1a-b685-7ad9c890b1f5,Tami Show,Tami Show
Inner City,17,exact_text,1.0,65a8e571-8a08-433f-a5bf-ead38c269ea6,Inner City,Inner City
Lightning Seeds,17,exact_normalized,1.0,1ba601a0-3401-4b28-8ddd-9af8203661e8,The Lightning Seeds,The Lightning Seeds
Queensryche,17,exact_text,1.0,deeea939-7f89-4762-b09f-79269cd70d3b,Queensrÿche,Queensrÿche
Laissez Faire,17,exact_text,1.0,9c48896b-f4ec-4da1-9da7-8b0feea53e31,Laissez Faire,Laissez Faire
Clivilles & Cole,17,exact_text,1.0,d6c846b7-23d3-4b7c-82c0-925e998fb838,Clivillés & Cole,Clivillés & Cole
Mitch Malloy,17,exact_text,1.0,70fe3029-f090-41ca-848c-1bc2e35b8c3f,Mitch Malloy,Mitch Malloy
Chaka Demus & Pliers,17,exact_text,1.0,449f264b-1a94-4ef8-b601-2ffccbbedefa,Chaka Demus & Pliers,Chaka Demus & Pliers
Sagat,17,exact_text,1.0,ff84453b-fd89-4bee-aba9-4591878a9f9e,Sagat,Sagat
N-Trance,17,fuzzy,0.9333,17adce06-a815-4c5b-9be7-e6b184f92ee4,N‐Trance,N‐Trance
Camp Lo,17,exact_text,1.0,a5474ad8-1671-4ace-a5ea-82df42245bda,Camp Lo,Camp Lo
Nastyboy Klick Featuring Roger Troutman,17,exact_text,1.0,e614d64e-1f62-4e4d-9636-2a42336a958d,Nastyboy Klick,Nastyboy Klick
Deja Vu,17,exact_text,1.0,12bc290b-c5b4-4aad-907b-9e3b7e13e8e8,Deja Vu,Deja Vu
Tatyana Ali,17,exact_text,1.0,94ce10fd-a85f-466d-80ba-552faba67ad3,Tatyana Ali,Tatyana Ali
Cake,17,exact_text,1.0,fa7b9055-3703-473a-8a09-adf2fe031a24,CAKE,CAKE
Sporty Thievz Featuring Mr. Woods,17,exact_text,1.0,bcbcd6f5-8675-40cb-94de-6d0f239e6ee8,Sporty Thievz,Sporty Thievz
Lara Fabian,17,exact_text,1.0,7a1daf7f-b972-4808-bc03-2e1e3a79dce0,Lara Fabian,Lara Fabian
Aaron Carter,17,exact_text,1.0,4c0bb5bc-95ad-47de-99e3-fbb4fbc5f393,Aaron Carter,Aaron Carter
Kevin Denney,17,exact_text,1.0,5431ab7a-9a73-43c8-858e-f58d3a32d8f7,Kevin Denney,Kevin Denney
JC Chasez,17,exact_text,1.0,40316898-fbcf-477e-b019-ccbafd710f46,JC Chasez,JC Chasez
Fountains of Wayne,17,exact_text,1.0,0f82d6b5-12fb-4569-b047-a00194f572a7,Fountains of Wayne,Fountains of Wayne
Slum Village Featuring Kanye West & John Legend,17,exact_text,1.0,c0c1183e-6940-48ca-8f96-98250fcb3ef1,Slum Village,Slum Village
Ashley Parker Angel,17,exact_text,1.0,4147087c-584f-42c8-bacd-fa000404c8f7,Ashley Parker Angel,Ashley Parker Angel
Shawty Lo,17,exact_text,1.0,4b2c4580-7e17-4277-8b20-5246f5f37b61,Shawty Lo,Shawty Lo
Flex,17,exact_text,1.0,403d9bc8-5b9b-4aa3-a8dd-dca118c43267,Flex,Flex
James Newton Howard Featuring Jennifer Lawrence,17,exact_text,1.0,f6580b26-77f7-4a7b-8513-6db0476e8f21,James Newton Howard,James Newton Howard
Zara Larsson,17,exact_text,1.0,134e6410-6954-45d1-bd4a-0f2d2ad5471d,Zara Larsson,Zara Larsson
Dae Dae,17,exact_text,1.0,1d77e146-b983-469b-9cd7-b59bc8ceb2d9,Dae Dae,Dae Dae
Trippie Redd,17,exact_text,1.0,8032cf05-d916-4b2a-9c53-6e75d4a24bd8,Trippie Redd,Trippie Redd
Quavo,17,exact_text,1.0,6143403a-df6c-429e-8ee6-ef869896b0da,Quavo,Quavo
All Time Low Featuring Demi Lovato & Blackbear,17,exact_text,1.0,62162215-b023-4f0e-84bd-1e9412d5b32c,All Time Low,All Time Low
Ari Lennox,17,exact_text,1.0,6fe9125b-bd80-4704-9084-56bc7e07e48f,Ari Lennox,Ari Lennox
Yung Gravy,17,exact_text,1.0,20b034b2-35a1-40be-908f-22d1b5681572,Yung Gravy,Yung Gravy
Domenico Modugno,16,exact_text,1.0,b8e60837-e646-4f18-8f92-27d1173511b0,Domenico Modugno,Domenico Modugno
The Johnny Otis Show,16,exact_text,1.0,6a451d5e-2676-40fe-aa5b-a61fcfe704ff,The Johnny Otis Show,The Johnny Otis Show
Reg Owen & His Orchestra,16,exact_text,1.0,a18c415b-98f3-4d31-b19b-166e4212c3fd,Reg Owen and His Orchestra,Reg Owen and His Orchestra
Cathy Carr,16,exact_text,1.0,37455c29-4d30-4d7b-a852-6cbb3537f1d8,Cathy Carr,Cathy Carr
Preston Epps,16,exact_text,1.0,afc262bc-3af2-476e-8ac4-1c505c52bffa,Preston Epps,Preston Epps
Big Jay McNeely And Band,16,exact_text,1.0,67164c13-b5bd-41bf-bb1c-5b8153d9cd0c,Big Jay McNeely & Band,Big Jay McNeely & Band
Fireflies,16,exact_text,1.0,023e51a3-4711-4a90-a6f8-8601efab2a4a,Fireflies,Fireflies
Anthony Newley,16,exact_text,1.0,9a93190b-3e24-4586-bc10-aefd1ad8de01,Anthony Newley,Anthony Newley
Kay Starr,16,exact_text,1.0,d25d395a-3891-4243-9a05-8308ad24969d,Kay Starr,Kay Starr
Roy Drusky,16,exact_text,1.0,56d7c456-3ffb-4384-89bf-b0024c2d9d55,Roy Drusky,Roy Drusky
Tommy Hunt,16,exact_text,1.0,d950d34d-2819-4af0-9f10-08946dca6075,Tommy Hunt,Tommy Hunt
Don & Juan,16,exact_text,1.0,685c472f-9abf-4490-a845-6aa13b0922af,Don & Juan,Don & Juan
Les Cooper and the Soul Rockers,16,fuzzy,0.9355,cc5b04b7-e29c-4e9a-ba37-85e8f830394e,Les Cooper & His Soul Rockers,Les Cooper & His Soul Rockers
Tracey Dey,16,exact_text,1.0,71e67fb6-446a-4d31-ae1b-458c69a25f6d,Tracey Dey,Tracey Dey
Los Indios Tabajaras,16,exact_text,1.0,72969d2e-4bc6-412d-9e1b-27434ceaafae,Los Índios Tabajaras,Los Índios Tabajaras
P.J. Proby,16,exact_text,1.0,21065cd4-d156-4685-9be0-9b98135d1cb2,P.J. Proby,P.J. Proby
O.V. Wright,16,exact_text,1.0,ac486e0f-9d86-4dec-8f4f-0f06e4d51946,O.V. Wright,O.V. Wright
Shades Of Blue,16,exact_text,1.0,a2c6378a-9d6d-4883-80f1-f1dab08540b9,Shades of Blue,Shades of Blue
Shorty Long,16,exact_text,1.0,468bfbf7-a18c-4d82-9184-ab15f6c35cde,Shorty Long,Shorty Long
Four Jacks And A Jill,16,exact_text,1.0,5468ad28-2273-4763-9ece-8b22a6424127,Four Jacks and a Jill,Four Jacks and a Jill
Friend And Lover,16,exact_text,1.0,a0cbcb4b-97c1-4b31-ac85-79d071f438c7,Friend & Lover,Friend & Lover
The Flying Machine,16,exact_text,1.0,1322dbe2-c326-4033-a39a-80ba3571c8d2,The Flying Machine,The Flying Machine
Savoy Brown,16,exact_text,1.0,f0167ca4-f151-4194-813f-021bca2ecf7b,Savoy Brown,Savoy Brown
The Tee Set,16,exact_normalized,1.0,e94391ea-ddbc-49b1-9052-bda92816fb70,Tee-Set,Tee-Set
Daddy Dewdrop,16,exact_text,1.0,f33acee8-e97e-4c3f-8e1c-ec13a92dfc10,Daddy Dewdrop,Daddy Dewdrop
Paul Humphrey & His Cool Aid Chemists,16,exact_text,1.0,9a975f1b-d445-44aa-8584-087e1149098e,Paul Humphrey & His Cool Aid Chemists,Paul Humphrey & His Cool Aid Chemists
Cymarron,16,exact_text,1.0,35d81fc6-1f27-4790-8d09-e6e272c718ef,Cymarron,Cymarron
Jonathan Edwards,16,exact_text,1.0,83a81b17-e725-4e5d-a607-375d66306e09,Jonathan Edwards,Jonathan Edwards
Holland-Dozier,16,fuzzy,0.963,4b52f926-4bf1-4dc0-bda0-da8e2ccdea6f,Holland–Dozier,Holland–Dozier
Mike Oldfield,16,exact_text,1.0,a1684a49-feaa-4150-b758-d9412fc59f12,Mike Oldfield,Mike Oldfield
Johnny Guitar Watson,16,exact_text,1.0,defba3df-b0f3-4ef1-8e1f-4ef88cc8fc42,Johnny “Guitar” Watson,Johnny “Guitar” Watson
Average White Band,16,exact_text,1.0,fb776bca-6139-4ff5-8d5e-5decd029cb96,Average White Band,Average White Band
Ronnie McDowell,16,exact_text,1.0,a3911c6f-3109-4c1c-960a-dce57b24defc,Ronnie McDowell,Ronnie McDowell
Love And Kisses,16,exact_text,1.0,e8aaa68e-bc8a-41d8-8815-2bde83490c4b,Love & Kisses,Love & Kisses
The Tarney/Spencer Band,16,exact_normalized,1.0,f12f80db-afde-4016-adb4-a5250870223a,Tarney/Spencer Band,Tarney/Spencer Band
Bell & James,16,exact_text,1.0,ccefc0fd-6eef-45f3-a5b6-f1f9c893aa00,Bell & James,Bell & James
Ironhorse,16,exact_text,1.0,0c738936-1d7e-4682-a311-cdd453752e00,Ironhorse,Ironhorse
France Joli,16,exact_text,1.0,45306991-40ab-4cb4-be0c-2963bdc0b8d2,France Joli,France Joli
Jim Steinman,16,exact_text,1.0,80e7cb60-3ed8-46dd-8eec-9052606306f2,Jim Steinman,Jim Steinman
The Afternoon Delights,16,exact_normalized,1.0,67d700b0-7eb1-413f-b968-48dfb0c88d47,Afternoon Delights,Afternoon Delights
Bill Champlin,16,exact_text,1.0,1c5adcd9-f1e4-4987-a1c0-1bb7200026cf,Bill Champlin,Bill Champlin
Bronski Beat,16,exact_text,1.0,27acebf2-5440-42a7-9db6-19ad2c9dea38,Bronski Beat,Bronski Beat
Cock Robin,16,exact_text,1.0,a58d4ccf-341d-4f2d-a7c8-52828ce89ad2,Cock Robin,Cock Robin
Oingo Boingo,16,exact_text,1.0,166bc1cb-a2b7-412d-bcd5-5f439d2cf5f1,Oingo Boingo,Oingo Boingo
Opus,16,exact_text,1.0,1ade789e-c133-43f3-8a92-ec69a30acb85,Opus,Opus
Timbuk 3,16,exact_text,1.0,6de4e992-3f69-4616-8c08-74cff57b39b3,Timbuk 3,Timbuk 3
Kool Moe Dee,16,exact_text,1.0,94ff7d3c-27e1-4628-9b81-477f911295cd,Kool Moe Dee,Kool Moe Dee
Underworld,16,exact_text,1.0,ba2f4f3b-0293-4bc8-bb94-2f73b5207343,Underworld,Underworld
House Of Lords,16,exact_text,1.0,3042ccd3-9a71-4852-a126-f6a164e58174,House of Lords,House of Lords
Deon Estus,16,exact_text,1.0,4b66082d-36a3-4418-a80c-ea7773e46bf6,Deon Estus,Deon Estus
BulletBoys,16,exact_text,1.0,210c57b3-91dc-48db-9487-97f30719ea81,BulletBoys,BulletBoys
Perfect Gentlemen,16,exact_text,1.0,ad40cc6e-7d91-4847-97d2-1385428c4a0b,Perfect Gentlemen,Perfect Gentlemen
Partners In Kryme,16,exact_text,1.0,7e3b1e89-9dc4-44ff-bb47-21be91a3dd72,Partners in Kryme,Partners in Kryme
The West Coast Rap All-Stars,16,exact_text,1.0,70dd7d29-896e-4957-bf05-c95528309847,The West Coast Rap All-Stars,The West Coast Rap All-Stars
Voices That Care,16,exact_text,1.0,48faef49-9d36-4ea9-8e67-865f1c940390,Voices That Care,Voices That Care
Monie Love Featuring True Image,16,exact_text,1.0,00e8c9fb-546f-481e-b529-6ec23f3b3f72,Monie Love,Monie Love
Aftershock,16,exact_text,1.0,8436eca4-e4a9-45c1-a94e-3cda7a1fe0d3,Aftershock,Aftershock
Blackgirl,16,exact_text,1.0,916c9c66-3eef-499c-8258-9dc68c0e80d7,Blackgirl,Blackgirl
The Brand New Heavies,16,exact_text,1.0,9b8d6e2c-2b4e-4924-82ae-226b4e701f6b,The Brand New Heavies,The Brand New Heavies
M People,16,exact_text,1.0,f6f69dba-4c49-4f1b-a6bc-678c1154f32d,M People,M People
Letters To Cleo,16,exact_text,1.0,bdffa540-6840-4d3c-9f49-dadf6c6f087d,Letters to Cleo,Letters to Cleo
L.V.,16,exact_text,1.0,773c48db-eb0c-491f-9a36-633d72dcee8d,L.V.,L.V.
Tha Dogg Pound Featuring Michel'le,16,exact_text,1.0,6786ab5e-0d99-4aa6-8aad-9b5f42965ddb,Tha Dogg Pound,Tha Dogg Pound
Lutricia McNeal,16,exact_text,1.0,0092dc2a-38ca-4b01-94dd-5334bba14059,Lutricia McNeal,Lutricia McNeal
Inoj,16,exact_text,1.0,58c76587-e641-49f8-a574-afd0e3c02c3d,INOJ,INOJ
TQ,16,exact_text,1.0,fe47130b-6abd-403e-8829-42f55a21a086,TQ,TQ
Sole Featuring JT Money & Kandi,16,exact_text,1.0,7bc3a2d0-7eed-4b42-ae96-7d68c644454d,Sole,Sole
Mikaila,16,exact_text,1.0,416fc533-434a-4e42-a438-123db5d5f826,Mikaila,Mikaila
Smilez & Southstar,16,exact_text,1.0,8804446a-482e-4108-abd0-713e31d59b15,Smilez and Southstar,Smilez and Southstar
Yeah Yeah Yeahs,16,exact_text,1.0,584c04d2-4acc-491b-8a0a-e63133f4bfc4,Yeah Yeah Yeahs,Yeah Yeah Yeahs
Mis-Teeq,16,exact_text,1.0,55d648e3-60d0-4fce-851d-cf6fb1c4e398,Mis-Teeq,Mis-Teeq
Dashboard Confessional,16,exact_text,1.0,50549203-9602-451c-b49f-ff031ba8635c,Dashboard Confessional,Dashboard Confessional
Apocalyptica Featuring Adam Gontier,16,exact_text,1.0,788ad31c-bf0c-4a31-83f8-b8b130d79c76,Apocalyptica,Apocalyptica
Kristinia DeBarge,16,exact_text,1.0,685c876c-1b1c-4ebf-9244-b5254a4297b0,Kristinia DeBarge,Kristinia DeBarge
will.i.am Featuring Justin Bieber,16,exact_text,1.0,d574c9bd-46f6-440a-8d6a-8412a283eeb1,will.i.am,will.i.am
RaeLynn,16,exact_text,1.0,1aa9959c-a1bf-4e3a-bd57-07baa15e3fa0,RaeLynn,RaeLynn
YBN Nahmir,16,exact_text,1.0,e3928973-a746-401b-ad79-0b27a9f4ed7d,YBN Nahmir,YBN Nahmir
Ali Gatie,16,exact_text,1.0,c5d8019c-fe79-4968-9329-f7af6cdc26f3,Ali Gatie,Ali Gatie
VEDO,16,exact_text,1.0,d8b0d6bd-91a8-4b8f-b943-9a791eed288b,Vedo,Vedo
Tenille Arts,16,exact_text,1.0,2415e269-6c50-437a-a7b5-fcc7c6109974,Tenille Arts,Tenille Arts
Dicky Doo And The Don'ts,15,fuzzy,0.9787,80112740-9376-438d-a9f4-749b39d68e6a,Dicky Doo & the Don’ts,Dicky Doo & the Don’ts
Chris Barber's Jazz Band,15,fuzzy,0.9787,e818565b-0341-4d69-bcf8-32d7b21f8c48,Chris Barber’s Jazz Band,Chris Barber’s Jazz Band
Larry Hall,15,exact_text,1.0,6d301121-64b8-4965-8539-82cf6041144b,Larry Hall,Larry Hall
Hollywood Argyles,15,exact_normalized,1.0,0da9b97f-c91f-4fd2-b038-779f290dccf2,The Hollywood Argyles,The Hollywood Argyles
Tex Ritter,15,exact_text,1.0,f7c029f2-c082-4aaf-bfd2-d75e762b78a9,Tex Ritter,Tex Ritter
Martin Denny and His Orchestra,15,exact_text,1.0,19178bff-090b-462e-b5f0-69c15ec01c90,Martin Denny & His Orchestra,Martin Denny & His Orchestra
Bob And Earl,15,exact_text,1.0,03c051c5-d424-419f-8cce-1d9f7aa12175,Bob & Earl,Bob & Earl
Kai Winding & Orchestra,15,fuzzy,0.9259,c42288ba-14b0-4908-8785-da7c7b31ba45,Kai Winding & His Orchestra,Kai Winding & His Orchestra
Roy Orbison And The Candy Men,15,exact_text,1.0,889ea25a-b71b-4638-b150-c7a172d1a13b,Roy Orbison & The Candy Men,Roy Orbison & The Candy Men
Lorne Greene,15,exact_text,1.0,e9d0b534-f1ed-4260-8e95-2b3b191d14c4,Lorne Greene,Lorne Greene
Verdelle Smith,15,exact_text,1.0,af734662-6198-47d2-9419-4c9f01ebfe26,Verdelle Smith,Verdelle Smith
J.J. Barnes,15,exact_text,1.0,f501c815-901d-456a-8171-dbb31cc5e0d9,J.J. Barnes,J.J. Barnes
Alvin Cash & The Registers,15,exact_text,1.0,ab1042e6-8e85-416b-9ae1-2cd0e957b884,Alvin Cash & The Registers,Alvin Cash & The Registers
Toussaint McCall,15,exact_text,1.0,e7710993-dec9-4517-b37f-ee235360dc83,Toussaint McCall,Toussaint McCall
Pacific Gas And Electric,15,exact_text,1.0,7a1268cc-33a6-4889-bbad-a47b9ffc8339,Pacific Gas & Electric,Pacific Gas & Electric
Mac And Katie Kissoon,15,exact_text,1.0,4256998d-60f3-47de-ba5d-715f6c2b4b79,Mac & Katie Kissoon,Mac & Katie Kissoon
Edgar Winter's White Trash,15,fuzzy,0.9804,6c2db0de-1b35-47d5-9a3c-9e833bb5f4cd,Edgar Winter’s White Trash,Edgar Winter’s White Trash
Sailcat,15,exact_text,1.0,1c64c82e-5d93-42b3-a443-5ddc529083a2,Sailcat,Sailcat
Argent,15,exact_text,1.0,19ae028f-f114-45b4-8143-4b2fae696465,Argent,Argent
Bulldog,15,exact_text,1.0,6fe998b3-cc1b-42d4-92b9-15c80ec99bd6,Bulldog,Bulldog
Gunhill Road,15,exact_text,1.0,853cdf0d-27ed-4210-b9b0-9b696e11ce53,Gunhill Road,Gunhill Road
Jeanne Pruett,15,exact_text,1.0,1a378463-c13d-481c-9730-a3cb5af2bc70,Jeanne Pruett,Jeanne Pruett
Black Oak Arkansas,15,exact_text,1.0,1ff4b10b-4214-48b7-87b4-64394773bfcc,Black Oak Arkansas,Black Oak Arkansas
Reunion,15,exact_text,1.0,e2614c19-e02d-4348-8072-2cbe5bb2e9ec,Reunion,Reunion
Loleatta Holloway,15,exact_text,1.0,346fa4f6-3f10-40ec-b8d0-4666e4e8b094,Loleatta Holloway,Loleatta Holloway
Roger Whittaker,15,exact_text,1.0,80d07b5b-35b1-4d58-a72e-49ac98cba13f,Roger Whittaker,Roger Whittaker
Greg Lake,15,exact_text,1.0,6e2fdea5-8960-46ec-8a05-41b7eec3b2a9,Greg Lake,Greg Lake
Larry Groce,15,exact_text,1.0,fc2cc2c2-d381-46dd-9154-a56ae6c17259,Larry Groce,Larry Groce
Jesse Winchester,15,exact_text,1.0,455911db-b472-4702-bf0d-ae4f87c922bd,Jesse Winchester,Jesse Winchester
Le Pamplemousse,15,exact_text,1.0,c26c5088-ab3c-4165-93a9-f5675e636d8a,Le Pamplemousse,Le Pamplemousse
Steve Martin And The Toot Uncommons,15,exact_text,1.0,616c031d-2c82-4755-bcda-57080fe4f611,Steve Martin & The Toot Uncommons,Steve Martin & The Toot Uncommons
Sniff 'n' the Tears,15,exact_text,1.0,d8bf60ce-d2af-4125-bf19-2b19d6d0c807,Sniff ’n’ the Tears,Sniff ’n’ the Tears
Nick Lowe,15,exact_text,1.0,a3d5a6bf-c86d-44d3-969b-f345620009c6,Nick Lowe,Nick Lowe
Lauren Wood,15,exact_text,1.0,5f157df7-62d2-45ed-a21c-bd0da8402d09,Lauren Wood,Lauren Wood
Jon & Vangelis,15,exact_text,1.0,8c9b4c93-5283-4e1a-bae1-415c65ffefbf,Jon and Vangelis,Jon and Vangelis
707,15,exact_text,1.0,56ebfe5e-8f02-4437-a2b1-0d38fb9aed2b,707,707
Eye to Eye,15,exact_text,1.0,5e4cf88d-40a8-4b5d-bdbd-0a0b90322bc1,Eye to Eye,Eye to Eye
Agnetha Faltskog,15,exact_text,1.0,aebbb417-0d18-4fec-a2e2-ce9663d1fa7e,Agnetha Fältskog,Agnetha Fältskog
Joboxers,15,exact_text,1.0,187d2bcb-df89-4ee3-bc03-9b8865f7de1a,JoBoxers,JoBoxers
Face To Face,15,exact_text,1.0,8a3be197-2afd-4e80-b795-17f9df3aefac,face to face,face to face
Newcleus,15,exact_text,1.0,7e937cd8-ac02-407e-9cbc-39e2b376d66f,Newcleus,Newcleus
Roger Hodgson,15,exact_text,1.0,210bf857-3387-4a7e-9301-7eb9c66800d6,Roger Hodgson,Roger Hodgson
Dan Seals,15,exact_text,1.0,47ac957d-1078-410a-9b1d-803bf83c1b87,Dan Seals,Dan Seals
Hipsway,15,exact_text,1.0,b3694fe1-fc16-4f2e-bc1c-9187d8ea2358,Hipsway,Hipsway
World Party,15,exact_text,1.0,f7691e08-2824-4e40-b126-4e4a20675036,World Party,World Party
Wa Wa Nee,15,exact_text,1.0,bdfa8a02-4f77-4f35-bab9-fe5b09a5f1e8,Wa Wa Nee,Wa Wa Nee
L'Trimm,15,fuzzy,0.9231,0f95ffa9-40d0-4b60-899a-c7e194828ff8,L’Trimm,L’Trimm
Young And Restless,15,exact_text,1.0,f343b0bc-d08f-499d-8ac1-33c9a83dd404,Young & Restless,Young & Restless
Doc Box & B. Fresh,15,exact_text,1.0,01dd77e5-77c8-479b-807e-f7adbc63176a,Doc Box & B. Fresh,Doc Box & B. Fresh
Cynthia,15,exact_text,1.0,1f23dfcd-07a7-41a4-8c36-0dbfed79fe05,Cynthia,Cynthia
Voice Of The Beehive,15,exact_text,1.0,236d5762-50b1-43fc-ab1c-6799c3479c43,Voice of the Beehive,Voice of the Beehive
The College Boyz,15,exact_text,1.0,1ca8b3f9-de19-439a-9dda-0417e8cc1986,The College Boyz,The College Boyz
Megadeth,15,exact_text,1.0,a9044915-8be3-4c7e-b11f-9e2d2ea0a91e,Megadeth,Megadeth
Wendy Moten,15,exact_text,1.0,f58a85e3-d79a-49c0-8543-fef332632bad,Wendy Moten,Wendy Moten
Tasmin Archer,15,exact_text,1.0,44ecd2ac-a5b9-4b64-8edb-f3c76a5fa439,Tasmin Archer,Tasmin Archer
Nightcrawlers,15,exact_text,1.0,1c68d986-7b3a-4ecb-9d14-43e6902ef2bd,Nightcrawlers,Nightcrawlers
Danzig,15,exact_text,1.0,8925a01a-8608-411d-a90b-f3a52d061208,Danzig,Danzig
The Conscious Daughters,15,exact_text,1.0,de7ad4e8-2073-4cc9-bee2-34ff0aa50c5d,The Conscious Daughters,The Conscious Daughters
Morrissey,15,exact_text,1.0,013fa897-86db-41d3-8e9f-386c8a34f4e6,Morrissey,Morrissey
FRENTE!,15,exact_text,1.0,6739a15f-2430-4b47-957c-4f2903c55ea7,Frente!,Frente!
Roula,15,exact_text,1.0,47e68583-0ceb-4e1e-b160-cb971d7e820e,Roula,Roula
Shawn Stockman,15,exact_text,1.0,bc6da2ed-e930-4b1f-a77b-9af6832987d4,Shawn Stockman,Shawn Stockman
Kristine W,15,exact_text,1.0,93a1aab7-bdbc-4334-bcf6-6889f7a2682a,Kristine W,Kristine W
Los Del Mar,15,exact_text,1.0,4ef7039f-26bc-48db-bf4b-f857aa41bc33,Los del Mar,Los del Mar
Laurnea,15,exact_text,1.0,aff8abae-24ee-49a5-84b4-cb7b9c0b3433,Laurneá,Laurneá
Mono,15,exact_text,1.0,ffe02aed-ef7e-4736-a186-c2f1dd55ce8d,MONO,MONO
Canibus,15,exact_text,1.0,3f09f9d0-a88a-41a0-8cd8-a6dbcff2c50d,Canibus,Canibus
Jimmy Cozier,15,exact_text,1.0,059e0aca-516b-4655-acb3-8ef5dbec4887,Jimmy Cozier,Jimmy Cozier
iio,15,exact_text,1.0,79ad5f01-b181-448d-b776-a252949d61af,iiO,iiO
Body Head Bangerz Featuring YoungBloodZ,15,exact_text,1.0,ab6ac71b-1a93-44ae-9cca-c732b4bbe119,Body Head Bangerz,Body Head Bangerz
Relient K,15,exact_text,1.0,a49b5d41-7399-49ef-bcb8-a5779a30d2e9,Relient K,Relient K
Mika,15,exact_text,1.0,8a9ac1cb-faae-434e-8d60-b139a3707dfc,MIKA,MIKA
Feist,15,exact_text,1.0,a670e05a-cea8-4b37-bce9-d82daf1a0fa4,Feist,Feist
Heidi Newfield,15,exact_text,1.0,c95f1dc9-c9e4-4e88-ab30-3b4afedf8b9a,Heidi Newfield,Heidi Newfield
The Rock Heroes,15,exact_normalized,1.0,105efc4b-015e-4e19-a3a4-6bc019759426,Rock Heroes,Rock Heroes
Cage the Elephant,15,exact_text,1.0,b41b38d4-ef3e-4f37-8c75-cfe9af999696,Cage the Elephant,Cage the Elephant
Steel Magnolia,15,exact_text,1.0,5f549372-3e08-42aa-ad67-0d3c60e1b86d,Steel Magnolia,Steel Magnolia
Gyptian,15,exact_text,1.0,c70a1a51-caf3-4667-b956-11e27a00fe37,Gyptian,Gyptian
Sick Puppies,15,exact_text,1.0,86f78011-5087-48d2-8922-c381d2eb0c40,Sick Puppies,Sick Puppies
Rita Ora,15,exact_text,1.0,c9dd033c-0270-463c-b3ec-f4b7712486fe,Rita Ora,Rita Ora
Hadouken!,15,exact_text,1.0,8c9200b8-8e05-41d5-836e-44a37905560e,Hadouken!,Hadouken!
SoMo,15,exact_text,1.0,bd83292c-242b-45cd-bd8d-6bd362c60e6e,SoMo,SoMo
Austin Mahone Featuring Pitbull,15,exact_text,1.0,b69b9854-f568-4a50-b076-309c459946a8,Austin Mahone,Austin Mahone
J Balvin,15,exact_text,1.0,5bdeb32d-56a5-4b6d-a768-264101fa0a0a,J Balvin,J Balvin
DLOW,15,exact_text,1.0,3361c5b2-6133-45ff-a697-c33eda1d6896,Dlow,Dlow
Robin Schulz Featuring Francesco Yates,15,exact_text,1.0,163218c2-9e0f-4d2d-aecb-ebbdef6aab70,Robin Schulz,Robin Schulz
Noah Cyrus Featuring Labrinth,15,exact_text,1.0,5df148ae-78eb-495a-8a0b-d16f3105992d,Noah Cyrus,Noah Cyrus
Travis Denning,15,exact_text,1.0,2ceae0c1-a16a-4533-a827-6bd8f00acfed,Travis Denning,Travis Denning
Ashley McBryde,15,exact_text,1.0,ba8520a7-e14a-4ba6-9ab5-1fab4d0a154f,Ashley McBryde,Ashley McBryde
Conan Gray,15,exact_text,1.0,850a8b03-98a7-4fd3-afbd-5e5520b4ef5f,Conan Gray,Conan Gray
Twice,15,exact_text,1.0,8da127cc-c432-418f-b356-ef36210d82ac,TWICE,TWICE
Rosa Linn,15,exact_text,1.0,3de05898-e662-4b53-8c69-28bda89ad6fe,Rosa Linn,Rosa Linn
Jimmy Clanton And His Rockets,14,exact_text,1.0,b06e00c6-58d4-4d0f-bcf3-83590b1f47c4,Jimmy Clanton & His Rockets,Jimmy Clanton & His Rockets
Cyril Stapleton And His Orchestra,14,exact_text,1.0,71219e03-e920-4036-a6d4-fc2d5aba75b8,Cyril Stapleton & His Orchestra,Cyril Stapleton & His Orchestra
Hugo & Luigi,14,exact_text,1.0,6594d91a-8a94-41df-9a7f-784619811d14,Hugo & Luigi,Hugo & Luigi
The Little Dippers,14,exact_text,1.0,57c32f5e-33bd-421d-9704-6b17071e56a6,The Little Dippers,The Little Dippers
The Beau-Marks,14,fuzzy,0.963,0abdc92a-2a18-4ecf-b440-ed47429cb145,The Beau‐Marks,The Beau‐Marks
Louis Prima,14,exact_text,1.0,b5997eef-2516-491a-a10e-5cee842bbcdc,Louis Prima,Louis Prima
Buzz Clifford,14,exact_text,1.0,e4c06a55-4bec-4be4-9086-8e205ec83f06,Buzz Clifford,Buzz Clifford
Don Shirley Trio,14,exact_text,1.0,b9cb16a5-bc55-4a3f-9290-495077ffce53,Don Shirley Trio,Don Shirley Trio
Larry Finnegan,14,exact_text,1.0,cd693b0e-aee6-4831-81dc-536907b6b323,Larry Finnegan,Larry Finnegan
Bobby Gregg and His Friends,14,exact_text,1.0,cdd3910f-c858-4589-892b-f1a61450fe79,Bobby Gregg & His Friends,Bobby Gregg & His Friends
Ernie Maresca,14,exact_text,1.0,cf595f4e-b552-4069-8da3-94bd4087a8de,Ernie Maresca,Ernie Maresca
Emilio Pericoli,14,exact_text,1.0,7a3126a9-7942-4329-988c-59e85f512454,Emilio Pericoli,Emilio Pericoli
Joe Harnell And His Orchestra,14,exact_text,1.0,088cbe63-b67a-4ad3-9845-fee49836428a,Joe Harnell and His Orchestra,Joe Harnell and His Orchestra
Cannibal And The Headhunters,14,exact_text,1.0,80d0f59f-3364-422d-99da-6aadb411da02,Cannibal & the Headhunters,Cannibal & the Headhunters
Horst Jankowski,14,exact_text,1.0,4a498643-8439-49b0-97e1-83c632db91e1,Horst Jankowski,Horst Jankowski
Tammi Terrell,14,exact_text,1.0,ce4582b6-aee7-4da1-b841-3c619d4fb5a5,Tammi Terrell,Tammi Terrell
Claudine Longet,14,exact_text,1.0,d92e5e90-2266-4835-bccc-e94c7790e1b4,Claudine Longet,Claudine Longet
Jon & Robin And The In Crowd,14,exact_text,1.0,3fe56abc-eb61-4537-80f3-b6d995fb9d52,Jon & Robin & The In Crowd,Jon & Robin & The In Crowd
Miriam Makeba,14,exact_text,1.0,bc5c2918-4aba-4ef6-a245-100563a4487f,Miriam Makeba,Miriam Makeba
The Rose Garden,14,exact_text,1.0,3eb98e6f-8b5c-43f2-aa6c-1b571e52c1cf,The Rose Garden,The Rose Garden
Wes Montgomery,14,exact_text,1.0,663f8232-8c46-4851-803f-a91d31593b14,Wes Montgomery,Wes Montgomery
Lalo Schifrin,14,exact_text,1.0,adf017f5-76d6-4d31-b1b9-a0211675e7c2,Lalo Schifrin,Lalo Schifrin
Georgie Fame,14,exact_text,1.0,17776099-2662-48e0-9a51-7e3cbe0930fa,Georgie Fame,Georgie Fame
Tiny Tim,14,exact_text,1.0,2f2f7eb6-37c3-446e-8288-f88f76295c2a,Tiny Tim,Tiny Tim
Bull & The Matadors,14,exact_text,1.0,9eccee1e-77cc-4d60-a8a5-39d5cac7e4ca,Bull and the Matadors,Bull and the Matadors
Don Fardon,14,exact_text,1.0,a5f36edd-db89-46e4-94d3-2aef6d070610,Don Fardon,Don Fardon
The Peppermint Rainbow,14,exact_text,1.0,dfed603c-4345-4db5-b706-713e430676a3,The Peppermint Rainbow,The Peppermint Rainbow
Quicksilver Messenger Service,14,exact_text,1.0,cbb5f92c-b4a3-4804-b57d-e14d2c0f95f5,Quicksilver Messenger Service,Quicksilver Messenger Service
The Glass House,14,exact_text,1.0,49a7b88b-341d-411c-98f2-4a6aff5ffa8a,The Glass House,The Glass House
Crabby Appleton,14,exact_text,1.0,c6b4d75c-f541-45b5-a5a6-049915d96d57,Crabby Appleton,Crabby Appleton
Alive & Kicking,14,exact_text,1.0,4d0cea3f-f381-496e-9097-fbbca83fdd42,Alive & Kicking,Alive & Kicking
The Lost Generation,14,exact_normalized,1.0,4787ee53-fb96-49bf-a166-719245543610,Lost Generation,Lost Generation
Paul Kelly,14,exact_text,1.0,2353e48c-3b80-4ac1-be24-88f9b99c84c8,Paul Kelly,Paul Kelly
Elephant's Memory,14,fuzzy,0.9697,4d8768ae-1459-4841-b168-e0773feeb6af,Elephant’s Memory,Elephant’s Memory
Five Flights Up,14,exact_text,1.0,330663ab-f1cd-49b4-911b-d89036672bce,Five Flights Up,Five Flights Up
Redeye,14,exact_text,1.0,149004a1-76b0-487c-81be-12f4ab7c4a07,Redeye,Redeye
Wadsworth Mansion,14,exact_text,1.0,8d6977af-5786-4572-af9e-bdaea9a42fda,Wadsworth Mansion,Wadsworth Mansion
Richie Havens,14,exact_text,1.0,b45ea9f4-d0a1-45e1-b3a8-bf4fe509b8d0,Richie Havens,Richie Havens
The Beginning Of The End,14,exact_text,1.0,875885b7-9619-423f-b039-2046361d5c18,The Beginning of the End,The Beginning of the End
Chee-Chee & Peppy,14,exact_text,1.0,ac651788-010e-4105-979d-1ea7bf12a11a,Chee Chee & Peppy,Chee Chee & Peppy
Mickey Newbury,14,exact_text,1.0,d347a10f-6675-48dd-9615-b839c2ac0210,Mickey Newbury,Mickey Newbury
Commander Cody & His Lost Planet Airmen,14,exact_text,1.0,2d67f7f4-1e85-4278-bac6-424e6204a8b9,Commander Cody & His Lost Planet Airmen,Commander Cody & His Lost Planet Airmen
Godspell,14,exact_text,1.0,18f3283e-a627-4b2d-acf9-74026837ba04,Godspell,Godspell
Mott the Hoople,14,exact_text,1.0,435f1441-0f43-479d-92db-a506449a686b,Mott the Hoople,Mott the Hoople
Lou Reed,14,exact_text,1.0,9d1ebcfe-4c15-4d18-95d3-d919898638a1,Lou Reed,Lou Reed
Grover Washington| Jr.,14,exact_text,1.0,c60e178f-36f1-4169-9c03-84addbdbf104,"Grover Washington, Jr.","Grover Washington, Jr."
John Williams,14,exact_text,1.0,53b106e7-0cc6-42cc-ac95-ed8d30a3a98e,John Williams,John Williams
The Michael Zager Band,14,exact_text,1.0,3defec00-4c44-425c-adb1-d2ffea62b2de,The Michael Zager Band,The Michael Zager Band
Allan Clarke,14,exact_text,1.0,fcc0da8f-a85c-4fac-b503-a694588e4cb4,Allan Clarke,Allan Clarke
Photoglo,14,exact_text,1.0,0d36eae0-49c4-4f13-ae25-810961e7934f,Photoglo,Photoglo
Point Blank,14,exact_text,1.0,2058af26-4b52-4227-b2d6-940b047f18d0,Point Blank,Point Blank
Bob & Doug McKenzie,14,exact_text,1.0,3aaeaad2-dad2-4e27-b35f-d0e57bcf04b3,Bob and Doug McKenzie,Bob and Doug McKenzie
Vandenberg,14,exact_text,1.0,103b58fb-26ef-4c66-9b48-6eda02763fc8,Vandenberg,Vandenberg
Elvis Costello And The Attractions,14,exact_text,1.0,0ffb6573-a98e-412e-aa01-0a580e9d8b06,Elvis Costello & The Attractions,Elvis Costello & The Attractions
Meli'sa Morgan,14,fuzzy,0.963,ef7cd54b-2570-475c-a8fa-34c18cc51136,Meli’sa Morgan,Meli’sa Morgan
Jonathan Butler,14,exact_text,1.0,68b8199b-eff2-45fb-be86-da8138d97067,Jonathan Butler,Jonathan Butler
Pepsi & Shirlie,14,exact_text,1.0,389823ad-1a72-4e16-af19-6b7453c4ebf9,Pepsi & Shirlie,Pepsi & Shirlie
Judson Spence,14,exact_text,1.0,f84bae43-1c3a-473e-bb65-c182d03fa676,Judson Spence,Judson Spence
Roachford,14,exact_text,1.0,497a9f4b-938a-451e-b92a-f2992635dad5,Roachford,Roachford
Elvis Costello,14,exact_text,1.0,8a338e06-d182-46f2-bd16-30a09bc840ba,Elvis Costello,Elvis Costello
K.M.C. KRU,14,exact_text,1.0,197cb0f3-a1ba-4265-8221-0f77fea19f88,K.M.C. Kru,K.M.C. Kru
Good 2 Go,14,exact_text,1.0,16f95d76-20ad-446d-9182-7c6be4eb0535,Good 2 Go,Good 2 Go
A.L.T. And The Lost Civilization,14,exact_text,1.0,4de738b9-4311-45a2-8bb9-284ae9954d47,A.L.T. & the Lost Civilization,A.L.T. & the Lost Civilization
Prince Markie Dee And The Soul Convention,14,exact_text,1.0,aef2ada0-6e7f-4087-a10b-f0b3a8b5fd21,Prince Markie Dee and the Soul Convention,Prince Markie Dee and the Soul Convention
Born Jamericans,14,exact_text,1.0,0df686f8-150e-44e2-97ac-35780952e8c2,Born Jamericans,Born Jamericans
Juliet Roberts,14,exact_text,1.0,64c09807-3793-49ca-8228-2be8cdcb4f55,Juliet Roberts,Juliet Roberts
The Presidents Of The United States Of America,14,exact_text,1.0,7509421d-1074-442f-be8f-b526167afcb3,The Presidents of the United States of America,The Presidents of the United States of America
dog's eye view,14,fuzzy,0.963,2a1b3044-7245-427c-90d9-7e9dc7673b34,Dog’s Eye View,Dog’s Eye View
Funky Green Dogs,14,exact_text,1.0,5bee4d7d-87f4-4fac-85d6-2facc4ab7128,Funky Green Dogs,Funky Green Dogs
Timbaland & Magoo,14,exact_text,1.0,a692b7dc-0420-4d00-8b31-1d3773d44116,Timbaland & Magoo,Timbaland & Magoo
Athenaeum,14,exact_text,1.0,ab0ca595-e4ee-402d-bc78-72b0fea4da77,Athenaeum,Athenaeum
Pressha,14,exact_text,1.0,a7ba7c7b-6bd2-4da7-a8e6-adb5b52524d0,Pressha,Pressha
BlackHawk,14,exact_text,1.0,091ef352-590c-41e6-827e-d3e925b2ffa5,BlackHawk,BlackHawk
Hoku,14,exact_text,1.0,3af5bf95-b4ea-4b21-b40d-2b9bdab1c2f0,Hoku,Hoku
Bilal,14,exact_text,1.0,260097c7-d628-4a3f-966f-956ea430c0d8,Bilal,Bilal
Eden's Crush,14,fuzzy,0.9565,d96bab78-cdce-45ac-bfc1-65af021bb8ae,Eden’s Crush,Eden’s Crush
Sharissa,14,exact_text,1.0,6b6e69d7-19cf-4e6c-a340-033012751f15,Sharissa,Sharissa
Godsmack,14,exact_text,1.0,ac2d1c91-3667-46aa-9fe7-170ca7fce9e2,Godsmack,Godsmack
Kem,14,exact_text,1.0,0609c172-8605-490c-9494-e1019803e817,Kem,Kem
Angels & Airwaves,14,exact_text,1.0,05071a7e-e71c-4306-a509-591cd3686893,Angels & Airwaves,Angels & Airwaves
GS Boyz,14,exact_text,1.0,60f188cb-40f0-4a17-b5be-bddcb3a7a474,GS Boyz,GS Boyz
Big Time Rush,14,exact_text,1.0,94785e0f-81be-4360-a9e1-a00df5dc8bc6,Big Time Rush,Big Time Rush
Victorious Cast Featuring Victoria Justice,14,exact_text,1.0,19c682b6-31cc-41fa-bf6e-1796f2a1e778,Victorious Cast,Victorious Cast
Bridgit Mendler,14,exact_text,1.0,f59f7cee-8f6a-4a6f-b23c-f3b5fdf6208f,Bridgit Mendler,Bridgit Mendler
Lauren Alaina,14,exact_text,1.0,f2506ff4-4091-4e57-ac5b-156110732aa9,Lauren Alaina,Lauren Alaina
Chief Keef,14,exact_text,1.0,9118f524-be76-4eaf-875c-ccf15e2a2ad6,Chief Keef,Chief Keef
Labrinth Featuring Emeli Sande,14,exact_text,1.0,dc99e6fd-c710-4f79-b74b-127b4d0b7849,Labrinth,Labrinth
Kiesza,14,exact_text,1.0,87ff5ccd-64cd-45d6-bba3-ba2647e85d74,Kiesza,Kiesza
DJ Drama Featuring Chris Brown| Skeme & Lyquin,14,exact_text,1.0,de23d637-20df-4b15-ae63-263dd5a34f10,DJ Drama,DJ Drama
Bryce Vine,14,exact_text,1.0,a9630d3d-2a3b-4b51-903d-3b092abbc443,Bryce Vine,Bryce Vine
Gordon MacRae,13,exact_text,1.0,63da067e-d1ba-4e39-a1ac-ef09594993c4,Gordon MacRae,Gordon MacRae
Travis & Bob,13,exact_text,1.0,52edaea6-dc10-4375-b847-5547a5849e41,Travis & Bob,Travis & Bob
George Jones,13,exact_text,1.0,f2903be0-79a7-4334-8cc5-e45309482a97,George Jones,George Jones
Ronnie Hawkins,13,exact_text,1.0,8a701db6-1180-4bfb-bd69-417614406212,Ronnie Hawkins,Ronnie Hawkins
Gene & Eunice,13,exact_text,1.0,94412baa-fe78-4d85-956d-28bd0daa7803,Gene & Eunice,Gene & Eunice
Tommy Facenda,13,exact_text,1.0,9799ff59-db5b-4555-81be-1429ad5be535,Tommy Facenda,Tommy Facenda
Dorothy Collins,13,exact_text,1.0,6ac1a6d1-ea6b-4de6-b77e-5232efad470e,Dorothy Collins,Dorothy Collins
Henry Mancini,13,exact_text,1.0,83e71a21-caf7-4e48-8ff7-6512d51e88a3,Henry Mancini,Henry Mancini
Rosie And The Originals,13,exact_text,1.0,93935784-781a-4aaa-b1a9-fdee862e36bd,Rosie & the Originals,Rosie & the Originals
The Dukays,13,exact_text,1.0,d2128047-a99c-43c6-ac99-7d0719362b3c,The Dukays,The Dukays
Billy Joe & The Checkmates,13,exact_text,1.0,a340b6e9-1419-4bde-b1fb-b8d94a822276,Billy Joe & the Checkmates,Billy Joe & the Checkmates
The Ran-Dells,13,fuzzy,0.96,2826051e-48a1-4acc-bde3-4c977f00b961,The Ran‐Dells,The Ran‐Dells
Inez Foxx,13,exact_text,1.0,415da583-42ab-41ac-a124-b4e683cd0ae7,Inez Foxx,Inez Foxx
Hank Williams Jr.,13,exact_text,1.0,1d8010a0-b642-4c8f-9c8d-8dc66b7bb81a,"Hank Williams, Jr.","Hank Williams, Jr."
Cilla Black,13,exact_text,1.0,e002853b-7843-449b-a46a-c35fe6b8bed5,Cilla Black,Cilla Black
The Nashville Teens,13,exact_text,1.0,445f9517-6aea-41b1-a565-5d23b013e122,The Nashville Teens,The Nashville Teens
Mongo Santamaria,13,exact_text,1.0,915f84de-eac2-4e78-99ad-9ab6e2c50af6,Mongo Santamaría,Mongo Santamaría
The Mad Lads,13,exact_text,1.0,df597575-db24-48e2-8ce7-48b49219d893,The Mad Lads,The Mad Lads
Swingin' Medallions,13,exact_normalized,1.0,fbede13c-0d0b-41dc-9f02-fd4248816e83,The Swingin’ Medallions,The Swingin’ Medallions
The Joe Cuba Sextet,13,exact_normalized,1.0,15a1d7e4-30bc-4580-a441-abc8a51fcc34,Joe Cuba Sextet,Joe Cuba Sextet
The Casinos,13,exact_normalized,1.0,2ee4a2bb-3eda-4289-8d49-c0342075e296,Casinos,Casinos
The Crazy World Of Arthur Brown,13,exact_text,1.0,d6f097c1-9866-4d40-9ed4-aabbf01c143e,The Crazy World of Arthur Brown,The Crazy World of Arthur Brown
Nazz,13,exact_text,1.0,8295499e-808a-4e10-9e91-2df00d9c1a72,Nazz,Nazz
Zager & Evans,13,exact_text,1.0,8fda69dc-1c26-4a75-8097-f9f8ed210878,Zager & Evans,Zager & Evans
Motherlode,13,exact_text,1.0,737144eb-4a89-4540-9c06-98e38d4d9f03,Motherlode,Motherlode
Mungo Jerry,13,exact_text,1.0,d99a6247-94ab-4685-87df-572ba6ef44b7,Mungo Jerry,Mungo Jerry
Loretta Lynn,13,exact_text,1.0,613260c3-d620-4645-94cd-33cd55f29b1e,Loretta Lynn,Loretta Lynn
Bloodrock,13,exact_text,1.0,a5d9716e-659c-4e04-b911-eb1b7ab2a6cf,Bloodrock,Bloodrock
The Raeletts,13,exact_text,1.0,35cb8a99-0d99-460d-be31-0583416b9ebf,The Raeletts,The Raeletts
The Glass Bottle,13,exact_text,1.0,b1438d79-9ac5-44f6-a04a-bb82d3fc234b,The Glass Bottle,The Glass Bottle
Peter Nero,13,exact_text,1.0,bc4ca610-333b-424b-8c3c-c724e6327b62,Peter Nero,Peter Nero
The Hillside Singers,13,exact_text,1.0,3fd80cfb-5b9e-4037-8a00-e8b3b61df51a,The Hillside Singers,The Hillside Singers
Buffy Sainte-Marie,13,fuzzy,0.9714,7b1a3022-6f4d-4c6b-acb3-bfa8919222b9,Buffy Sainte‐Marie,Buffy Sainte‐Marie
Brighter Side Of Darkness,13,exact_text,1.0,3ce955b2-0c69-4c0f-9ee8-d9cf38b5e3bf,Brighter Side of Darkness,Brighter Side of Darkness
Joe Stampley,13,exact_text,1.0,c7ebf416-4067-4924-b93c-2dc7b6a77ef2,Joe Stampley,Joe Stampley
Loudon Wainwright III,13,exact_text,1.0,3ddc1fe4-0abb-4af0-9392-e36720386842,Loudon Wainwright III,Loudon Wainwright III
Sister Janet Mead,13,exact_text,1.0,ad9b81e7-d8e9-48f2-b6bc-5782d14c2365,Sister Janet Mead,Sister Janet Mead
Hagood Hardy,13,exact_text,1.0,892694d8-2560-458b-84e0-581039965409,Hagood Hardy,Hagood Hardy
Hamilton| Joe Frank & Dennison,13,exact_text,1.0,d1a2a6e1-8a76-42a0-802f-7768e94335a3,"Hamilton, Joe Frank & Dennison","Hamilton, Joe Frank & Dennison"
Cerrone,13,exact_text,1.0,9ec90f51-2c4a-495b-b478-2dfc9c07f8bc,Cerrone,Cerrone
Celi Bee & The Buzzy Bunch,13,exact_text,1.0,8ccc0fbe-79f5-4b6f-b278-65ab879f906f,Celi Bee & the Buzzy Bunch,Celi Bee & the Buzzy Bunch
Alan Parsons,13,exact_text,1.0,9774cfd1-8862-42bd-919e-156c31f079b4,Alan Parsons,Alan Parsons
Stillwater,13,exact_text,1.0,84e20698-0b86-4760-87ef-a0b92d2e9829,Stillwater,Stillwater
Justin Hayward,13,exact_text,1.0,c113d7a7-2b22-49dc-886b-366ee68577cb,Justin Hayward,Justin Hayward
Musique,13,exact_text,1.0,6e26ad1d-4553-4a34-a592-cde50afde682,Musique,Musique
Sad Cafe,13,exact_text,1.0,71c63c71-3e29-4d33-9ffb-5b2250c0f3d5,Sad Café,Sad Café
Tycoon,13,exact_text,1.0,4ad60dbf-046c-47b3-bc71-9219937f1600,Tycoon,Tycoon
Liquid Gold,13,exact_text,1.0,d69eb0c6-14e2-4cbf-9f9b-637e68b7d396,Liquid Gold,Liquid Gold
Niteflyte,13,exact_text,1.0,920d3538-7074-4118-840b-ef3c61e958b5,Niteflyte,Niteflyte
Red Rider,13,exact_text,1.0,a22d8a5d-1ca1-43cf-85a6-07f64a18273d,Red Rider,Red Rider
Silver Condor,13,exact_text,1.0,d2ec72b0-08e9-4258-978c-9fbf0b804192,Silver Condor,Silver Condor
Nik Kershaw,13,exact_text,1.0,6286e04b-7bc1-4f22-bca5-fdd34d1b0d93,Nik Kershaw,Nik Kershaw
Romeo Void,13,exact_text,1.0,70693ef1-2d81-4b35-a483-bd78553db176,Romeo Void,Romeo Void
Krokus,13,exact_text,1.0,cb15cff6-82b8-40b7-af51-a9f596923444,Krokus,Krokus
9.9,13,exact_text,1.0,d2e0596b-274c-41e0-9898-56da490fd2c7,9.9,9.9
Artists United Against Apartheid,13,exact_text,1.0,298fb0c1-5a1f-43c1-854d-663762caad6e,Artists United Against Apartheid,Artists United Against Apartheid
Wax,13,exact_text,1.0,549e1b66-0898-49f1-bf5c-0c7195a08fbe,Wax,Wax
Models,13,exact_text,1.0,8bffa101-61ea-4692-9645-37837e613358,Models,Models
Gwen Guthrie,13,exact_text,1.0,0116ef38-f596-440c-a911-8265c2122ab5,Gwen Guthrie,Gwen Guthrie
Curiosity Killed The Cat,13,exact_text,1.0,55d90727-a6e0-4c0f-8dbd-fbca607b1492,Curiosity Killed the Cat,Curiosity Killed the Cat
Buster Poindexter & His Banshees Of Blue,13,exact_text,1.0,ce475fc9-6768-41d9-b5f2-29c4b85d3a4f,Buster Poindexter and His Banshees of Blue,Buster Poindexter and His Banshees of Blue
Gene Loves Jezebel,13,exact_text,1.0,d72c9ab4-0b73-44e3-8601-c4da02a43b25,Gene Loves Jezebel,Gene Loves Jezebel
Cheryl Pepsii Riley,13,exact_text,1.0,d9941b74-4578-4b38-b1b8-bbc484097074,Cheryl Pepsii Riley,Cheryl Pepsii Riley
One 2 Many,13,exact_text,1.0,a8f3579e-1bd3-4f07-9a6a-20869b7c6075,One 2 Many,One 2 Many
Stage Dolls,13,exact_text,1.0,7a53094c-962f-4f48-8e99-c6298b7ea9d5,Stage Dolls,Stage Dolls
Beats International,13,exact_text,1.0,65fe9ece-5a3f-442d-8d6d-34f58b1dce23,Beats International,Beats International
Brent Bourgeois,13,exact_text,1.0,46903481-c27e-414a-b169-428f986061ea,Brent Bourgeois,Brent Bourgeois
Danger Danger,13,exact_text,1.0,4eeef72c-42d3-4c61-a4a2-3613a8c3b00b,Danger Danger,Danger Danger
2nu,13,exact_text,1.0,ba746531-cdc9-4b5c-ba06-8dee515da255,2NU,2NU
Thunder,13,exact_text,1.0,0d4696bc-6a04-4525-80a8-40308054b91c,Thunder,Thunder
3rd Bass,13,exact_text,1.0,34ea2ef9-c05c-427e-a26f-0bb35c7d6524,3rd Bass,3rd Bass
Voyce,13,exact_text,1.0,439255b9-0118-47f6-8a48-431f03af59bd,Voyce,Voyce
Cracker,13,exact_text,1.0,ca48bfb8-37c5-4a04-9837-a07975ee0cd3,Cracker,Cracker
Ovis,13,exact_text,1.0,d12689df-ff15-4c09-9047-1f272ff2f43e,Ovis,Ovis
Scatman John,13,exact_text,1.0,9904bde1-04a7-41cf-a2a3-d09a42445145,Scatman John,Scatman John
Puff Johnson,13,exact_text,1.0,f361d30d-3b22-48be-b9e7-7f9baa8829bb,Puff Johnson,Puff Johnson
Alfonzo Hunter,13,exact_text,1.0,818b9782-cafb-4324-abdf-f5b005fdb36f,Alfonzo Hunter,Alfonzo Hunter
Suga Free,13,exact_text,1.0,dba60855-62c2-4801-81cb-5450ac0ddbae,Suga Free,Suga Free
Abra Moore,13,exact_text,1.0,b82ce4a1-04a8-4299-97d8-5866c9b619b2,Abra Moore,Abra Moore
Stone Temple Pilots,13,exact_text,1.0,8c32bb01-58a3-453b-8050-8c0620edb0e5,Stone Temple Pilots,Stone Temple Pilots
Cash Money Millionaires,13,exact_text,1.0,e7457d77-aebe-4347-8f53-a4ad2c653c31,Cash Money Millionaires,Cash Money Millionaires
Gigi D'Agostino,13,fuzzy,0.9655,57c1e5ea-e08f-413a-bcb1-f4e4b675bead,Gigi D’Agostino,Gigi D’Agostino
Pilar Montenegro,13,exact_text,1.0,411d0b59-1f96-430d-acaf-39261e5057a1,Pilar Montenegro,Pilar Montenegro
WC Featuring Nate Dogg,13,exact_text,1.0,a81209aa-e6ea-46c3-bada-7048e12ee7f4,WC,WC
Regina Spektor,13,exact_text,1.0,fbb375f9-48bb-4635-824e-4120273b3ba7,Regina Spektor,Regina Spektor
Ashley Tisdale,13,exact_text,1.0,1fa14a96-c25c-4bb7-b94d-ff453519eab3,Ashley Tisdale,Ashley Tisdale
Cupid,13,exact_text,1.0,56e347d3-0306-4a32-a015-f9d19ebf56fb,Cupid,Cupid
Raheem DeVaughn,13,exact_text,1.0,103d9720-942a-4400-8c3b-3eaf76852a2c,Raheem DeVaughn,Raheem DeVaughn
The Lost Trailers,13,exact_text,1.0,ea772689-0d46-4aa1-bf22-a5fa482a5174,The Lost Trailers,The Lost Trailers
Driicky Graham,13,exact_text,1.0,ce68c286-af75-4537-bf02-2400f17f53b2,Driicky Graham,Driicky Graham
The Swon Brothers,13,exact_text,1.0,d3889afd-e4d4-41f3-b548-09036264a2f4,The Swon Brothers,The Swon Brothers
Hillsong United,13,exact_text,1.0,a29ae051-283b-4703-be3d-2accfa3a75a2,Hillsong UNITED,Hillsong UNITED
Thurl Ravenscroft,13,exact_text,1.0,f666ee36-5c6c-46d2-923a-39ce7f02ca34,Thurl Ravenscroft,Thurl Ravenscroft
Erica Banks,13,exact_text,1.0,0dcbb84a-d113-495d-a54b-da197a4504b7,Erica Banks,Erica Banks
Metro Boomin Featuring Don Toliver & Future,13,exact_text,1.0,59db3d82-86ea-451f-881f-dffc8ec387c9,Metro Boomin,Metro Boomin
Chino Pacas,13,exact_text,1.0,d4065b73-145c-4b82-a474-b622474dd5a1,Chino Pacas,Chino Pacas
Koe Wetzel,13,exact_text,1.0,cf59723d-febb-4481-9b9b-3cb2c7f2a7e6,Koe Wetzel,Koe Wetzel
GELO,13,exact_text,1.0,e28467da-d444-4c61-9a90-730e04848b07,Gelo,Gelo
G Herbo,13,exact_text,1.0,1b1f50d1-4746-468b-a6a2-7db7200d3dfc,G Herbo,G Herbo
The Quin-Tones,12,exact_text,1.0,51331965-53f5-4dec-92d0-d73c7cd2e8b2,The Quin-Tones,The Quin-Tones
Gogi Grant,12,exact_text,1.0,ce476ab2-d9b4-4f2d-b848-82c9a2373772,Gogi Grant,Gogi Grant
The Nu Tornados,12,exact_text,1.0,298878c2-8357-4114-a7f0-60de6c0f5e89,The Nu Tornados,The Nu Tornados
The Mark IV,12,exact_normalized,1.0,a17b0735-6aed-4047-93ce-b2b4396694f6,Mark IV,Mark IV
Jimmy Barnes,12,exact_text,1.0,acaacdc4-194e-45ae-9959-c8e83e3120b2,Jimmy Barnes,Jimmy Barnes
Sil Austin,12,exact_text,1.0,f8a10e22-e902-41d8-bc60-39562c4b1427,Sil Austin,Sil Austin
Narvel Felts,12,exact_text,1.0,7b2d7a70-5c1c-4cb0-93f7-dd627a45662c,Narvel Felts,Narvel Felts
Deane Hawley,12,exact_text,1.0,5eea70bb-d24a-43f9-b4b4-2000f515ceb7,Deane Hawley,Deane Hawley
Cowboy Copas,12,exact_text,1.0,dde0c16b-4697-4109-b58c-d8eb2c657f5d,Cowboy Copas,Cowboy Copas
Hank Snow,12,exact_text,1.0,c328faea-ae26-4988-85f5-e9a8dc322bb1,Hank Snow,Hank Snow
Cathy Jean and The Roommates,12,fuzzy,0.9818,8f2bbc2d-881a-4dbd-8be8-21446ad15171,Cathy Jean & the Roomates,Cathy Jean & the Roomates
The Dreamlovers,12,exact_normalized,1.0,a8c593ad-3be8-4324-a8d2-2c57c6f19c91,Dreamlovers,Dreamlovers
Jimmy McCracklin,12,exact_text,1.0,497acfd9-091f-4405-a603-0623d099cc1d,Jimmy McCracklin,Jimmy McCracklin
Ronnie and The Hi-Lites,12,fuzzy,0.9778,189e55fa-b39f-491d-9b33-b54933127998,Ronnie & the Hi‐Lites,Ronnie & the Hi‐Lites
Dr. Feelgood And The Interns,12,exact_text,1.0,3ab3585d-353c-4286-ab64-70e66f62082a,Dr. Feelgood & The Interns,Dr. Feelgood & The Interns
Nathaniel Mayer And The Fabulous Twilights,12,fuzzy,0.9524,647c506e-dee2-42b4-9a6b-7bb04991f1c0,Nathaniel Mayer & His Fabulous Twilights,Nathaniel Mayer & His Fabulous Twilights
Nelson Riddle,12,exact_text,1.0,4308fdc4-7f8a-42f0-aaea-a8b397da5e3c,Nelson Riddle,Nelson Riddle
The Five Du-Tones,12,exact_text,1.0,48111661-7124-469f-92d9-0d8c880d71b9,The Five Du-Tones,The Five Du-Tones
Dave Dudley,12,exact_text,1.0,2439e604-b15b-40ad-bfaf-ea7c3f5a6fca,Dave Dudley,Dave Dudley
Sunny & The Sunglows,12,exact_text,1.0,0fc0016f-5a0f-4789-809d-a8a1cbc3b647,Sunny & the Sunglows,Sunny & the Sunglows
Sunny & The Sunliners,12,exact_text,1.0,dd98fec1-294b-49ef-a4cc-04b97f3d1d05,Sunny & the Sunliners,Sunny & the Sunliners
Ginny Arnell,12,exact_text,1.0,fc1f4a83-1adb-4ffa-abea-1d5d4e161856,Ginny Arnell,Ginny Arnell
Reparata And The Delrons,12,exact_text,1.0,9382688d-f5c6-4f91-b2b8-1c47b3b41f19,Reparata & The Delrons,Reparata & The Delrons
Radiants,12,exact_normalized,1.0,8782745d-568e-465b-87e6-23f520be3249,The Radiants,The Radiants
The C.O.D.'s,12,exact_text,1.0,26fcca63-5437-4a3a-b633-7311da6a5516,The C.O.D.'s,The C.O.D.'s
Lowell Fulsom,12,fuzzy,0.9231,df9483e8-e037-450e-bcc4-6e9c280a4f73,Lowell Fulson,Lowell Fulson
Red Sovine,12,exact_text,1.0,03e318a0-2292-4219-888c-f491ac63c6d1,Red Sovine,Red Sovine
Margaret Whiting,12,exact_text,1.0,dcda6ece-8cca-4d98-9785-2d5e9b07be80,Margaret Whiting,Margaret Whiting
"The Sopwith ""Camel""",12,exact_normalized,1.0,79f4b406-57b0-4b91-a9ee-43f58c3d612d,Sopwith Camel,Sopwith Camel
Bob Crewe Generation,12,exact_normalized,1.0,fe2dd395-210e-4a5d-a331-15948ac52e93,The Bob Crewe Generation,The Bob Crewe Generation
Henson Cargill,12,exact_text,1.0,9cd0c8c6-e9c6-4bde-ae04-f4dbebb3b481,Henson Cargill,Henson Cargill
The Amboy Dukes,12,exact_text,1.0,1a03f20c-26dd-4c26-bbe8-426e05ea46d5,The Amboy Dukes,The Amboy Dukes
Max Frost And The Troopers,12,exact_text,1.0,a0e47ac3-ed1a-456a-adb8-9b478d5576a8,Max Frost & the Troopers,Max Frost & the Troopers
Magic Lanterns,12,exact_normalized,1.0,fd1c722c-cdf5-4483-894b-6748a90858ff,The Magic Lanterns,The Magic Lanterns
The Bubble Puppy,12,exact_normalized,1.0,1c1744eb-e415-4da2-ae07-cac87072f071,Bubble Puppy,Bubble Puppy
The Neon Philharmonic,12,exact_text,1.0,f05b1ac0-4904-4b8b-963d-9e65ce68a086,The Neon Philharmonic,The Neon Philharmonic
The Joe Jeffrey Group,12,exact_text,1.0,5aa56116-a4ab-488a-a66e-1317c3d92872,The Joe Jeffrey Group,The Joe Jeffrey Group
The Electric Indian,12,exact_text,1.0,f584332c-1d96-487c-89e3-0f796b367133,The Electric Indian,The Electric Indian
Harlow Wilcox and the Oakies,12,exact_text,1.0,02cce552-4d86-424f-b326-e8585e2a652e,Harlow Wilcox & The Oakies,Harlow Wilcox & The Oakies
Pickettywitch,12,exact_text,1.0,042a3275-fc9e-4e62-8fca-d4de874762da,Pickettywitch,Pickettywitch
Teegarden & Van Winkle,12,exact_text,1.0,2b4e9b15-4a2b-4332-8415-ec3be3425b2a,Teegarden & Van Winkle,Teegarden & Van Winkle
Liz Damon's Orient Express,12,fuzzy,0.9804,54352cc1-465a-4385-b6c4-45c685b3614e,Liz Damon’s Orient Express,Liz Damon’s Orient Express
Seatrain,12,exact_text,1.0,db88cfb9-581b-4857-8c8f-1baa545f88fa,Seatrain,Seatrain
Sounds Of Sunshine,12,exact_text,1.0,b0574995-afeb-42dd-9d97-1cc4c3db6341,Sounds Of Sunshine,Sounds Of Sunshine
Malo,12,exact_text,1.0,4c08bf15-3362-4388-825c-8a8d3c3f4730,Malo,Malo
The Mystic Moods,12,exact_normalized,1.0,c552f496-4391-489b-951b-2cd8b81b7cc0,Mystic Moods,Mystic Moods
Gregg Allman,12,exact_text,1.0,679a4fa1-f7f3-44ca-b440-ad6fb163b10d,Gregg Allman,Gregg Allman
Byron MacGregor,12,exact_text,1.0,f83395f3-4284-47e9-acbe-70c607990c7d,Byron MacGregor,Byron MacGregor
Consumer Rapport,12,exact_text,1.0,b1d90a05-4ff9-4ec2-bf2f-cac0bde5ce38,Consumer Rapport,Consumer Rapport
Melba Moore,12,exact_text,1.0,3dd35366-4551-4818-bc87-c0fd83f002b1,Melba Moore,Melba Moore
Cyndi Grecco,12,exact_text,1.0,5110bb3e-92ab-4499-9a3b-bab0126285d1,Cyndi Grecco,Cyndi Grecco
Lenny LeBlanc,12,exact_text,1.0,db89c5d7-d9fe-468a-a472-86296349285b,Lenny LeBlanc,Lenny LeBlanc
Jane Olivor,12,exact_text,1.0,2e4a98a3-6c79-4372-8f66-54201c86cdad,Jane Olivor,Jane Olivor
Fotomaker,12,exact_text,1.0,8eab71d5-0c04-44a3-afa7-f6fcda724206,Fotomaker,Fotomaker
Teri DeSario,12,exact_text,1.0,4f063999-7faf-4eae-91f2-7eeaa301468d,Teri DeSario,Teri DeSario
City Boy,12,exact_text,1.0,5f17e9fa-b437-4cc3-9f6a-1f7eaf3e3563,City Boy,City Boy
Giorgio Moroder,12,exact_text,1.0,38dd6337-19ae-4793-ab4b-313eff523457,Giorgio Moroder,Giorgio Moroder
Chuck Brown & The Soul Searchers,12,exact_text,1.0,ee60b539-6e37-403a-8716-1fddcece99be,Chuck Brown & The Soul Searchers,Chuck Brown & The Soul Searchers
Delegation,12,exact_text,1.0,0a4c7d0c-ffca-45a0-bfac-b328c4f0d219,Delegation,Delegation
Alton McClain & Destiny,12,exact_text,1.0,77b1cc54-ab86-4895-b903-4595025a846a,Alton McClain & Destiny,Alton McClain & Destiny
Bram Tchaikovsky,12,exact_text,1.0,c7b017ab-995a-4bb8-b5d1-dc874ef66283,Bram Tchaikovsky,Bram Tchaikovsky
Ian Gomm,12,exact_text,1.0,0f5d9ba9-c1e4-4156-bffc-af6d7e257e7a,Ian Gomm,Ian Gomm
Kurtis Blow,12,exact_text,1.0,72eafbba-ff08-4257-9594-267d4a6fcdca,Kurtis Blow,Kurtis Blow
Rockpile,12,exact_text,1.0,e0bcd6af-e702-4e3c-964d-355801ce2c65,Rockpile,Rockpile
Cheri,12,exact_text,1.0,47d08e19-01f4-4bb0-802c-345dbdb24b66,Cheri,Cheri
Larry Elgart And His Manhattan Swing Orchestra,12,exact_text,1.0,38117266-0fe1-4602-b70d-f4baf0af15ac,Larry Elgart & His Manhattan Swing Orchestra,Larry Elgart & His Manhattan Swing Orchestra
Felony,12,exact_text,1.0,89c02ade-7403-4577-a73a-1c079bc85733,Felony,Felony
Nona Hendryx,12,exact_text,1.0,af78c8ec-0d33-4082-98f5-23281b65b109,Nona Hendryx,Nona Hendryx
Icicle Works,12,exact_normalized,1.0,03143cba-d359-4bd9-8ab3-5ba6590f9933,The Icicle Works,The Icicle Works
Trans-X,12,fuzzy,0.9231,fbd5e01b-9739-4736-a36a-fc815f705350,Trans‐X,Trans‐X
Ann Wilson,12,exact_text,1.0,5d8a6a6f-44ae-4421-865f-470600f4db65,Ann Wilson,Ann Wilson
Deja,12,exact_text,1.0,3afe6720-5f42-4bc2-abf3-479af20b5a07,Déjà,Déjà
E.U.,12,exact_text,1.0,f6ddf3ec-cf9b-45e5-a01d-a48790cecc00,E.U.,E.U.
Camouflage,12,exact_text,1.0,bc6b7d82-1d7b-4f48-b742-d32936f5d5c9,Camouflage,Camouflage
Kaoma,12,exact_text,1.0,bc5e04ab-51fe-4364-ac78-54b657ea2848,Kaoma,Kaoma
Electronic,12,exact_text,1.0,3cdb360e-d0a2-459f-92f6-f0f28e62127d,Electronic,Electronic
Tiana,12,exact_text,1.0,12000e7f-a7d0-4a22-b549-77b34e5d6895,Tiana,Tiana
Indecent Obsession,12,exact_text,1.0,fd09142f-272e-4c8d-9d4c-dd4393b8fed9,Indecent Obsession,Indecent Obsession
Clubland,12,exact_text,1.0,4b678dc4-9a5d-4d8a-881e-3bd76de95a97,Clubland,Clubland
Rodney O & Joe Cooley,12,exact_text,1.0,2ba29f11-6321-451f-934d-3f63b3930ce3,Rodney O & Joe Cooley,Rodney O & Joe Cooley
Dawn Penn,12,exact_text,1.0,2303f592-119c-4ca7-b8fd-819c5ac5667d,Dawn Penn,Dawn Penn
The Crooklyn Dodgers,12,exact_text,1.0,0eb35c17-df1a-42a8-8b79-d9bc7f203140,The Crooklyn Dodgers,The Crooklyn Dodgers
Freedy Johnston,12,exact_text,1.0,466b0935-98c2-44db-bf2b-f8033735b485,Freedy Johnston,Freedy Johnston
Kool G Rap,12,exact_text,1.0,852665bd-7089-4119-a77d-251162346b4c,Kool G Rap,Kool G Rap
Tina Arena,12,exact_text,1.0,c1ccc784-9f18-4369-96b1-38106419b5ad,Tina Arena,Tina Arena
BeBe Winans,12,exact_text,1.0,8c86f18c-6703-473c-a1ca-482abd0cca27,BeBe Winans,BeBe Winans
S.O.A.P.,12,exact_text,1.0,9184d704-caed-42e5-95ed-bdc48f7e1266,S.O.A.P.,S.O.A.P.
Lari White,12,exact_text,1.0,20291e0d-22d9-4a3c-ac0b-1f3b3ce009a3,Lari White,Lari White
Trina & Tamara,12,exact_text,1.0,c7417e39-a0a8-47a9-b51e-51c44b7153fb,Trina & Tamara,Trina & Tamara
Coko,12,exact_text,1.0,0e340cd1-7d5d-494f-847a-9397367d2ba2,Coko,Coko
Beth Hart,12,exact_text,1.0,3fe817fc-966e-4ece-b00a-76be43e7e73c,Beth Hart,Beth Hart
Bloodhound Gang,12,exact_text,1.0,b2dbfc09-b332-408b-a235-1850e41971c5,Bloodhound Gang,Bloodhound Gang
Splender,12,exact_text,1.0,0856d0a5-626e-48dd-941c-de70c8f682cd,Splender,Splender
The Clark Family Experience,12,exact_text,1.0,6e2a64a5-6cde-4aef-8f69-500ede0aa19d,The Clark Family Experience,The Clark Family Experience
Project Pat,12,exact_text,1.0,8b8985eb-f71f-4229-9f11-171a7aac98c1,Project Pat,Project Pat
Sum 41,12,exact_text,1.0,f2eef649-a6d5-4114-afba-e50ab26254d2,Sum 41,Sum 41
Method Man & Redman,12,exact_text,1.0,c03e2388-9e1b-4b78-8194-28c0d6ca19a0,Method Man & Redman,Method Man & Redman
Isyss,12,exact_text,1.0,9a4a3b85-8a85-4924-872f-24b8bf2feb26,Isyss,Isyss
Dwele,12,exact_text,1.0,808c1fbb-ccfb-4b15-a541-72bec155e696,Dwele,Dwele
Mannie Fresh,12,exact_text,1.0,34dc70df-8b2c-4bb0-a132-0958671a509c,Mannie Fresh,Mannie Fresh
Boyz N Da Hood,12,exact_text,1.0,ef0b3c71-4ea0-4989-8adc-ea357960ab4b,Boyz n da Hood,Boyz n da Hood
"Damian ""Jr. Gong"" Marley",12,exact_text,1.0,cbfb9bcd-c5a0-4d7c-865f-2c641c171e1c,Damian “Jr. Gong” Marley,Damian “Jr. Gong” Marley
Paris Hilton,12,exact_text,1.0,0d9ff9c7-394e-4228-93aa-c4afd4765324,Paris Hilton,Paris Hilton
We the Kings,12,exact_text,1.0,6ec79457-b06b-4e3b-83f9-9b26fc7a99bc,We the Kings,We the Kings
Jessie James,12,fuzzy,0.9167,80667aa7-9cb7-483b-9dc8-016a9cf60a43,Jesse Jaymes,Jesse Jaymes
Roscoe Dash Featuring Soulja Boy Tell'em,12,exact_text,1.0,2d79c678-e9e6-4456-a941-8ca436747a43,Roscoe Dash,Roscoe Dash
Sunny Sweeney,12,exact_text,1.0,8582240e-2992-4d9f-aff8-ef03b5eeeedf,Sunny Sweeney,Sunny Sweeney
Nicole Scherzinger Featuring 50 Cent,12,exact_text,1.0,0f7534a6-dc5f-46ca-a2e0-13d214cdd52b,Nicole Scherzinger,Nicole Scherzinger
Michel Telo,12,exact_text,1.0,6d00cc0d-2027-41d4-be9f-13770037354b,Michel Teló,Michel Teló
Ski Mask The Slump God,12,exact_text,1.0,faf916e0-ffc5-4345-a10b-b79ed8c9b8f6,Ski Mask the Slump God,Ski Mask the Slump God
Bella Poarch,12,exact_text,1.0,6e29613f-68dd-4a24-add2-9a9962de2523,Bella Poarch,Bella Poarch
Acraze Featuring Cherish,12,exact_text,1.0,e21e0137-b42d-44a5-abd6-c6ac160d0d7d,ACRAZE,ACRAZE
Stephanie Beatriz,12,exact_text,1.0,6dca439d-0612-4c83-bf00-52747922fe62,Stephanie Beatriz,Stephanie Beatriz
Rosalia,12,exact_text,1.0,25f3abd9-63b5-471a-bd25-feb9672dfa11,ROSALÍA,ROSALÍA
Sophie Ellis-Bextor,12,fuzzy,0.973,c4b87e45-c07a-460f-9c58-8d15328e2964,Sophie Ellis‐Bextor,Sophie Ellis‐Bextor
Imogen Heap,12,exact_text,1.0,328d146c-79f1-4eb6-9e40-8ee5710c14e5,Imogen Heap,Imogen Heap
Bernie Lowe Orchestra,11,exact_text,1.0,4ce9c184-698f-44e4-bf49-fa598959c6a2,Bernie Lowe Orchestra,Bernie Lowe Orchestra
The Five Satins,11,exact_text,1.0,178dbef0-eb15-407a-beb8-1c70b1fd1b97,The Five Satins,The Five Satins
Monty Kelly And His Orchestra,11,exact_text,1.0,313cda42-21b3-4c9f-afa9-c1dbc7f49348,Monty Kelly and His Orchestra,Monty Kelly and His Orchestra
Bobby Marchan,11,exact_text,1.0,ca7129b1-b2b8-40da-89ea-a2b6aeabb87b,Bobby Marchan,Bobby Marchan
Shirley & Lee,11,exact_text,1.0,edd9fb9d-949f-4a4c-a057-485a75baf935,Shirley & Lee,Shirley & Lee
Lonnie Donegan And His Skiffle Group,11,exact_text,1.0,032a670a-59fc-4b04-aec6-67255e7a915c,Lonnie Donegan & His Skiffle Group,Lonnie Donegan & His Skiffle Group
Duals,11,exact_normalized,1.0,62c98db5-d59c-4395-b8a8-7481715ae40f,The Duals,The Duals
Dick Dale and The Del-Tones,11,fuzzy,0.9057,820263ae-ab51-426d-85e9-bed5a74f00e1,Dick Dale and His Del‐Tones,Dick Dale and His Del‐Tones
Hayley Mills,11,exact_text,1.0,e627f92e-12b2-4f45-ad8b-bc3f8acaf35a,Hayley Mills,Hayley Mills
The Blue-Belles,11,exact_text,1.0,f32d23ab-f953-4a74-8fb1-6f87b842c8f6,The Blue-Belles,The Blue-Belles
Mel Torme,11,exact_text,1.0,4439c2fd-a754-4f6a-b3a6-791b47726156,Mel Tormé,Mel Tormé
Gabriel And The Angels,11,exact_text,1.0,e1cfa6c0-9eff-4f53-91d7-d5cd033cb322,Gabriel and the Angels,Gabriel and the Angels
Murry Kellum,11,exact_text,1.0,ecadc2d5-3375-46b1-8e9d-a4cecfa2dacd,Murry Kellum,Murry Kellum
Patty & The Emblems,11,exact_text,1.0,a9111778-8cf7-413f-919c-793e4eb46487,Patty & the Emblems,Patty & the Emblems
The Ad Libs,11,exact_text,1.0,c2fa0c29-799b-46ad-8a13-f6467bea34e7,The Ad Libs,The Ad Libs
Just Us,11,exact_text,1.0,2b34d128-22d3-456f-810a-784502ae0242,Just Us,Just Us
Dee Jay And The Runaways,11,exact_text,1.0,b3d4bacc-7283-4ab5-b038-6024be41481f,Dee Jay & The Runaways,Dee Jay & The Runaways
Tommy McLain,11,exact_text,1.0,ddf2b13b-6739-4eed-8c0f-b5cfe2a3e8c4,Tommy McLain,Tommy McLain
Kasenetz-Katz Singing Orchestral Circus,11,exact_normalized,1.0,1cb6e86d-d70f-414a-b42d-f0bfc2c38f07,The Kasenetz-Katz Singing Orchestral Circus,The Kasenetz-Katz Singing Orchestral Circus
Clarence Reid,11,exact_text,1.0,80bc029c-f2c9-463c-8701-5973aaf1cee6,Clarence Reid,Clarence Reid
Fantasy,11,exact_text,1.0,07e0925b-0500-4d6d-9d22-a8f6823ca904,Fantasy,Fantasy
Jim Ed Brown,11,exact_text,1.0,7e867242-c616-468c-82c5-da1669efe335,Jim Ed Brown,Jim Ed Brown
Dave & Ansil Collins,11,fuzzy,0.9545,339248fd-883b-4b2d-8803-62a7ded53e23,Dave & Ansel Collins,Dave & Ansel Collins
Potliquor,11,exact_text,1.0,01d09ead-4643-4ddd-a939-3e870887a07c,Potliquor,Potliquor
Jo Jo Gunne,11,exact_text,1.0,18e3ba47-7141-4ff7-91bd-bbea9b904dcf,Jo Jo Gunne,Jo Jo Gunne
Gladstone,11,exact_text,1.0,2a820255-912b-497a-8fbf-53b1e43cdc13,Gladstone,Gladstone
Lyn Collins,11,exact_text,1.0,dba14974-c3a7-43db-8de4-cfa996c1b05c,Lyn Collins,Lyn Collins
John & Ernest,11,exact_text,1.0,54f9a3bf-4b6a-4e1e-ac93-6c7041feb8ea,John & Ernest,John & Ernest
Rubicon,11,exact_text,1.0,bbeb5818-b406-4208-9664-a6b6c6b41a09,Rubicon,Rubicon
Demis Roussos,11,exact_text,1.0,b3fa1a75-d947-4f32-9f5d-dc72d7438afa,Demis Roussos,Demis Roussos
Cheryl Ladd,11,exact_text,1.0,4c854741-6e36-4692-b895-db5715b4c6ac,Cheryl Ladd,Cheryl Ladd
Zwol,11,exact_text,1.0,2805ed9a-8144-42c6-a4cc-0f34f52400fd,Zwol,Zwol
Marshall Hain,11,exact_text,1.0,0fe45892-16f1-49eb-96c2-70789e692afa,Marshall Hain,Marshall Hain
Desmond Child And Rouge,11,exact_text,1.0,de28a646-be9a-4fed-862e-1a60e41c2f0c,Desmond Child & Rouge,Desmond Child & Rouge
McGuinn| Clark & Hillman,11,exact_text,1.0,29436873-d5cb-49ac-b60e-b68e38593c1d,"McGuinn, Clark & Hillman","McGuinn, Clark & Hillman"
The Jones Girls,11,exact_text,1.0,2abe50ac-74df-4baf-8928-b90cb9f19f68,The Jones Girls,The Jones Girls
Herman Brood,11,exact_text,1.0,b6a8f165-b329-433e-8904-06aec124266f,Herman Brood,Herman Brood
Richie Furay,11,exact_text,1.0,b109cae4-cd02-4a69-9a45-809bb330f5e6,Richie Furay,Richie Furay
Rodney Crowell,11,exact_text,1.0,a201fa9d-5896-423d-b629-327228c62a7c,Rodney Crowell,Rodney Crowell
Touch,11,exact_text,1.0,50ee0ebc-6bee-47f1-b27d-eb3acc86ea99,Touch,Touch
Split Enz,11,exact_text,1.0,2bbdc83c-3d4d-44f4-8e26-6bc748d358dd,Split Enz,Split Enz
Bow Wow Wow,11,exact_text,1.0,2a81f398-647b-4580-b24c-d78b3103a27b,Bow Wow Wow,Bow Wow Wow
Marshall Crenshaw,11,exact_text,1.0,3a389027-814a-4f99-8f12-44e5276595cf,Marshall Crenshaw,Marshall Crenshaw
Afrika Bambaataa & The Soul Sonic Force,11,fuzzy,0.9351,3c92c119-b8fb-414c-bb09-9bfbfc189432,Afrika Bambaataa & Soulsonic Force,Afrika Bambaataa & Soulsonic Force
Tane Cain,11,exact_text,1.0,b555bb0e-c6d4-4550-8363-54bfc2e126b6,Tané Cain,Tané Cain
Josie Cotton,11,exact_text,1.0,aa0e428a-6e55-4079-bbcb-c5aa73f1f902,Josie Cotton,Josie Cotton
The Weather Girls,11,exact_text,1.0,8bc23f36-2d1e-45c5-ad47-69e402b0923a,The Weather Girls,The Weather Girls
Belouis Some,11,exact_text,1.0,05ee3560-9587-4eed-bc09-bec3bdeaced2,Belouis Some,Belouis Some
Menudo,11,exact_text,1.0,96bfe83a-ef0c-4447-a473-451523f7d4bf,Menudo,Menudo
Magazine 60,11,exact_text,1.0,0265700b-0367-4c2d-a89f-a4c866e3f98f,Magazine 60,Magazine 60
The Art Of Noise Featuring Duane Eddy,11,exact_normalized,1.0,be899560-1570-402e-9f95-3182898a8b70,Art of Noise,Art of Noise
Doctor And The Medics,11,exact_text,1.0,753e9278-19e0-471f-bf9e-786b590bb9cc,Doctor and the Medics,Doctor and the Medics
Uptown,11,exact_text,1.0,bfbe89c8-6cd6-4023-88e6-c9936b554f14,Uptown,Uptown
Yello,11,exact_text,1.0,c616aef1-e21f-46f8-864f-b7bad96f41b2,Yello,Yello
Dan Reed Network,11,exact_text,1.0,2fe24c3c-5768-484d-a64b-04983e99325a,Dan Reed Network,Dan Reed Network
Indigo Girls,11,exact_text,1.0,00c49f40-d715-4b79-b223-432048602cce,Indigo Girls,Indigo Girls
Marcia Griffiths,11,exact_text,1.0,f7fb3771-3dc1-4b7b-b144-7f0a43fa1422,Marcia Griffiths,Marcia Griffiths
Sydney Youngblood,11,exact_text,1.0,deee48aa-f583-4a33-8fe2-3d9690c0adf3,Sydney Youngblood,Sydney Youngblood
Guys Next Door,11,exact_text,1.0,ad31fdb7-c829-4f4b-8f7b-5694bb3bc338,Guys Next Door,Guys Next Door
Harriet,11,exact_text,1.0,9dd3c752-c85c-46a7-9801-254de65f5e77,Harriet,Harriet
Daisy Dee,11,exact_text,1.0,2519503f-2327-4452-890a-9f9302361eb2,Daisy Dee,Daisy Dee
LaTour,11,exact_text,1.0,c947255e-a2a0-4913-8c6a-a47466b8b8e7,LaTour,LaTour
Sandee,11,exact_text,1.0,79ae0dc9-217a-4f76-97a6-1dcc9779a8e9,Sandee,Sandee
Titiyo,11,exact_text,1.0,1b4bee4d-3239-4a65-8239-b62b43c23f48,Titiyo,Titiyo
Dr. Alban,11,exact_text,1.0,85a3072a-08eb-43a4-a57d-f7084503ee4c,Dr. Alban,Dr. Alban
The Lady Of Rage,11,exact_text,1.0,147a3ceb-ebeb-4ce8-96e6-b2b3616dca04,The Lady of Rage,The Lady of Rage
Urge Overkill,11,exact_text,1.0,120e728a-4078-47b7-a31c-d581ade28bde,Urge Overkill,Urge Overkill
Willi One Blood,11,exact_text,1.0,e0eab50a-b9ad-4e3c-bc35-8d01b41f7793,Willi One Blood,Willi One Blood
Jill Sobule,11,exact_text,1.0,2b2df5fd-7d41-4d78-a456-62c738bb4d9c,Jill Sobule,Jill Sobule
Yaki-Da,11,exact_text,1.0,c3353d27-ad89-4aa3-8d0a-64ca631fae84,Yaki-Da,Yaki-Da
Men Of Vizion,11,exact_text,1.0,42f3714d-cf61-4bfd-aef5-75f1eef63f1f,Men of Vizion,Men of Vizion
Katalina,11,exact_text,1.0,49dba7a1-168b-4e9a-9c98-646ef896d1ad,Katalina,Katalina
Elusion,11,exact_text,1.0,201310d2-d8b7-4b24-afd1-3800a4658a62,Elusion,Elusion
Swirl 360,11,exact_text,1.0,9c13ae03-9106-4794-bcfe-f945647233a3,Swirl 360,Swirl 360
Tim Rushlow,11,exact_text,1.0,30c01706-b4ae-4fe0-9d38-1f54f01e6c36,Tim Rushlow,Tim Rushlow
X-Ecutioners,11,fuzzy,0.9565,9bb0ae46-c22c-499f-915f-9b4fc8d4f767,X‐Ecutioners,X‐Ecutioners
Soluna,11,exact_text,1.0,810a0d6d-564c-425b-84b9-f906e37bd0b4,Soluna,Soluna
Obie Trice,11,exact_text,1.0,c0f98b1d-1133-46d6-ab05-723a95cb5453,Obie Trice,Obie Trice
Jermaine Dupri,11,exact_text,1.0,fb75bc76-a50b-4d3a-b060-63092a4c6bbf,Jermaine Dupri,Jermaine Dupri
Romeo Santos Featuring Drake,11,exact_text,1.0,35f343df-3b87-4475-b0e4-d2ba5cc26eea,Romeo Santos,Romeo Santos
Dawin,11,exact_text,1.0,6d670145-5d7b-4154-b66d-34bbe644476d,Dawin,Dawin
Derez De'Shon,11,fuzzy,0.96,03d2f3bc-648b-4325-affd-59065b0f3a1e,Derez De’Shon,Derez De’Shon
Kygo Featuring Miguel,11,exact_text,1.0,ba0e7638-0cd6-4ff4-8987-c3e224d22c23,Kygo,Kygo
Nipsey Hussle Featuring Roddy Ricch & Hit-Boy,11,exact_text,1.0,410bbb19-8309-4a0b-9f87-3d65bde4a826,Nipsey Hussle,Nipsey Hussle
Chloe X Halle,11,fuzzy,0.9167,65dc16f0-2573-4747-ae7b-a7a2ff4dab8f,Chloe × Halle,Chloe × Halle
DDG,11,exact_text,1.0,6b8275bf-566f-4da0-9472-6e4e3aa5441e,DDG,DDG
Good Neighbours,11,exact_text,1.0,a84a3df1-a873-4be9-b6ff-4238393d46d7,Good Neighbours,Good Neighbours
Jody Reynolds,10,exact_text,1.0,2ec1b269-51b4-4876-b0d0-17c0374f9d93,Jody Reynolds,Jody Reynolds
The Tune Rockers,10,exact_text,1.0,c5badc5d-2a8d-4039-b8b5-f524c1acfce6,The Tune Rockers,The Tune Rockers
Carl Smith,10,fuzzy,0.9474,320b4732-22ab-41f8-b566-b05bd4ede17f,Cal Smith,Cal Smith
The Five Blobs,10,exact_text,1.0,48d695dd-acd0-4f18-b48a-1dbff32a294d,The Five Blobs,The Five Blobs
The Mickey Mozart Quintet,10,exact_text,1.0,8571afc3-487f-4323-9aee-69aa384588e4,The Mickey Mozart Quintet,The Mickey Mozart Quintet
The Knightsbridge Strings,10,exact_text,1.0,8e64d20f-468e-4b26-834e-ade4ab9667e4,The Knightsbridge Strings,The Knightsbridge Strings
Homer And Jethro,10,exact_text,1.0,f5a6bb71-f49d-4115-b285-fda004821497,Homer & Jethro,Homer & Jethro
Jon Thomas and Orchestra,10,exact_text,1.0,b733d1d1-de85-4d53-8087-13f2b4c26b69,Jon Thomas & Orchestra,Jon Thomas & Orchestra
The Ivy Three,10,exact_text,1.0,a694f348-a4ff-4675-90d6-3b732513ac16,The Ivy Three,The Ivy Three
Sammy Kaye And His Orchestra,10,exact_text,1.0,65e3ba0c-0191-4f35-9d38-6209c493ee19,Sammy Kaye and His Orchestra,Sammy Kaye and His Orchestra
Frank Slay And His Orchestra,10,exact_text,1.0,49f9701e-937e-4dca-9628-b6369fc15677,Frank Slay and His Orchestra,Frank Slay and His Orchestra
John Lee Hooker,10,exact_text,1.0,b0122194-c49a-46a1-ade7-84d1d76bd8e9,John Lee Hooker,John Lee Hooker
Little Joey And The Flips,10,exact_text,1.0,117fa0c9-7464-4eb2-a6a6-88bfabd016fd,Little Joey & the Flips,Little Joey & the Flips
The Pastel Six,10,exact_text,1.0,6158341a-7856-4467-a378-f2c74ffece01,The Pastel Six,The Pastel Six
Jack Nitzsche,10,exact_text,1.0,28a20b09-5ef7-4f81-878a-a5d8aef5ab1c,Jack Nitzsche,Jack Nitzsche
Barry & The Tamerlanes,10,exact_text,1.0,9e3dbed0-953e-4c94-a009-18a3a8441aff,Barry and the Tamerlanes,Barry and the Tamerlanes
Soul Sisters,10,exact_text,1.0,076922a9-bf8e-4220-9828-db7bb42146fc,Soul Sisters,Soul Sisters
Boots Randolph,10,exact_text,1.0,7b10ba94-21c3-4abb-802c-fe4984817504,Boots Randolph,Boots Randolph
The Ray Conniff Singers,10,exact_text,1.0,35e5aa58-6039-4fb9-bbfc-e168d75b8fd5,The Ray Conniff Singers,The Ray Conniff Singers
Candy & The Kisses,10,exact_text,1.0,a03fb725-b2ae-4a41-aaa6-ec9155a8509f,Candy & the Kisses,Candy & the Kisses
Vic Damone,10,exact_text,1.0,423066e2-4dcb-4014-b824-cc55933f0bf0,Vic Damone,Vic Damone
San Remo Golden Strings,10,exact_text,1.0,33995986-e060-42b0-81e1-8dad0c30c217,San Remo Golden Strings,San Remo Golden Strings
Little Jimmy Dickens,10,exact_text,1.0,bd7589a3-f82f-4c3d-b7e2-e57e89552da1,‘Little’ Jimmy Dickens,‘Little’ Jimmy Dickens
The Harden Trio,10,exact_text,1.0,088e1d76-1c79-4fb5-93d6-0412a4a331ac,The Harden Trio,The Harden Trio
Bobby Moore & The Rhythm Aces,10,exact_text,1.0,9b4d096c-2ac1-46aa-a522-417ba57e7a42,Bobby Moore & the Rhythm Aces,Bobby Moore & the Rhythm Aces
Napoleon XIV,10,exact_text,1.0,21e08280-f2fe-4abf-93f9-a71a673ada9e,Napoleon XIV,Napoleon XIV
Lorraine Ellison,10,exact_text,1.0,cc781935-afd3-4f35-908d-d9513d37b67a,Lorraine Ellison,Lorraine Ellison
Terry Knight and The Pack,10,exact_text,1.0,6a5accb4-39d0-46b7-802d-166a30d32729,Terry Knight & The Pack,Terry Knight & The Pack
The Yellow Balloon,10,exact_text,1.0,4daefcd4-d9e3-46f5-a6cf-147c7ceab82c,The Yellow Balloon,The Yellow Balloon
The Fifth Estate,10,exact_text,1.0,2cc14bcf-c7c6-4fb0-a214-8b45ffc88340,The Fifth Estate,The Fifth Estate
The Love Generation,10,exact_normalized,1.0,0cf9eb89-f883-444b-a483-056ba5312739,Love Generation,Love Generation
The Peppermint Trolley Company,10,exact_text,1.0,8080e395-31d1-49f2-b4eb-71b4b625529a,The Peppermint Trolley Company,The Peppermint Trolley Company
The Avant-Garde,10,exact_normalized,1.0,0d67d7bb-f423-47a5-a508-d100f268f7b3,Avant Garde,Avant Garde
Rhinoceros,10,exact_text,1.0,535603f4-cebe-4b96-a374-3cd0691055b9,Rhinoceros,Rhinoceros
Desmond Dekker And The Aces,10,exact_text,1.0,ba971bf0-8316-4d0d-820b-57f4882c497f,Desmond Dekker & the Aces,Desmond Dekker & the Aces
Thunderclap Newman,10,exact_text,1.0,e5ef73d3-58ce-4a71-bbf7-72cf5cb2393a,Thunderclap Newman,Thunderclap Newman
The Village Soul Choir,10,exact_text,1.0,070fb69f-fb45-4b28-a1b9-4d4e71736a20,The Village Soul Choir,The Village Soul Choir
The Boys In The Band,10,exact_text,1.0,a2a1333b-8c73-4a6b-a7b7-a60a9a452838,The Boys in the Band,The Boys in the Band
Traffic,10,exact_text,1.0,9fadfba9-ecae-4383-a4d8-47b043cea19a,Traffic,Traffic
Kiki Dee,10,exact_text,1.0,ccb4d559-44f9-4927-9cf3-cd1530cc5bcc,Kiki Dee,Kiki Dee
Ashton| Gardner & Dyke,10,exact_text,1.0,580818c3-c3a4-44b6-96c1-9a202844d92d,"Ashton, Gardner & Dyke","Ashton, Gardner & Dyke"
Springwell,10,exact_text,1.0,f1443d7d-9aef-4305-94d8-534267db8968,Springwell,Springwell
Pop-Tops,10,exact_text,1.0,323315f1-a508-4ff8-901b-83edef85a163,Pop Tops,Pop Tops
Sweathog,10,exact_text,1.0,277df578-9e44-4629-91c8-b7b6c012396d,Sweathog,Sweathog
The JB's,10,fuzzy,0.9412,cb6a2948-7b9b-4a15-8c71-2b79cc76408e,The J.B.’s,The J.B.’s
Limmie & Family Cookin',10,exact_text,1.0,2ea6bafc-fb32-452e-99fc-960293bcd141,Limmie & Family Cookin’,Limmie & Family Cookin’
Cymande,10,exact_text,1.0,21c5fb53-6fbc-4080-989a-b26d4540f4fd,Cymande,Cymande
Melba Montgomery,10,exact_text,1.0,6aa51fda-8324-4a34-8652-5b2f209b9e01,Melba Montgomery,Melba Montgomery
The Rubettes,10,exact_text,1.0,af64d87b-4114-48e8-8c9a-b61b314a4bd4,The Rubettes,The Rubettes
The Souther| Hillman| Furay Band,10,exact_text,1.0,9ee14ffa-02fb-4fd0-a3f6-d67864cd441a,"The Souther, Hillman, Furay Band","The Souther, Hillman, Furay Band"
Bimbo Jet,10,exact_text,1.0,cc9892a1-ab06-4a60-acee-fda7a04b986c,Bimbo Jet,Bimbo Jet
Batdorf & Rodney,10,exact_text,1.0,8e1b0146-c53a-4a62-af47-702a28ab9cdf,Batdorf & Rodney,Batdorf & Rodney
5000 Volts,10,exact_text,1.0,16dcd746-37e9-40b7-83fb-8521f443af7a,5000 Volts,5000 Volts
Penny Mclean,10,exact_text,1.0,4843d5fc-d8e2-4653-86dc-3519163a7ecf,Penny McLean,Penny McLean
Larry Santos,10,exact_text,1.0,99eadf0b-069c-4ce6-9064-bfb8d4357265,Larry Santos,Larry Santos
Mighty Clouds Of Joy,10,exact_text,1.0,13140835-12e8-4208-a5c2-76992802381e,Mighty Clouds of Joy,Mighty Clouds of Joy
Sons Of Champlin,10,exact_normalized,1.0,6f04b3e9-000e-4208-bb72-cdccf868dcdf,The Sons of Champlin,The Sons of Champlin
Facts of Life,10,exact_normalized,1.0,c1abce92-c341-4c10-8670-4e5dd81da888,The Facts of Life,The Facts of Life
Plastic Bertrand,10,exact_text,1.0,39cf1c51-8e6a-4d7a-a1f5-9ea212e66699,Plastic Bertrand,Plastic Bertrand
Clout,10,exact_text,1.0,0dab0b7d-6888-457f-8522-d91639131425,Clout,Clout
Cindy Bullens,10,fuzzy,0.9231,41780c1c-a572-410d-873f-ee74c93d3d10,Cidny Bullens,Cidny Bullens
Funky Communication Committee,10,exact_text,1.0,06afe64d-019a-4ba5-983d-cb96ba4dad78,Funky Communication Committee,Funky Communication Committee
The Flying Lizards,10,exact_text,1.0,45a2c364-6634-485a-ab0a-7dc828c6ef7b,The Flying Lizards,The Flying Lizards
Pleasure,10,exact_text,1.0,fc340078-7883-49bd-ad06-8b03512b25ed,Pleasure,Pleasure
McGuffey Lane,10,exact_text,1.0,c0171478-1e95-4b19-98d6-b4cc6770365f,McGuffey Lane,McGuffey Lane
Yoko Ono,10,exact_text,1.0,b0b33754-a664-43b7-ba00-be0dc4ec2396,Yoko Ono,Yoko Ono
Henry Paul Band,10,exact_text,1.0,f7cb12f0-cfbd-411d-8446-39ef7370ea2c,Henry Paul Band,Henry Paul Band
"Richard ""Dimples"" Fields",10,exact_text,1.0,2c777d23-2ebd-4d7e-b74f-9ab212b4e8ed,Richard “Dimples” Fields,Richard “Dimples” Fields
One Way,10,exact_text,1.0,2003b17e-7237-4135-a9c7-0dd9da71ac8f,One Way,One Way
B.E. Taylor Group,10,exact_text,1.0,5b6715f2-5f5b-4f66-8925-6cd01fc3c11e,B.E. Taylor Group,B.E. Taylor Group
Jocelyn Brown,10,exact_text,1.0,6a628a50-1c5c-4d29-a13a-79a73eb012d9,Jocelyn Brown,Jocelyn Brown
Barry Gibb,10,exact_text,1.0,b02e4ca5-312a-4d2e-b087-30db9d5ec579,Barry Gibb,Barry Gibb
Freddie Mercury,10,exact_text,1.0,022589ac-7177-460d-a178-9976cf70e29f,Freddie Mercury,Freddie Mercury
Y&T,10,exact_text,1.0,e773e9a3-cadd-41d2-a7e9-4ca097ae5a3f,Y&T,Y&T
Loose Ends,10,exact_text,1.0,e0fe4ee3-6ce4-4b63-8854-049c78584fc8,Loose Ends,Loose Ends
E.G. Daily,10,exact_text,1.0,aa263df5-9507-43de-ba1d-77448d456b16,E.G. Daily,E.G. Daily
Howard Hewett,10,exact_text,1.0,767a8acd-5a6d-4c6e-b8a3-337c311b2b77,Howard Hewett,Howard Hewett
The Gregg Allman Band,10,exact_text,1.0,d418e0cc-64f0-477f-acda-407abd2f6c59,The Gregg Allman Band,The Gregg Allman Band
Newcity Rockers,10,exact_text,1.0,9d3c5d55-3a7a-4373-b9d9-842a76f55396,Newcity Rockers,Newcity Rockers
Rock And Hyde,10,exact_text,1.0,95b054af-8280-463d-a663-a8aba1df92b4,Rock & Hyde,Rock & Hyde
Taja Sevelle,10,exact_text,1.0,6a274d5c-562f-4f13-bd67-eb2daa3a68d0,Taja Sevelle,Taja Sevelle
Wendy And Lisa,10,exact_text,1.0,cd5f01dd-244a-42f0-ae2e-66ff13020024,Wendy & Lisa,Wendy & Lisa
Eria Fachin,10,exact_text,1.0,4b4a57bf-3af1-424a-9bb6-ebe42a8e2800,Eria Fachin,Eria Fachin
The Replacements,10,exact_text,1.0,dc0d05ce-2f47-4962-b4fa-8631a0a51987,The Replacements,The Replacements
Soulsister,10,exact_text,1.0,217351e4-a130-49f1-aab9-99b53bf4fe9e,Soulsister,Soulsister
Joan Jett,10,exact_text,1.0,f376828a-b438-4fda-bb2e-dcd5fbe81f83,Joan Jett,Joan Jett
McAuley Schenker Group,10,fuzzy,0.9767,eed24719-e90e-4b88-b3a7-5a0b38ccd670,McAuley–Schenker Group,McAuley–Schenker Group
Anything Box,10,exact_text,1.0,af57e70a-a2b8-44cc-9f89-9a752c6bb53d,Anything Box,Anything Box
Caron Wheeler,10,exact_text,1.0,e24587e5-c4c8-4a81-a0cd-6850190f4b94,Caron Wheeler,Caron Wheeler
Happy Mondays,10,exact_text,1.0,01f4fb92-6bf0-4de5-83dc-3fe194e763bf,Happy Mondays,Happy Mondays
Cartouche,10,exact_text,1.0,7c91a11c-9c58-48e5-95f3-81fc2b87e08e,Cartouche,Cartouche
The Rebel Pebbles,10,exact_text,1.0,a21b4b48-b7f2-4468-8f99-0c29ad087e76,The Rebel Pebbles,The Rebel Pebbles
Daryl Braithwaite,10,exact_text,1.0,4cdad569-ad6a-4dfd-87ae-ad1ef94ecd40,Daryl Braithwaite,Daryl Braithwaite
Colourhaus,10,exact_text,1.0,d8726c91-3d8d-48c8-a993-ebb3b659cdfc,Colourhaus,Colourhaus
MC Serch,10,exact_text,1.0,356dd158-c6db-49b4-8079-6ba807710f82,MC Serch,MC Serch
Goddess,10,exact_text,1.0,93a6aeea-2d32-4e67-85cb-364cbc5ad8e6,Goddess,Goddess
Porno For Pyros,10,exact_text,1.0,211ee5ca-67e3-4845-8313-6e6cbab95b1b,Porno for Pyros,Porno for Pyros
Rosco Martinez,10,exact_text,1.0,92fb8fd3-cfac-4f61-9bf4-08d232a7ca4e,Rosco Martinez,Rosco Martinez
Whitehead Bros.,10,exact_text,1.0,4a7250c1-c1f5-4dc9-8344-d0837b2c1b29,Whitehead Bros.,Whitehead Bros.
Love Spit Love,10,exact_text,1.0,d703af9a-d993-4f00-92aa-14ea284e39bd,Love Spit Love,Love Spit Love
Jeff Foxworthy,10,exact_text,1.0,6d3c8710-afdf-4c99-bb7c-c53d924b8254,Jeff Foxworthy,Jeff Foxworthy
Perfect Stranger,10,exact_text,1.0,33853bf9-a642-4b77-bf8e-64ab362ad20d,Perfect Stranger,Perfect Stranger
WC & The Maad Circle,10,exact_text,1.0,cdac599f-a265-4e68-b02c-c0c5a17e8bf7,WC and the Maad Circle,WC and the Maad Circle
A Few Good Men,10,exact_text,1.0,1ee4cac4-6d42-439b-9833-f82a11d0708b,A Few Good Men,A Few Good Men
Goodfellaz,10,exact_text,1.0,21782dd7-e75d-4deb-9202-4f34eae0571f,Goodfellaz,Goodfellaz
Tre,10,exact_text,1.0,b4102e0f-44a5-4bbf-84f2-07522ea16027,Tré,Tré
Kim Sanders,10,exact_text,1.0,ba77d6d9-fc71-482c-97f5-91909135728c,Kim Sanders,Kim Sanders
Natalie Imbruglia,10,exact_text,1.0,60530915-9371-4b16-bc31-5c4456317ae0,Natalie Imbruglia,Natalie Imbruglia
Sherrie Austin,10,exact_text,1.0,caa9d00a-8a58-45bb-ae2f-3d4167dbfa72,Sherrié Austin,Sherrié Austin
Youngstown,10,exact_text,1.0,c16f228a-db6a-4f09-a758-b6ced7b1cc54,Youngstown,Youngstown
Kumbia Kings Featuring A.B. Quintanilla,10,exact_text,1.0,0fea436e-be7f-49b8-aec0-1f044e8eeb27,Kumbia Kings,Kumbia Kings
Darude,10,exact_text,1.0,9ffad8aa-b671-4a9a-a527-a95bdaaa0ec4,Darude,Darude
Afroman,10,exact_text,1.0,8c332797-2784-45a7-9b5c-3b86f07a03de,Afroman,Afroman
Telepopmusik,10,exact_text,1.0,265f242e-cf4e-4fbe-a3fe-43112387172f,Télépopmusik,Télépopmusik
Talib Kweli,10,exact_text,1.0,bb3cbea2-5ad4-4917-bc84-8a1975d40315,Talib Kweli,Talib Kweli
Sarah Connor,10,exact_text,1.0,9293fc79-e77c-4ee6-a092-61df10ca47ea,Sarah Connor,Sarah Connor
NB Ridaz Featuring Gemini,10,exact_text,1.0,0adbea00-e0da-4de9-8caf-4d80f76a7828,NB Ridaz,NB Ridaz
Caesars,10,exact_text,1.0,2f1e4ada-2b9a-4834-90fa-88d61b73082f,Caesars,Caesars
Luis Fonsi,10,exact_text,1.0,d68fda90-ab8d-4799-be56-317ba4ae700f,Luis Fonsi,Luis Fonsi
Ghostface Killah Featuring Ne-Yo,10,exact_text,1.0,3b39abeb-0064-4eed-9ddd-ee47a45c54cb,Ghostface Killah,Ghostface Killah
Ferras,10,exact_text,1.0,5df19697-1078-4609-970c-bb0a0cede94d,Ferras,Ferras
September,10,exact_text,1.0,f97b55a8-7d03-4ebe-a277-a9cadc2a9f86,September,September
Framing Hanley,10,exact_text,1.0,7f616512-e114-433f-86c1-4c8fe9f7fe2c,Framing Hanley,Framing Hanley
Madcon,10,exact_text,1.0,2da9b8e3-e2de-4599-aa30-bf47e35e3fc0,Madcon,Madcon
Kreayshawn,10,exact_text,1.0,b87b38cc-b446-4a0c-968a-addb0e244c9d,Kreayshawn,Kreayshawn
Mindless Behavior Featuring Diggy,10,exact_text,1.0,b5ddbf00-9166-41a2-ba10-4e80b029dab6,Mindless Behavior,Mindless Behavior
Nero,10,exact_text,1.0,bd057a0c-a7b6-47bf-8dc3-45e0efac1798,NERO,NERO
Tucker Beathard,10,exact_text,1.0,3f0f0163-c21a-4f89-b21c-a5e42a6606e1,Tucker Beathard,Tucker Beathard
Machine Gun Kelly,10,exact_text,1.0,8d9315a4-ee01-427f-92ae-53162e008c51,Machine Gun Kelly,Machine Gun Kelly
Mabel,10,exact_text,1.0,3a592f93-5c88-4b7c-a10f-8eb3dcbadde7,Mabel,Mabel
Regard,10,exact_text,1.0,85f11607-6ed7-4a36-af69-dcadd32ad277,Regard,Regard
Tyler Childers,10,exact_text,1.0,9947e874-ddd0-4e1a-b0d4-a76f6532fe45,Tyler Childers,Tyler Childers
Rich Amiri,10,exact_text,1.0,8ae4189a-67e8-4466-91cb-8902f2b72ab2,Rich Amiri,Rich Amiri
Cynthia Erivo Featuring Ariana Grande,10,exact_text,1.0,752bebd2-b44c-41bb-8a21-bdf3cd1b5518,Cynthia Erivo,Cynthia Erivo
Betty Madigan,9,exact_text,1.0,e6022a43-ce36-4734-9e9f-a438a1aff1b5,Betty Madigan,Betty Madigan
Johnnie Ray,9,exact_text,1.0,a74dcc96-ed1b-4b0c-8492-cc5345d629d8,Johnnie Ray,Johnnie Ray
The Four Aces,9,exact_text,1.0,908e99b8-b2b0-49e8-a85b-0a41a98f3926,The Four Aces,The Four Aces
Quaker City Boys,9,exact_text,1.0,dc982819-17cb-4174-8bb5-bee3c85dbf82,Quaker City Boys,Quaker City Boys
Tommy Sands,9,exact_text,1.0,5247e3c6-2989-46cc-800f-c4f6d39e4b1e,Tommy Sands,Tommy Sands
Pete Fountain,9,exact_text,1.0,8c72d1ca-f10e-44db-8c8c-b7176313eaf8,Pete Fountain,Pete Fountain
Ray Bryant Combo,9,exact_normalized,1.0,4c52f633-3da4-4b60-9527-db5fa681e3a3,The Ray Bryant Combo,The Ray Bryant Combo
Bud & Travis,9,exact_text,1.0,aaac557f-5752-4c40-aae6-541c84cd57cd,Bud & Travis,Bud & Travis
Ramrods,9,exact_text,1.0,16413c2d-e395-4a94-8c48-ab9366d97da0,Ramrods,Ramrods
The Blue Jays,9,exact_text,1.0,39061a33-43c6-4106-bcb5-4b88b3db5fbd,The Blue Jays,The Blue Jays
Johnnie Morisette,9,exact_text,1.0,32316097-9b0c-47b0-8944-ca05837ec8f8,Johnnie Morisette,Johnnie Morisette
Bertha Tillman,9,exact_text,1.0,9d06d99d-4a54-4339-9365-310b842ca1a7,Bertha Tillman,Bertha Tillman
Stan Kenton,9,exact_text,1.0,f19ce47e-2ceb-484c-9c4d-c04dcc7aff7e,Stan Kenton,Stan Kenton
The Matys Bros.,9,exact_text,1.0,b76be936-b9c8-4a3d-b4c6-f88084854947,The Matys Bros.,The Matys Bros.
Charlie Byrd,9,exact_text,1.0,9d99c378-247c-47a3-94ea-753efa330023,Charlie Byrd,Charlie Byrd
Boots Randolph and his Combo,9,exact_text,1.0,9ea0e8b6-62ec-417a-a348-6fbec17bf500,Boots Randolph and His Combo,Boots Randolph and His Combo
Ray Barretto,9,exact_text,1.0,169153fd-ba80-401a-8ccd-2825efaf9155,Ray Barretto,Ray Barretto
Matt Lucas,9,exact_text,1.0,014108a4-c16b-407a-b0a3-a4356a825c36,Matt Lucas,Matt Lucas
Count Basie,9,exact_text,1.0,0dbd6300-efdc-420b-857e-895e18fad317,Count Basie,Count Basie
The Baja Marimba Band,9,exact_text,1.0,ec32534c-d5cb-41d3-b002-b4a22a93d581,The Baja Marimba Band,The Baja Marimba Band
Bernadette Carroll,9,exact_text,1.0,2adcf101-ffcd-4032-b23a-0f560410237a,Bernadette Carroll,Bernadette Carroll
Rita Pavone,9,exact_text,1.0,1fe5f1ab-38c8-4b5e-866b-45499bd900e6,Rita Pavone,Rita Pavone
The Rag Dolls,9,exact_normalized,1.0,1e946646-babd-468b-8d06-25da7c490496,Rag Dolls,Rag Dolls
Mickey Lee Lane,9,exact_text,1.0,4f2b752e-3292-467f-a92b-ecf49b92db6b,Mickey Lee Lane,Mickey Lee Lane
"The ""You Know Who"" Group!",9,exact_text,1.0,f5303eff-ebe5-4bc7-9fee-83da29bbc012,"The ""You Know Who"" Group","The ""You Know Who"" Group"
Eddie Rambeau,9,exact_text,1.0,7b2a4942-b7d0-4a59-a72f-0136a5998ffa,Eddie Rambeau,Eddie Rambeau
David & Jonathan,9,exact_text,1.0,b9f422b1-9f89-4b09-b083-6909f7b75a99,David & Jonathan,David & Jonathan
Norma Tanega,9,exact_text,1.0,6afd770e-8d2a-4243-b1fc-d9c22f11e428,Norma Tanega,Norma Tanega
Walter Wanderley,9,exact_text,1.0,9e031ad0-8f7f-44ab-905e-6ed093eca2e3,Walter Wanderley,Walter Wanderley
Jimmy Castor,9,exact_text,1.0,913b6dab-7bda-43d2-80df-254eebb5314e,Jimmy Castor,Jimmy Castor
Jack Greene,9,exact_text,1.0,294a6e1b-506e-423a-911a-bc2eca42a7dc,Jack Greene,Jack Greene
The Third Rail,9,exact_normalized,1.0,815d3e7e-e0dc-4647-b345-159d81b74fd7,Third Rail,Third Rail
Madeline Bell,9,exact_text,1.0,ef27c800-6460-4888-8c57-6c2fa38cdb05,Madeline Bell,Madeline Bell
Tommy Leonetti,9,exact_text,1.0,85d6802b-d5eb-451b-8190-62f0339d1489,Tommy Leonetti,Tommy Leonetti
Billie Jo Spears,9,exact_text,1.0,615d51ca-3d06-43dc-b956-4d76099f4b5e,Billie Jo Spears,Billie Jo Spears
Otis Leavill,9,exact_text,1.0,5f2301ec-75a0-448c-bfb8-38e39c7fd892,Otis Leavill,Otis Leavill
The New Hope,9,exact_normalized,1.0,37ec3d13-2066-41e8-96ff-baa49b94e40e,New Hope,New Hope
Miguel Rios,9,exact_text,1.0,cfd5e4f3-e73d-4f8e-a315-6b99c7b1c3f7,Miguel Ríos,Miguel Ríos
Hotlegs,9,exact_text,1.0,e07390a6-5f21-4f87-a351-3adcbe8447d1,Hotlegs,Hotlegs
McGuinness Flint,9,exact_text,1.0,9309024d-40ba-4c5b-b636-31e3288b551a,McGuinness Flint,McGuinness Flint
Emitt Rhodes,9,exact_text,1.0,87fa7ab0-2720-46c4-8926-900f4d916e66,Emitt Rhodes,Emitt Rhodes
Susan Raye,9,exact_text,1.0,db5a16ec-c9ca-4698-9044-c89fd46c92bf,Susan Raye,Susan Raye
Goose Creek Symphony,9,exact_text,1.0,1785d680-3bc2-4967-b1ff-fa73e9bbf83f,Goose Creek Symphony,Goose Creek Symphony
Carlo Savina,9,exact_text,1.0,bffd8523-d6c7-4ec4-8996-3a437775f70a,Carlo Savina,Carlo Savina
Danyel Gerard,9,exact_text,1.0,cabdc397-1baf-4164-a0c9-3269961a7bb5,Danyel Gérard,Danyel Gérard
Valerie Simpson,9,exact_text,1.0,03f97204-818e-45e0-b3d5-1108a52789ba,Valerie Simpson,Valerie Simpson
Shawn Phillips,9,exact_text,1.0,a8e1ce2e-8b10-4bc3-b212-fa3f21a1f053,Shawn Phillips,Shawn Phillips
Afrique,9,exact_text,1.0,a8a4b16a-c546-405a-ae5e-cd97604a07da,Afriqué,Afriqué
Manu Dibango,9,exact_text,1.0,826b488f-5164-45ca-abc4-ab11b3c321eb,Manu Dibango,Manu Dibango
Cozy Powell,9,exact_text,1.0,0b406e6d-a81b-45ee-bef2-2df2a6c63859,Cozy Powell,Cozy Powell
Edgar Winter,9,exact_text,1.0,c927b0e2-072c-4dbd-aaf5-d92aa57841dc,Edgar Winter,Edgar Winter
Odia Coates,9,exact_text,1.0,b0e5edbd-40e0-4d3a-b1a4-d7c7bde21b0f,Odia Coates,Odia Coates
The Brecker Brothers,9,exact_text,1.0,46bdb0fa-6db1-44ea-b7b1-57de05b2cba1,The Brecker Brothers,The Brecker Brothers
Firefly,9,exact_text,1.0,066160f2-d3b2-4975-912e-da201a241a2d,Firefly,Firefly
Jonathan Cain,9,exact_text,1.0,cf933e60-92da-4140-bddb-694e7e49f61f,Jonathan Cain,Jonathan Cain
The Band Of The Black Watch,9,exact_text,1.0,702b9c82-057f-4b5a-947c-2c3d7c92cb44,The Band of the Black Watch,The Band of the Black Watch
The Don Harrison Band,9,exact_text,1.0,64d97bfe-ead4-4bef-b167-e8b12d906861,The Don Harrison Band,The Don Harrison Band
Double Exposure,9,exact_text,1.0,ce16a54b-d14c-428f-8721-7baed0929cc0,Double Exposure,Double Exposure
Dana Valery,9,exact_text,1.0,44013bba-371c-4fdd-b793-ab6c93bb7590,Dana Valery,Dana Valery
Shirley & Squirrely,9,exact_text,1.0,6f55caf3-25c1-4dab-aa25-544f658a5f55,Shirley and Squirrely,Shirley and Squirrely
Mesa,9,exact_text,1.0,66174d6f-f6af-4839-b250-d0f6881d9831,Mesa,Mesa
Pockets,9,exact_text,1.0,0f0eb7ca-8c29-4e04-ba3b-ac6ec8a51823,Pockets,Pockets
Bill LaBounty,9,exact_text,1.0,0bba220b-29d8-4bea-9420-a974ede061b8,Bill LaBounty,Bill LaBounty
Voyage,9,exact_text,1.0,6bf918da-7c90-4b96-9661-0f30bc4f15c8,Voyage,Voyage
Louise Goffin,9,exact_text,1.0,9e255b05-925a-444c-9da9-2629a7c5894a,Louise Goffin,Louise Goffin
Mistress,9,exact_text,1.0,e8143d56-f2e9-4122-9666-6aa5352dadcd,Mistress,Mistress
Yellow Magic Orchestra,9,exact_text,1.0,ac5af671-1df0-4312-8b7b-e61992ecc883,Yellow Magic Orchestra,Yellow Magic Orchestra
Rossington Collins Band,9,exact_text,1.0,882103cd-71ba-4eb3-8bda-76355bdc5c29,Rossington Collins Band,Rossington Collins Band
The Dillman Band,9,exact_text,1.0,a3352a2b-a8a2-47ec-a973-389f03f4de61,The Dillman Band,The Dillman Band
Ronnie Laws,9,exact_text,1.0,e26aa662-2255-4435-8332-85097f8aba0b,Ronnie Laws,Ronnie Laws
Sheila,9,exact_text,1.0,4188bdf2-7c26-45b4-9b4e-c2cb9d26e38d,Sheila,Sheila
O'Bryan,9,fuzzy,0.9231,077b59a9-926f-4ed2-ac88-243d9e76c3ae,O’Bryan,O’Bryan
Walter Murphy,9,exact_text,1.0,c48af196-bab1-4505-9256-0922adac0fe2,Walter Murphy,Walter Murphy
Wall Of Voodoo,9,exact_text,1.0,1154b8aa-1cc1-4b01-afff-eca45ae590fa,Wall of Voodoo,Wall of Voodoo
Klique,9,exact_text,1.0,cdfb097f-d735-47b0-9f63-46889eaab9b3,Klique,Klique
Cherelle,9,exact_text,1.0,cbba650d-356e-407f-a63d-6e66bebfa6cb,Cherelle,Cherelle
Carol Lynn Townes,9,exact_text,1.0,8da001e0-4551-4930-add5-352fc9764893,Carol Lynn Townes,Carol Lynn Townes
Nick Lowe And His Cowboy Outfit,9,exact_text,1.0,a09b39f1-5b08-4e6e-bf24-d9180e0d8182,Nick Lowe and His Cowboy Outfit,Nick Lowe and His Cowboy Outfit
Peter Murphy,9,exact_text,1.0,b78346af-e3ce-4b36-a0d5-032414de8a27,Peter Murphy,Peter Murphy
The London Quireboys,9,exact_text,1.0,4209054c-964e-4988-ae97-315aec697528,The London Quireboys,The London Quireboys
D'zyre,9,exact_text,1.0,84262acd-a16a-45e0-9ed5-f65851d9befb,D'Zyre,D'Zyre
B.G. The Prince Of Rap,9,exact_text,1.0,bbb8da7a-3e9e-4e23-972b-d7893beba806,B.G. The Prince of Rap,B.G. The Prince of Rap
Jordy,9,exact_text,1.0,7565450e-0d8d-488a-a9cd-4ed57baba586,JORDY,JORDY
Souls Of Mischief,9,exact_text,1.0,7b61cf8f-c042-4bd4-b64a-25cb40f3dd50,Souls of Mischief,Souls of Mischief
Doug Stone,9,exact_text,1.0,0446078e-3898-4a6a-813f-3247b95d0b0a,Doug Stone,Doug Stone
Da Youngsta's,9,fuzzy,0.96,0cd4b62f-f9eb-4f3c-811e-432bd40e83d6,Da Youngsta’s,Da Youngsta’s
Portishead,9,exact_text,1.0,8f6bd1e4-fbe1-4f50-aa9b-94c450ec0f11,Portishead,Portishead
Twinz,9,exact_text,1.0,bd9599df-e57f-42a3-9281-6e7d36779a06,Twinz,Twinz
Edwyn Collins,9,exact_text,1.0,14c0c282-e0c1-46fe-acd1-9a015ba721c5,Edwyn Collins,Edwyn Collins
Devone,9,exact_text,1.0,b3f4fbb3-5a60-448f-88a4-236975df77fd,Devoné,Devoné
Mindy McCready,9,exact_text,1.0,05950280-7d03-4816-aecb-438c9e4cb312,Mindy McCready,Mindy McCready
Coo Coo Cal,9,exact_text,1.0,6eedcf4f-2238-4561-9201-0563c1bcb35a,Coo Coo Cal,Coo Coo Cal
Las Ketchup,9,exact_text,1.0,5c6f6348-15b5-4eb5-a8ae-d8a3ee3354a1,Las Ketchup,Las Ketchup
Killer Mike Featuring Big Boi,9,exact_text,1.0,47864525-aea7-439a-800f-17c57e51cbcc,Killer Mike,Killer Mike
Jane's Addiction,9,fuzzy,0.9677,e3434cc7-d348-491a-9dc8-325af3d9086d,Jane’s Addiction,Jane’s Addiction
Bad Boy's Da Band,9,fuzzy,0.9697,ba159cce-488d-4186-92ef-6090ef6a4c48,Bad Boy’s Da Band,Bad Boy’s Da Band
Wisin & Yandel,9,exact_text,1.0,3deeb747-c228-4d33-9892-f0aa081783c3,Wisin & Yandel,Wisin & Yandel
RBD,9,exact_text,1.0,5bae9c05-fabd-420f-b806-c5b8ba88bd7e,RBD,RBD
Thriving Ivory,9,exact_text,1.0,2017e87a-60f7-46d7-b2bc-8c4ad5e14bfd,Thriving Ivory,Thriving Ivory
Spose,9,exact_text,1.0,c27fb8a7-396f-4727-8101-3e8c91df8982,Spose,Spose
Bandit Gang Marco Featuring Dro,9,exact_text,1.0,ab6d7530-f7f9-409e-8d2c-8ccf14a9ea41,Bandit Gang Marco,Bandit Gang Marco
BROCKHAMPTON,9,exact_text,1.0,3ac96b4c-4f42-48c8-b793-84dbf54d7ac6,BROCKHAMPTON,BROCKHAMPTON
42 Dugg Featuring Future,9,exact_text,1.0,4214aa04-64b0-442a-982b-0560e6d3a5bd,42 Dugg,42 Dugg
$uicideboy$,9,exact_text,1.0,ef326b3d-61f0-4379-aca0-21237d696d63,$uicideboy$,$uicideboy$
Ty Myers,9,exact_text,1.0,4b37e8d8-af26-438b-9ec9-bd5c0d4c91d6,Ty Myers,Ty Myers
Dareyes de La Sierra,9,exact_text,1.0,5f08d634-2080-4166-b006-de456009f43f,Dareyes de la Sierra,Dareyes de la Sierra
Gavin Adcock,9,exact_text,1.0,4a75faf4-995d-42dd-88b6-e5ff2d61e791,Gavin Adcock,Gavin Adcock
The Rinky-Dinks,8,exact_normalized,1.0,b2eab810-e076-4b8e-8f1f-505aa1af10f3,Rinky Dinks,Rinky Dinks
Boots Brown And His Blockbusters,8,exact_text,1.0,e7d4239a-6225-49dd-8917-55ee0caef8c9,Boots Brown & His Blockbusters,Boots Brown & His Blockbusters
Enoch Light & The Light Brigade,8,exact_text,1.0,8406ee17-d3a5-429e-a321-c80c5e1f997b,Enoch Light and the Light Brigade,Enoch Light and the Light Brigade
The Wild-Cats,8,exact_normalized,1.0,5e08a7ae-d0ed-4dff-a2e5-d0bcfacee3d8,WILD CATS,WILD CATS
The Rockin R's,8,fuzzy,0.963,1501dc6d-de7d-47b1-92fc-dcc23483c6e2,The Rockin’ R’s,The Rockin’ R’s
Dean & Marc,8,exact_text,1.0,af8fea8e-89ff-4f8c-9ab8-5488a540192e,Dean & Marc,Dean & Marc
Bob McFadden And Dor,8,exact_text,1.0,b5eafddb-04c9-4ef2-90e5-3f705e87209b,Bob McFadden & Dor,Bob McFadden & Dor
Willy Alberti,8,exact_text,1.0,60bbc45a-a4d2-4aaa-815a-a27d4770b889,Willy Alberti,Willy Alberti
Marty Wilde,8,exact_text,1.0,ffbd09fd-30ca-4941-8e83-968c31076891,Marty Wilde,Marty Wilde
Les Compagnons De La Chanson,8,exact_text,1.0,90e0ff46-74aa-48c2-b8de-919f2e6202e6,Les Compagnons de la Chanson,Les Compagnons de la Chanson
David Carroll And His Orchestra,8,exact_text,1.0,5ac246c9-ef06-4e2f-b14c-16bc90188e32,David Carroll and His Orchestra,David Carroll and His Orchestra
Jerry Murad's Harmonicats,8,fuzzy,0.9796,a2e47a2a-40b3-43e8-9d1f-3ce29510db17,Jerry Murad’s Harmonicats,Jerry Murad’s Harmonicats
Philip Upchurch Combo,8,fuzzy,0.95,a787922f-4a7b-4cf1-afc7-8c5ceef697cf,Phil Upchurch Combo,Phil Upchurch Combo
Rick And The Keens,8,exact_text,1.0,00311bb4-b1ab-460b-ab80-845fe47974a8,Rick and the Keens,Rick and the Keens
Karl Hammel| Jr.,8,exact_text,1.0,932d15cc-a685-40c9-aa16-54d5cb5cf32c,Karl Hammel Jr.,Karl Hammel Jr.
Al Casey Combo,8,exact_text,1.0,c961bd37-a825-4a2a-9ac1-d79e376b76b6,Al Casey Combo,Al Casey Combo
Teddy & The Twilights,8,exact_text,1.0,757d8ac0-b31a-4f41-aefe-f933ea25dee7,Teddy & the Twilights,Teddy & the Twilights
Marion Worth,8,exact_text,1.0,92fc407f-cc3f-43a6-98ad-617d7139f54a,Marion Worth,Marion Worth
Billy Abbott And The Jewels,8,exact_text,1.0,f7ebcf3d-0061-46fb-ac28-af1ff6d36340,Billy Abbott & The Jewels,Billy Abbott & The Jewels
Jimmy Durante,8,exact_text,1.0,c4c8a72e-a518-48ba-bd59-c27ea6f8d932,Jimmy Durante,Jimmy Durante
Donald Jenkins & The Delighters,8,exact_text,1.0,e0102d5c-c119-4a8a-8b0e-cb6120e76627,Donald Jenkins & The Delighters,Donald Jenkins & The Delighters
The David Rockingham Trio,8,exact_text,1.0,eaf339b7-02da-462c-97a1-3f877abd80b2,The David Rockingham Trio,The David Rockingham Trio
Pete Seeger,8,exact_text,1.0,af18a9bc-e4ab-4068-9489-b64e8186fcf1,Pete Seeger,Pete Seeger
Bruce & Terry,8,exact_text,1.0,4472b809-dff7-413c-94ca-c498052c62dc,Bruce & Terry,Bruce & Terry
Lucille Starr,8,exact_text,1.0,71b29def-bf79-4a06-bb1f-7210d505805c,Lucille Starr,Lucille Starr
Harold Betters,8,exact_text,1.0,d5291b4c-4a60-495c-82dc-71446c3e9423,Harold Betters,Harold Betters
Tom and Jerrio,8,exact_text,1.0,494e882b-9246-4ab1-87bf-76d1e3bc088e,Tom & Jerrio,Tom & Jerrio
Little Caesar And The Consuls,8,exact_text,1.0,9779ab70-a42d-41ef-9b9e-8326f53d3c4a,Little Caesar and The Consuls,Little Caesar and The Consuls
The Jive Five,8,exact_text,1.0,785c3850-b603-4adc-880c-1365e85e5e4c,The Jive Five,The Jive Five
Neal Hefti,8,exact_text,1.0,75770f14-cbe0-4b06-8825-14797098ff2a,Neal Hefti,Neal Hefti
The Buena Vistas,8,exact_text,1.0,da127b87-093e-457f-87b7-2bd92686b1f8,The Buena Vistas,The Buena Vistas
The Young Holt Trio,8,exact_text,1.0,19931bbe-ba71-4c22-9d15-a001b0cb418c,The Young Holt Trio,The Young Holt Trio
Don And The Goodtimes,8,exact_text,1.0,bd836728-4c89-4578-88e4-82cc88b6f5ae,Don & the Goodtimes,Don & the Goodtimes
Pieces Of Eight,8,exact_text,1.0,218f09fb-71b0-4eaf-8dfa-8f7681d6d1a2,Pieces of Eight,Pieces of Eight
Erma Franklin,8,exact_text,1.0,4ba12614-fcce-462b-8784-8dd1a92fbf2b,Erma Franklin,Erma Franklin
The Balloon Farm,8,exact_text,1.0,9a08b84c-27fc-45e3-8057-ea0e908841bc,The Balloon Farm,The Balloon Farm
Pigmeat Markham,8,exact_text,1.0,ab7b5fd5-0c90-4a31-a4f1-220d298c8167,Pigmeat Markham,Pigmeat Markham
The Cherry People,8,exact_normalized,1.0,515fec15-41fa-4def-a3d6-6c83663dbcc5,Cherry People,Cherry People
Jerry Jeff Walker,8,exact_text,1.0,3faa019a-ad91-4ddf-87d5-fdcbdfd8327c,Jerry Jeff Walker,Jerry Jeff Walker
Paul Mauriat,8,exact_text,1.0,87496c04-c857-4bd5-b86b-345129a1be63,Paul Mauriat,Paul Mauriat
Thee Prophets,8,exact_text,1.0,b56066ff-02d4-4176-bcfd-ed0ef3761fb0,Thee Prophets,Thee Prophets
Bert Sommer,8,exact_text,1.0,74c27726-4f07-4adc-8f6d-1f6351c967b3,Bert Sommer,Bert Sommer
Gypsy,8,exact_text,1.0,d5d04844-1c1c-41cc-9287-ebd2ab14e64e,Gypsy,Gypsy
Whatnauts,8,exact_normalized,1.0,86c0f463-b054-4b10-a204-cdcc6538c7f5,The Whatnauts,The Whatnauts
Joy Of Cooking,8,exact_text,1.0,d4639f0c-298b-4151-a53d-2fe49cd3e3bf,Joy of Cooking,Joy of Cooking
Waldo De Los Rios,8,exact_text,1.0,e8c890bc-0bc2-4c27-ba4b-11e6ab01a24b,Waldo de los Ríos,Waldo de los Ríos
Michel Legrand,8,exact_text,1.0,2c330f54-9245-488b-b678-dc8a236d06b3,Michel Legrand,Michel Legrand
The James Brown Soul Train,8,exact_text,1.0,a225c3ef-910e-4fad-8ccf-e53ca38ec6de,The James Brown Soul Train,The James Brown Soul Train
Peter Skellern,8,exact_text,1.0,ac550643-5f8a-4d0d-a3e0-d5969b9b641c,Peter Skellern,Peter Skellern
Tufano & Giammarese,8,exact_text,1.0,68feea9c-cd16-4198-b807-38cc5c65d7fc,Tufano & Giammarese,Tufano & Giammarese
Nino Tempo And 5th Ave. Sax,8,exact_text,1.0,d632e238-fa2b-4335-91fa-b25f38659425,Nino Tempo & 5th Ave. Sax,Nino Tempo & 5th Ave. Sax
Splinter,8,exact_text,1.0,188d3b20-81db-4f94-9134-3caca3b780a2,Splinter,Splinter
Boomer Castleman,8,exact_text,1.0,bfe08a57-6fdf-4154-9b5d-3f0b77ce11ec,Boomer Castleman,Boomer Castleman
Soul Train Gang,8,exact_text,1.0,15270173-2c5c-4575-b14a-c9ca5e236e2b,Soul Train Gang,Soul Train Gang
The Real Thing,8,exact_text,1.0,71668e88-208d-410f-ac5f-7a54ebee26cf,The Real Thing,The Real Thing
Michael Franks,8,exact_text,1.0,8e9b8133-0592-4699-aec1-2f4dccdc93e5,Michael Franks,Michael Franks
Sherbet,8,exact_text,1.0,462bd7fb-5be2-43e7-8d1d-177419620dbe,Sherbet,Sherbet
Mother's Finest,8,fuzzy,0.9655,7b38a145-7137-4c61-8d04-89ade521a6fc,Mother’s Finest,Mother’s Finest
Graham Parker And The Rumour,8,exact_text,1.0,c4e861e5-42d5-4d9c-ac84-4862ed12f585,Graham Parker & The Rumour,Graham Parker & The Rumour
Kellee Patterson,8,exact_text,1.0,b4688214-ee49-441d-ae53-b02ca9c6de2c,Kellee Patterson,Kellee Patterson
Eloise Laws,8,exact_text,1.0,5b6d7100-ffeb-45d4-a98a-087b760f493b,Eloise Laws,Eloise Laws
Doucette,8,exact_text,1.0,f357e0fc-db20-4362-a348-796d46e88e09,Doucette,Doucette
Kristy And Jimmy McNichol,8,exact_text,1.0,1c97f70b-8689-4a1b-97d1-f35251e056aa,Kristy & Jimmy McNichol,Kristy & Jimmy McNichol
Trooper,8,exact_text,1.0,5a85b5d9-5e6b-436c-9e13-a1cda395eb95,Trooper,Trooper
Gene Simmons,8,exact_text,1.0,96a1182f-e8e6-4df6-a811-82cb67d4565c,Gene Simmons,Gene Simmons
Third World,8,exact_text,1.0,a9355030-319f-4d1b-8798-adaf43f85112,Third World,Third World
The Marc Tanner Band,8,exact_text,1.0,ada7ac11-69d0-4792-bcaf-25ef0068643d,The Marc Tanner Band,The Marc Tanner Band
Errol Sober,8,exact_text,1.0,7ea09e19-8c80-45ea-9fe3-fb346e831a6f,Errol Sober,Errol Sober
Fern Kinney,8,exact_text,1.0,b97d3b5f-f939-4559-9782-5890a9b64963,Fern Kinney,Fern Kinney
Korona,8,exact_text,1.0,c78d52ec-1568-4b8d-b571-b637e2893e77,Korona,Korona
Russ Ballard,8,exact_text,1.0,f0bea941-5c7e-4253-ad43-5ba3c5a5f14d,Russ Ballard,Russ Ballard
Lenore O'malley,8,exact_text,1.0,8caa978b-8f1c-471e-9480-15555f473b38,Lenore O'Malley,Lenore O'Malley
Lakeside,8,exact_text,1.0,4e2dc6e4-1808-4850-8e97-df7ea8007f39,Lakeside,Lakeside
The Joe Chemay Band,8,exact_text,1.0,40b49000-0607-469c-a5c3-b9fcb264ec47,The Joe Chemay Band,The Joe Chemay Band
Larry Carlton,8,exact_text,1.0,f1f81989-dfa9-4bd3-805e-dcf3900c43e3,Larry Carlton,Larry Carlton
The Boys Band,8,exact_normalized,1.0,651f0ab3-32cf-484e-bb56-0191065302ff,Boys Band,Boys Band
Axe,8,exact_text,1.0,b25cc6f7-0fd6-420f-96ff-6dcd4d24075e,Axe,Axe
Toronto,8,exact_text,1.0,1cadcedf-1a72-4071-bf24-54b03fa36d2f,Toronto,Toronto
Yaz,8,exact_text,1.0,19c9c003-5239-4d29-9c89-42f1d03c90d9,YAZ,YAZ
Unipop,8,exact_text,1.0,23c82168-4611-44ea-8af7-3ddcf189d4fd,Unipop,Unipop
Yazoo,8,exact_text,1.0,42922db2-2e80-44b8-9cdf-0b3a6634c124,Yazoo,Yazoo
Zebra,8,exact_text,1.0,b3b2dbfc-8f8f-4a40-b61a-983541c3eea3,Zebra,Zebra
Industry,8,exact_text,1.0,760aa9e5-d657-4c94-810d-a1b621fc30d3,Industry,Industry
Rodney Dangerfield,8,exact_text,1.0,65b57988-9e79-4fd4-b42a-ffa8a1cce111,Rodney Dangerfield,Rodney Dangerfield
Twilight 22,8,exact_text,1.0,68806e7e-8952-4c29-9481-f3470da10106,Twilight 22,Twilight 22
LaToya Jackson,8,exact_text,1.0,7a0a724b-6c98-4a7a-9991-2faf659d3f8b,LaToya Jackson,LaToya Jackson
Orion The Hunter,8,exact_text,1.0,d517a566-ee41-452b-b559-1facc2161ed0,Orion the Hunter,Orion the Hunter
George Thorogood & The Destroyers,8,exact_text,1.0,bc01f01c-a401-40d8-9472-b377ac33af05,George Thorogood & the Destroyers,George Thorogood & the Destroyers
Marillion,8,exact_text,1.0,1932f5b6-0b7b-4050-b1df-833ca89e5f44,Marillion,Marillion
Voices Of America,8,exact_text,1.0,17908d75-6e65-42eb-ae00-e241619d47a4,Voices of America,Voices of America
Emerson| Lake & Powell,8,exact_text,1.0,9a78e16a-2e3b-44b5-8aee-4546f4f4177f,"Emerson, Lake & Powell","Emerson, Lake & Powell"
Limited Warranty,8,exact_text,1.0,a40bbaf7-cbf3-42f4-bdaf-addc8b407051,Limited Warranty,Limited Warranty
Eight Seconds,8,exact_text,1.0,57caa57e-e029-429e-a85a-67afae12d453,Eight Seconds,Eight Seconds
Michelle Shocked,8,exact_text,1.0,e2f41b6e-7045-44e8-86bf-deee758532e2,Michelle Shocked,Michelle Shocked
Marc Almond,8,exact_text,1.0,d67e6b0a-d2c6-4e4a-ba30-7834701535a1,Marc Almond,Marc Almond
Adrian Belew,8,exact_text,1.0,73c3f499-60e2-44e1-81dd-7fe2191461fa,Adrian Belew,Adrian Belew
Vesta,8,exact_text,1.0,30518945-1726-4094-8a9f-898803fb1c21,Vesta,Vesta
John Farnham,8,exact_text,1.0,3b81f816-bdcb-42d0-a0dd-1aa4fc4e19ec,John Farnham,John Farnham
Jellyfish,8,exact_text,1.0,e3087942-a74b-4623-9349-d22cde0a9ad5,Jellyfish,Jellyfish
Lonnie Gordon,8,exact_text,1.0,7988bfdd-305f-463f-9e23-0fd2b81b830e,Lonnie Gordon,Lonnie Gordon
Ex-Girlfriend,8,fuzzy,0.96,a5b3dbe5-c825-40b0-a987-a73e6beefa10,Ex‐Girlfriend,Ex‐Girlfriend
Tag,8,exact_text,1.0,86535aa4-f78c-4c18-a127-09f0cefc800f,TAG,TAG
Lidell Townsell & M.T.F.,8,exact_text,1.0,6cac51a9-c93d-414e-aaa7-b65f17342cfa,Lidell Townsell & M.T.F.,Lidell Townsell & M.T.F.
Raven-Symone,8,fuzzy,0.9565,cb606c37-f715-40d4-b525-f5b67b6911c9,Raven‐Symoné,Raven‐Symoné
MC Eiht,8,exact_text,1.0,103555b8-ae47-4e99-8fc3-e31bdfd7854e,MC Eiht,MC Eiht
Deep Forest,8,exact_text,1.0,67468e38-0c90-4318-b2d2-0c18b7b1e144,Deep Forest,Deep Forest
I To I,8,exact_text,1.0,da6dc240-3eb9-4308-8cc5-a704a5754b34,I to I,I to I
Edie Brickell,8,exact_text,1.0,070473e5-b214-4d6f-a7ca-bc7b84c94fca,Edie Brickell,Edie Brickell
Jamiroquai,8,exact_text,1.0,f4857fb9-e255-4dc6-bd01-e4ca7cc68544,Jamiroquai,Jamiroquai
Kinsu,8,exact_text,1.0,8743e8c3-e1e6-408f-b899-780aa9162421,Kinsu,Kinsu
Fruit De La Passion,8,exact_text,1.0,b743c90d-b4fd-4ce3-a227-77f6ce00ffc8,Fruit De La Passion,Fruit De La Passion
Sweetbox,8,exact_text,1.0,6a987199-99f9-4531-960f-16e18002bd80,sweetbox,sweetbox
Jennifer Love Hewitt,8,exact_text,1.0,2374ec6f-229c-47a8-9853-5efe3c47f5ca,Jennifer Love Hewitt,Jennifer Love Hewitt
A*Teens,8,fuzzy,0.9231,69d9cb53-5b8f-41b0-ac84-49eabea535b2,A★Teens,A★Teens
Shwayze,8,exact_text,1.0,e84a64f9-cf28-477d-a31a-f43514011918,Shwayze,Shwayze
The White Tie Affair,8,exact_text,1.0,d1628e9f-4e45-494b-8c3f-d6d1210f4365,The White Tie Affair,The White Tie Affair
Troop 41,8,exact_text,1.0,e9e9bd5f-b003-4465-99d5-438662645200,Troop 41,Troop 41
The JaneDear Girls,8,exact_text,1.0,3718efd7-012d-4811-873a-dda4a3640ee8,the JaneDear girls,the JaneDear girls
Kaleo,8,exact_text,1.0,260072fb-48e5-4653-9d17-b22e39e84d9c,Kaleo,Kaleo
6LACK,8,exact_text,1.0,07832b42-8826-4ab1-acd3-c49a2f595ffe,6LACK,6LACK
High Valley,8,exact_text,1.0,f5db378d-81c8-4f8c-a7bb-b554877732a9,High Valley,High Valley
Loud Luxury Featuring Brando,8,exact_text,1.0,4c445344-9df2-407e-9bf3-8a5c0b86777e,Loud Luxury,Loud Luxury
Ant Saunders,8,exact_text,1.0,0443fb76-2a30-433a-b28e-606f6303f86e,Ant Saunders,Ant Saunders
Ivan Cornejo,8,exact_text,1.0,81a9fcc1-a954-4749-90d8-5a39001d18ad,Ivan Cornejo,Ivan Cornejo
Ed Sheeran & Elton John,8,exact_text,1.0,033d1bf3-bd3a-45d5-a03e-30087023e2ff,Ed Sheeran & Elton John,Ed Sheeran & Elton John
Libianca,8,exact_text,1.0,6f73cf76-8550-459d-935a-d9b932b4266b,Libianca,Libianca
Nicola Paone,7,exact_text,1.0,1fa8b424-118c-4256-99af-b5865c323615,Nicola Paone,Nicola Paone
Marvin Rainwater,7,exact_text,1.0,7089f88e-6d18-48df-bfe1-62d23e88f404,Marvin Rainwater,Marvin Rainwater
The Strangers,7,exact_text,1.0,54771e2f-5bb8-4feb-8a4c-7008708e01c1,The Strangers,The Strangers
Bobby Peterson Quintet,7,exact_text,1.0,401cf816-816c-4fe3-b9a0-e75123304edf,Bobby Peterson Quintet,Bobby Peterson Quintet
Rosco Gordon,7,exact_text,1.0,440981eb-1c1e-43b7-a0bc-518bc9297a0c,Rosco Gordon,Rosco Gordon
Jan And Kjeld,7,exact_text,1.0,b5a4472c-bbd3-4b0b-8afc-537706262e2b,Jan & Kjeld,Jan & Kjeld
The Mark II,7,exact_normalized,1.0,b088d718-ad21-408b-8135-2775ffc6d01b,Mark II,Mark II
H.B. Barnum,7,exact_text,1.0,2ef58c48-adc0-4e37-8f3e-e4b5db3ede69,H.B. Barnum,H.B. Barnum
The Lennon Sisters,7,exact_text,1.0,d0e1f2cb-8920-4dce-bcc3-1912f43438b4,The Lennon Sisters,The Lennon Sisters
Big Sambo and The House Wreckers,7,exact_text,1.0,1358864b-d9e0-44e4-ba03-2e4bfdb35f5b,Big Sambo & The House Wreckers,Big Sambo & The House Wreckers
Florraine Darlin,7,exact_text,1.0,48a93141-00b5-4c73-a485-4a0de78439cf,Florraine Darlin,Florraine Darlin
Baby Jane & The Rockabyes,7,exact_text,1.0,20741f7c-1574-45be-a1af-eb3850cd722f,Baby Jane and The Rockabyes,Baby Jane and The Rockabyes
The Alley Cats,7,exact_normalized,1.0,da9d4624-a608-422a-84b5-c6eed9aa12c9,Alley Cats,Alley Cats
Kirby St. Romain,7,exact_text,1.0,61d71429-466d-4fb4-a4b6-81634cf4c6f3,Kirby St. Romain,Kirby St. Romain
Alice Wonder Land,7,exact_text,1.0,9ac080b7-1a8c-4a11-aa55-575572c54650,Alice Wonder Land,Alice Wonder Land
Billy Edd Wheeler,7,exact_text,1.0,762fc18c-0fa0-45ad-92f8-b1ebac065677,Billy Edd Wheeler,Billy Edd Wheeler
Nancy Ames,7,exact_text,1.0,f003a948-94d4-4d61-9b60-d78b8fb124c1,Nancy Ames,Nancy Ames
Brian Wilson,7,exact_text,1.0,634fe78e-fc6b-4b2a-ba83-c8c66e13a8aa,Brian Wilson,Brian Wilson
The Chicago Loop,7,exact_normalized,1.0,f181536b-f45c-4a25-a322-fe63b0c6a427,Chicago Loop,Chicago Loop
Dr. West's Medicine Show and Junk Band,7,fuzzy,0.9863,e82379f4-a20e-4361-8308-f69d76b93e1f,Dr. West’s Medicine Show & Junk Band,Dr. West’s Medicine Show & Junk Band
Whistling Jack Smith,7,exact_text,1.0,65cb4e85-ba32-4660-94fc-9c02ea0a63f2,Whistling Jack Smith,Whistling Jack Smith
The Merry-Go-Round,7,fuzzy,0.9412,2f05bc67-6acd-42b3-8b42-7ad6a6507772,The Merry‐Go‐Round,The Merry‐Go‐Round
Sagittarius,7,exact_text,1.0,304a32fc-e3bb-4421-b35b-1ad6ad83d5e0,Sagittarius,Sagittarius
The Epic Splendor,7,exact_normalized,1.0,0c932146-b311-460d-9a3b-86096b2a7014,Epic Splendor,Epic Splendor
The Music Makers,7,exact_normalized,1.0,8d8a29d0-96ab-4a19-9a0f-9d0024c7d47d,Music Makers,Music Makers
Eternity's Children,7,fuzzy,0.973,25042d7b-c1f7-4f29-ac63-da7c95c22f64,Eternity’s Children,Eternity’s Children
Five By Five,7,exact_text,1.0,73cbed74-71ca-4968-b75a-302de90f498b,Five by Five,Five by Five
Autry Inman,7,exact_text,1.0,ebf28e48-1176-456c-80ec-e96c292ea077,Autry Inman,Autry Inman
Shango,7,exact_text,1.0,ef40f557-9338-4cd1-a2bd-5994f0563537,Shango,Shango
The Checkmates| Ltd.,7,exact_text,1.0,99f90441-2018-48db-9e06-b707fe15a3a6,"The Checkmates, Ltd.","The Checkmates, Ltd."
Tim Hardin,7,exact_text,1.0,8f4be405-84d5-4cac-bdf9-bf02d9e04962,Tim Hardin,Tim Hardin
Arkade,7,exact_text,1.0,91d830d6-43fb-45fe-bb46-987295db514d,Arkade,Arkade
Vigrass & Osborne,7,exact_text,1.0,c2ad9499-4782-4f28-af95-2b8719e6884b,Vigrass & Osborne,Vigrass & Osborne
The Incredible Bongo Band,7,exact_normalized,1.0,f72131c1-b677-4324-84c0-9f5991fe4a4e,Incredible Bongo Band,Incredible Bongo Band
Creative Source,7,exact_text,1.0,7cf7c106-14e1-4c22-9341-7e7eb73b26a2,Creative Source,Creative Source
Brother To Brother,7,exact_text,1.0,8ceb84bb-0295-4e8b-841e-72b9842b633d,Brother to Brother,Brother to Brother
Dynamic Superiors,7,exact_normalized,1.0,b2ac9745-e872-4abe-8e8e-f14c30f32c58,The Dynamic Superiors,The Dynamic Superiors
Michael Holm,7,exact_text,1.0,e593bf42-2e3f-49fc-9645-4c447363cd34,Michael Holm,Michael Holm
Hello People,7,exact_text,1.0,74afda69-9e33-4faa-af36-f9d0a5a871d1,Hello People,Hello People
Brian Protheroe,7,exact_text,1.0,f986ecb6-c4c4-4d6b-a498-93aa23cb4208,Brian Protheroe,Brian Protheroe
Country Joe McDonald,7,exact_text,1.0,eff6bb53-849d-44d3-b5cd-8d6e07891796,Country Joe McDonald,Country Joe McDonald
Fools Gold,7,exact_text,1.0,a1301435-59a4-4d9e-b355-14c69ccdac7f,Fools Gold,Fools Gold
Robin Trower,7,exact_text,1.0,6605c2c6-f115-486c-8b1a-b786882de463,Robin Trower,Robin Trower
Henhouse Five Plus Too,7,fuzzy,0.9545,cfdc0017-b27c-47fe-a4bf-db30de7c3be7,Henhouse Five Plus Two,Henhouse Five Plus Two
The Heart And Soul Orchestra,7,exact_text,1.0,d67d4a1f-cd08-4923-9542-3b8ab1bcb6cd,The Heart and Soul Orchestra,The Heart and Soul Orchestra
Wildfire,7,exact_text,1.0,958dc89d-fd41-4b75-b883-6918d9cd8fb1,Wildfire,Wildfire
Crawler,7,exact_text,1.0,c26e3510-79a7-49b2-b044-aa804552c4d4,Crawler,Crawler
Kongas,7,exact_text,1.0,1dabed57-2153-4cfd-b288-c0357d9a5a2c,Kongas,Kongas
James Walsh Gypsy Band,7,exact_text,1.0,6421a621-5839-4aa1-b2de-83b580df0a1c,James Walsh Gypsy Band,James Walsh Gypsy Band
Space,7,exact_text,1.0,63134699-ca51-464b-816d-3f32efd4a093,Space,Space
Carrie Lucas,7,exact_text,1.0,0ec56df8-abd0-4e07-b5de-5caff7e42746,Carrie Lucas,Carrie Lucas
Pat Travers,7,exact_text,1.0,71fd1b0d-4f63-4060-95d9-afbc80ddffc2,Pat Travers,Pat Travers
Pat Travers Band,7,exact_text,1.0,79107217-3858-4af2-827b-a6fb7c535837,Pat Travers Band,Pat Travers Band
Zapp,7,exact_text,1.0,e89e79d4-04c1-4bc3-9be1-a15899c93d8f,Zapp,Zapp
The Doolittle Band,7,exact_text,1.0,7464d132-3668-4677-b856-163db9f325a2,The Doolittle Band,The Doolittle Band
Pendulum,7,exact_text,1.0,beff21d3-88c7-4ee0-8b7a-40b6db22c6d7,Pendulum,Pendulum
Sherbs,7,exact_text,1.0,19d6d29f-06e9-4b56-ba3e-b361e01a9548,Sherbs,Sherbs
Hawks,7,exact_text,1.0,c87088c1-46ec-403b-83d3-4e6a15f7d571,Hawks,Hawks
Garland Jeffreys,7,exact_text,1.0,6123044a-f551-4c68-8d28-64c40035172c,Garland Jeffreys,Garland Jeffreys
West Street Mob,7,exact_text,1.0,1d1d3fbc-1788-4725-8f0b-0a319f3e4de5,West Street Mob,West Street Mob
Streek,7,exact_text,1.0,62ffd9cb-8859-4eff-8aec-80d6963f910f,Streek,Streek
Aurra,7,exact_text,1.0,4ec7c9bb-9ddc-4e43-9a8c-5806e91740c1,Aurra,Aurra
Sparks,7,exact_text,1.0,f319b57a-a494-40f6-a467-3d196d3484e6,Sparks,Sparks
Dayton,7,exact_text,1.0,cbac7b26-a560-429b-85ba-d57fbdf46618,Dayton,Dayton
Grandmaster Flash,7,exact_text,1.0,7db590cd-d7e6-4b36-b4e7-e8209426b02d,Grandmaster Flash,Grandmaster Flash
Judas Priest,7,exact_text,1.0,6b335658-22c8-485d-93de-0bc29a1d0349,Judas Priest,Judas Priest
Rough Trade,7,exact_text,1.0,4f4b0013-1704-4936-a769-e6e8a6e08ff8,Rough Trade,Rough Trade
Goanna,7,exact_text,1.0,15be396e-f3b5-4f2d-8d00-5b23fc757071,Goanna,Goanna
David Gilmour,7,exact_text,1.0,1dce970e-34bc-48b2-ab51-48d87544a4c2,David Gilmour,David Gilmour
Band Of Gold,7,exact_text,1.0,9148f416-f84f-4368-be43-fbe49255a4a1,Band of Gold,Band of Gold
Jules Shear,7,exact_text,1.0,3b88a652-36b2-4158-bec5-9d6fee5ef655,Jules Shear,Jules Shear
Mai Tai,7,exact_text,1.0,998cc45d-a5e6-4795-9b66-9cf7568ed9cd,Mai Tai,Mai Tai
Nocera,7,exact_text,1.0,7c7d9d94-4b56-4427-ad1c-fa56fe887394,Nocera,Nocera
Mel & Kim,7,exact_text,1.0,7a9e37d6-4396-415b-80f6-4b23b1c041df,Mel & Kim,Mel & Kim
Cellarful Of Noise,7,exact_text,1.0,0754a546-aa48-4e51-af4b-60f13c0b30e1,Cellarful of Noise,Cellarful of Noise
Roxanne,7,exact_text,1.0,2128610e-a455-4848-891d-2b874f67972e,Roxanne,Roxanne
Toni Childs,7,exact_text,1.0,dc4dd336-2299-4d7d-9514-b4f2cd8d0297,Toni Childs,Toni Childs
Romeo's Daughter,7,fuzzy,0.9677,09c20849-8308-4812-a8eb-c28d84097496,Romeo’s Daughter,Romeo’s Daughter
Love And Money,7,exact_text,1.0,8f51137c-acdc-438c-a7fc-00fafe4cac02,Love and Money,Love and Money
Choirboys,7,exact_text,1.0,f45dd094-32ca-4856-b979-df9c475d8dad,Choirboys,Choirboys
Figures On A Beach,7,exact_text,1.0,ef7288e3-cbe3-4d18-bc58-9b278fdd1f07,Figures on a Beach,Figures on a Beach
Q-feel,7,exact_text,1.0,b843c5dc-abad-49e3-bb39-db50c1c78cca,Q-Feel,Q-Feel
Tangier,7,exact_text,1.0,218c1047-c5c5-4092-950b-8c4125a99ff1,Tangier,Tangier
"Joyce ""Fenderella"" Irby",7,exact_text,1.0,5035c6fd-309d-43fb-91f4-e2a64ee719a4,Joyce ‘Fenderella’ Irby,Joyce ‘Fenderella’ Irby
Pat & Mick,7,exact_text,1.0,d5f4539a-961f-4792-b8db-e043c9a78bef,Pat & Mick,Pat & Mick
Richie Sambora,7,exact_text,1.0,3ae4a23a-80a2-408f-9079-d6571c2525ae,Richie Sambora,Richie Sambora
Sofia Shinas,7,exact_text,1.0,6b898f39-24de-4c6b-88f8-b7d85bda28f0,Sofia Shinas,Sofia Shinas
Bad Boys Blue,7,exact_text,1.0,ae32393f-b7db-479b-8728-8ea28c1edb16,Bad Boys Blue,Bad Boys Blue
To Be Continued...,7,exact_text,1.0,5b128f01-65cb-4126-a0e4-220c5989b4f4,To Be Continued,To Be Continued
Gravediggaz,7,exact_text,1.0,7010fbf2-cbfd-4625-b0ef-a7efb9285320,Gravediggaz,Gravediggaz
Intonation Featuring Joee,7,exact_text,1.0,7eb8412c-1806-4faa-af57-a94af29173ea,Intonation,Intonation
Rusted Root,7,exact_text,1.0,eec37ec3-79f5-4158-bed8-370ccb4aa295,Rusted Root,Rusted Root
Qkumba Zoo,7,exact_text,1.0,5cbd9528-7193-4af0-bbb8-50ad60b85270,Qkumba Zoo,Qkumba Zoo
Sublime,7,exact_text,1.0,95f5b748-d370-47fe-85bd-0af2dc450bc0,Sublime,Sublime
Heltah Skeltah Featuring Starang Wondah Of O.G.C. & Doc Holiday,7,exact_text,1.0,c9f667d8-2da2-4aea-81cd-a42f3affc560,Heltah Skeltah,Heltah Skeltah
Deryl Dodd,7,exact_text,1.0,176aaeef-eeb5-40e0-81a1-ad05fb71d2ce,Deryl Dodd,Deryl Dodd
Baz Luhrmann,7,exact_text,1.0,04b94d74-1eb0-4633-ab8d-4f60d75e3114,Baz Luhrmann,Baz Luhrmann
Funkmaster Flex Featuring DMX,7,exact_text,1.0,de9e1687-377f-4559-8133-6fe5986dd95c,Funkmaster Flex,Funkmaster Flex
Darren Hayes,7,exact_text,1.0,ec21de7d-2288-4640-a015-edecf6ac147f,Darren Hayes,Darren Hayes
Frankee,7,exact_text,1.0,a278331c-1b22-4ebd-b93f-4408bd96f9b8,Frankee,Frankee
Monchy & Alexandra,7,exact_text,1.0,4694e9a3-bc35-4a5c-be15-0fa6ba9abd70,Monchy & Alexandra,Monchy & Alexandra
Blaine Larsen,7,exact_text,1.0,8255dcad-d889-4b33-8a9c-7419f9e88e54,Blaine Larsen,Blaine Larsen
Crazy Frog,7,exact_text,1.0,3df914b9-e0bc-493c-875a-c412f84ecdad,Crazy Frog,Crazy Frog
Lindsay Lohan,7,exact_text,1.0,63b43c69-b822-4268-bdad-bcde12531f50,Lindsay Lohan,Lindsay Lohan
Swizz Beatz,7,exact_text,1.0,698ff525-ff51-4206-8f08-60a7458aab24,Swizz Beatz,Swizz Beatz
K'Naan,7,fuzzy,0.9091,ee421ee4-f861-405d-8730-29cb512dfdbd,K’naan,K’naan
Parachute,7,exact_text,1.0,20c7090f-3813-43e5-8535-7fcfd6fdf6e6,Parachute,Parachute
Thirty Seconds To Mars,7,exact_text,1.0,d8354b38-e942-4c89-ba93-29323432abc3,Thirty Seconds to Mars,Thirty Seconds to Mars
Dia Frampton,7,exact_text,1.0,fe3399b8-16c1-4e96-8f06-331072cb61bf,Dia Frampton,Dia Frampton
Sawyer Fredericks,7,exact_text,1.0,d443bf6c-501a-44f2-acdf-689f2ef28a67,Sawyer Fredericks,Sawyer Fredericks
Tech N9ne Featuring 2 Chainz & B.o.B,7,exact_text,1.0,dde3d9b1-0e44-48bc-b0c9-d739b3570000,Tech N9ne,Tech N9ne
Rag'n'Bone Man,7,fuzzy,0.9231,37993cdf-f61a-488f-8cca-07e03b8aaa02,Rag’n’Bone Man,Rag’n’Bone Man
Bhad Bhabie,7,exact_text,1.0,a9d2cd95-8441-4cd3-a2f5-d0e9304fc40e,Bhad Bhabie,Bhad Bhabie
KIDS SEE GHOSTS,7,exact_text,1.0,793e220b-64f8-46d9-954d-e033dbcfeef4,KIDS SEE GHOSTS,KIDS SEE GHOSTS
Eslabon Armado Featuring DannyLux,7,exact_text,1.0,c748f5d2-eac8-4570-a9cc-d2d03d0a6092,Eslabón Armado,Eslabón Armado
Priscilla Block,7,exact_text,1.0,39c0b99a-7e0e-42c7-94e2-14dc7c99a019,Priscilla Block,Priscilla Block
Lucky Daye,7,exact_text,1.0,a7472b5e-9b6e-48a6-b910-37c940487086,Lucky Daye,Lucky Daye
Omar Apollo,7,exact_text,1.0,0b966a38-5ad9-43c1-b86b-c07079523165,Omar Apollo,Omar Apollo
MGK,7,exact_text,1.0,f6af669a-56ea-448a-a044-de76181ada33,mgk,mgk
Betty Johnson,6,exact_text,1.0,24a9ca6c-a7f1-4e07-9503-af592150fdf4,Betty Johnson,Betty Johnson
Polly Bergen,6,exact_text,1.0,72883e47-8f11-4c65-982a-c9db50b3a7b8,Polly Bergen,Polly Bergen
Arthur Lyman,6,exact_text,1.0,20374192-9f2e-475a-b423-9aa2d5834875,Arthur Lyman,Arthur Lyman
Little Bill and The Bluenotes,6,exact_text,1.0,60694032-1158-4188-a83e-a67395251927,Little Bill & the Bluenotes,Little Bill & the Bluenotes
E.C. Beatty,6,exact_text,1.0,4565405b-cecd-4899-98c8-65aebab144fc,E.C. Beatty,E.C. Beatty
Dancer| Prancer And Nervous,6,exact_text,1.0,30e9af9a-d20a-44f6-926f-e7557342fde6,"Dancer, Prancer and Nervous","Dancer, Prancer and Nervous"
Ivo Robic,6,exact_text,1.0,85dada73-e848-4cec-bf4f-c5718bd74ef0,Ivo Robić,Ivo Robić
Wade Flemons,6,exact_text,1.0,67c3274d-2860-4195-9542-f592249d1ae4,Wade Flemons,Wade Flemons
Bobby Comstock And The Counts,6,exact_text,1.0,293de855-a862-4b0a-99b9-5a8e48ea4554,Bobby Comstock & The Counts,Bobby Comstock & The Counts
Frank DeVol And His Rainbow Strings,6,fuzzy,0.9296,62ca394e-c5a5-47a6-a251-d3d53274e777,Frank De Vol & The Rainbow Strings,Frank De Vol & The Rainbow Strings
Red River Dave,6,exact_text,1.0,c2cfca36-946e-43a2-8749-bfea3822b5a1,Red River Dave,Red River Dave
The Tree Swingers,6,exact_text,1.0,6c2c7368-4855-46ad-8808-6c8d362b524e,The Tree Swingers,The Tree Swingers
Thelma Carpenter,6,exact_text,1.0,679df852-9630-4523-a704-b46bf64f647a,Thelma Carpenter,Thelma Carpenter
Rod McKuen,6,exact_text,1.0,a12980dd-8cf1-4802-84e3-32c08560cf49,Rod McKuen,Rod McKuen
The Four Pennies,6,exact_normalized,1.0,cea5c84a-5c8e-421b-9238-3ab4b5305c5a,Four Pennies,Four Pennies
Vito & The Salutations,6,exact_text,1.0,7611b7f3-d53f-497d-9068-167261eaf73e,Vito and the Salutations,Vito and the Salutations
The Simon Sisters,6,exact_text,1.0,cb5b9dd3-e67e-4b3e-bd81-eebfc03a1e30,The Simon Sisters,The Simon Sisters
Lulu And The Luvers,6,fuzzy,0.9744,595db212-a0b5-4c4f-a0b7-c07d2edd79f5,Lulu & the Luvvers,Lulu & the Luvvers
Soupy Sales,6,exact_text,1.0,24264f95-a7b6-4db3-bf5d-1b2e5bbc722c,Soupy Sales,Soupy Sales
Billy Butler & The Chanters,6,exact_text,1.0,fbdef4bd-d9cc-4584-b65d-5879597efd6f,Billy Butler & the Chanters,Billy Butler & the Chanters
G.L. Crockett,6,exact_text,1.0,3c1e9b0a-2b75-41ac-928f-e61a114d7704,G.L. Crockett,G.L. Crockett
The Five Emprees,6,exact_text,1.0,8a707982-6663-44f7-af20-86564239f547,The Five Emprees,The Five Emprees
Bud Shank,6,exact_text,1.0,8b41d840-cddb-41b5-b85d-3023b333f9d3,Bud Shank,Bud Shank
Lyme & Cybelle,6,exact_text,1.0,03e1abb2-f5d4-4ba0-9568-f1cbe262896e,Lyme & Cybelle,Lyme & Cybelle
Leroy Pullins,6,exact_text,1.0,8ea9fcf9-45b1-41c1-8e18-3fe0b015abe9,Leroy Pullins,Leroy Pullins
Clefs Of Lavender Hill,6,exact_text,1.0,b82a9527-c8e1-4d72-a0dc-ca75463cbfca,Clefs of Lavender Hill,Clefs of Lavender Hill
Dana Rollin,6,exact_text,1.0,8cf9a432-a065-4913-9bf2-759c606675e7,Dana Rollin,Dana Rollin
Senator Everett McKinley Dirksen,6,exact_text,1.0,82c1bf0d-c252-47ba-993b-e1a8b0d9d673,Senator Everett McKinley Dirksen,Senator Everett McKinley Dirksen
Micky Dolenz,6,exact_text,1.0,e97b6d05-3020-48e2-ac8b-29b71add512b,Micky Dolenz,Micky Dolenz
The Kingpins,6,fuzzy,0.96,87950ded-8dcb-417e-be45-d49592aebb11,The King Pins,The King Pins
Victor Lundberg,6,exact_text,1.0,136cd890-070d-41d0-b679-482569f1fdf3,Victor Lundberg,Victor Lundberg
Dave Dee| Dozy| Beaky| Mick And Tich,6,exact_text,1.0,dbd34abc-6c52-4850-bf73-7abaa146b621,"Dave Dee, Dozy, Beaky, Mick & Tich","Dave Dee, Dozy, Beaky, Mick & Tich"
Albert King,6,exact_text,1.0,10f89195-3af1-46f5-aa36-504aa3309f5a,Albert King,Albert King
Jimmy James & The Vagabonds,6,exact_text,1.0,b468d1c2-c3c2-4330-8697-170c287af984,Jimmy James & the Vagabonds,Jimmy James & the Vagabonds
Esther & Abi Ofarim,6,exact_text,1.0,7252a389-6feb-4616-9052-11cf47d3daaf,Esther & Abi Ofarim,Esther & Abi Ofarim
Wilmer And The Dukes,6,exact_text,1.0,7de18009-ac1f-40e1-ace0-f671e0c3072b,Wilmer & The Dukes,Wilmer & The Dukes
Eivets Rednow,6,exact_text,1.0,85db5120-7b1d-4b18-be06-630840398fbc,Eivets Rednow,Eivets Rednow
The T.S.U. Toronadoes,6,exact_text,1.0,133c2b46-7289-47c9-a456-e62544cc2139,The T.S.U. Toronadoes,The T.S.U. Toronadoes
Peter Sarstedt,6,exact_text,1.0,4889bd79-347c-448d-92e7-54620fab9dfe,Peter Sarstedt,Peter Sarstedt
Moms Mabley,6,exact_text,1.0,ed829618-9435-4ca3-b4df-ab6539d143fc,Moms Mabley,Moms Mabley
Piero Umiliani,6,exact_text,1.0,806b793c-fb2c-401e-be44-f753c0ea2f15,Piero Umiliani,Piero Umiliani
Cold Blood,6,exact_text,1.0,6f007e8d-cb04-4b1e-b259-f122a929687e,Cold Blood,Cold Blood
Diane Kolby,6,exact_text,1.0,88adaaa6-36d8-4ea8-819d-e6eb9fb6e484,Diane Kolby,Diane Kolby
Blue Mink,6,exact_text,1.0,a41a94eb-84af-4b72-80b8-3e09eca59b0c,Blue Mink,Blue Mink
Crystal Mansion Featuring Johnny Caswell,6,exact_text,1.0,a0d2c240-40a6-4988-ac99-aedad9395567,Crystal Mansion,Crystal Mansion
Conway Twitty & Loretta Lynn,6,exact_text,1.0,eccda029-2b09-4cad-ac07-44fed76ddfbc,Conway Twitty & Loretta Lynn,Conway Twitty & Loretta Lynn
Odds & Ends,6,exact_text,1.0,a5a6e912-8dbf-4e91-b8e8-980428624e10,Odds & Ends,Odds & Ends
Stoney & Meatloaf,6,exact_text,1.0,2cb3b264-277f-4d8f-bc86-1923ff8abdc0,Stoney & Meatloaf,Stoney & Meatloaf
Grin,6,exact_text,1.0,f4098b44-63f8-40fd-aed4-b2c8ea935641,Grin,Grin
Donald Byrd,6,exact_text,1.0,69f95e5c-4b34-4c8b-b8fe-c59f9296195a,Donald Byrd,Donald Byrd
Ripple,6,exact_text,1.0,ffa1f971-31d1-4191-84e7-2642affed079,Ripple,Ripple
NRBQ,6,exact_text,1.0,4777dc1b-2533-4189-9062-c1b2b477d5c5,NRBQ,NRBQ
Oscar Brown Jr.,6,exact_text,1.0,fad74575-8a16-4c50-99a5-5d20fda0bd46,Oscar Brown Jr.,Oscar Brown Jr.
Hoyt Axton,6,exact_text,1.0,2e359fac-9a6b-4436-9719-6170315e0072,Hoyt Axton,Hoyt Axton
Stark & McBrien,6,exact_text,1.0,9c44dfdf-ddce-4b5a-9634-b51cd8958230,Stark & McBrien,Stark & McBrien
Dooley Silverspoon,6,exact_text,1.0,9029cffa-af94-4c5a-870f-835d4c084795,Dooley Silverspoon,Dooley Silverspoon
East L.A. Car Pool,6,fuzzy,0.9697,a560854b-fb19-415e-891e-695e3debb25c,East LA Car Pool,East LA Car Pool
Katfish,6,exact_text,1.0,d6113a9b-3544-48bd-981b-91a137d0479f,Katfish,Katfish
Gaylord & Holiday,6,exact_text,1.0,8e0d1cdc-d0d4-46a2-ac7e-1cdc1f493803,Gaylord & Holiday,Gaylord & Holiday
Donny Gerrard,6,exact_text,1.0,de4759e8-5c38-4baa-94c1-dc2b466b8356,Donny Gerrard,Donny Gerrard
Bob Marley And The Wailers,6,exact_text,1.0,c296e10c-110a-4103-9e77-47bfebb7fb2e,Bob Marley & The Wailers,Bob Marley & The Wailers
Attitudes,6,exact_text,1.0,ae5fb8e3-6e36-4671-95ae-92c166a0394a,Attitudes,Attitudes
The Glitter Band,6,exact_text,1.0,f4efeed3-5999-4e45-a36b-812108b0f15a,The Glitter Band,The Glitter Band
Klaatu,6,exact_text,1.0,dafcd725-9cb6-4347-be21-fd9a950e8064,Klaatu,Klaatu
Universal Robot Band,6,exact_normalized,1.0,58b0c30a-7bd0-4ede-a326-55638677d741,The Universal Robot Band,The Universal Robot Band
Hodges| James And Smith,6,exact_text,1.0,fab0633a-55f7-4606-9581-5c21d5178175,"Hodges, James & Smith","Hodges, James & Smith"
Kayak,6,exact_text,1.0,7379ad7c-8973-446d-9d9b-c18e91d7437a,Kayak,Kayak
Gino Soccio,6,exact_text,1.0,222d2ac7-08e7-47be-8df5-49098b79caee,Gino Soccio,Gino Soccio
Blackjack,6,exact_text,1.0,2df758bd-5195-4b02-bebf-d19c656706ec,Blackjack,Blackjack
Ian Hunter,6,exact_text,1.0,09a67d90-b221-4d15-9bcf-707218108690,Ian Hunter,Ian Hunter
Steve Dahl And Teenage Radiation,6,exact_text,1.0,e5ac263a-7fd8-48a8-b410-d2097e7998fb,Steve Dahl & Teenage Radiation,Steve Dahl & Teenage Radiation
Dollar,6,exact_text,1.0,2c31fd03-5e41-4da3-853e-b661ed4e6788,Dollar,Dollar
Dynasty,6,exact_text,1.0,2a7d295d-3d88-40c0-a050-b6f4bae2b639,Dynasty,Dynasty
The Star Wars Intergalactic Droid Choir & Chorale,6,exact_normalized,1.0,94ec80dd-63e2-4005-ba28-da20ed1766d4,Star Wars Intergalactic Droid Choir & Chorale,Star Wars Intergalactic Droid Choir & Chorale
Leon Redbone,6,exact_text,1.0,954dd6e2-ee1a-4004-a8f5-fc3ac0505a5d,Leon Redbone,Leon Redbone
Central Line,6,exact_text,1.0,22c68616-1c32-4888-a6c4-df818cc58b2b,Central Line,Central Line
Joan Armatrading,6,exact_text,1.0,fa598e78-5cc5-4a8b-a3b5-63934d4712c7,Joan Armatrading,Joan Armatrading
Loz Netto,6,exact_text,1.0,9fee80c9-42e1-4b56-b215-fae45304b54d,Loz Netto,Loz Netto
Cee Farrow,6,exact_text,1.0,9cd557d4-4c46-4dc1-b4c6-a860ab48d2a3,Cee Farrow,Cee Farrow
Jenny Burton,6,exact_text,1.0,6b16ad36-44fb-4238-bcff-48657038da0f,Jenny Burton,Jenny Burton
Shakin' Stevens,6,exact_text,1.0,e0195400-ad63-4a21-8d56-9a96647cb24e,Shakin’ Stevens,Shakin’ Stevens
Apollonia 6,6,exact_text,1.0,fe86daf3-10ce-4964-a2a4-49114b4c772d,Apollonia 6,Apollonia 6
Eurogliders,6,exact_text,1.0,482ded4c-1b21-4894-93e4-34d7d938d896,Eurogliders,Eurogliders
Steve Arrington,6,exact_text,1.0,0df4ba7d-f65d-48ee-a6db-e9c0821d04f4,Steve Arrington,Steve Arrington
Feargal Sharkey,6,exact_text,1.0,5cfcfc9d-9382-451e-ad95-4ec94de72774,Feargal Sharkey,Feargal Sharkey
Mondo Rock,6,exact_text,1.0,17559120-b3f5-48f4-a807-3c06163f6acb,Mondo Rock,Mondo Rock
4 by Four,6,exact_text,1.0,f876119a-1717-41f6-9931-3247e9693df9,4 by Four,4 by Four
Beau Coup,6,exact_text,1.0,b40af9f1-4dfa-47cc-b6eb-64e988dd3c4d,Beau Coup,Beau Coup
Jimmy Davis & Junction,6,exact_text,1.0,f0686b3e-0bdf-4bf8-8ab1-7d61e7a4074b,Jimmy Davis & Junction,Jimmy Davis & Junction
Millions Like Us,6,exact_text,1.0,83d45787-c8b7-4db3-8d2f-27bb967bba7f,Millions Like Us,Millions Like Us
Kingdom Come,6,exact_text,1.0,a9859125-d2c2-498e-a20b-b98dff2957a4,Kingdom Come,Kingdom Come
Fairground Attraction,6,exact_text,1.0,63f4a78d-009d-4579-98f6-810d15f18397,Fairground Attraction,Fairground Attraction
XTC,6,exact_text,1.0,97c86b2c-2765-46a2-aef8-76a7e24c430f,XTC,XTC
Tora Tora,6,exact_text,1.0,acb5a55d-2e39-4098-962e-acbc68adc663,Tora Tora,Tora Tora
Texas,6,exact_text,1.0,7289d10d-d8d2-41ff-8308-c56ec9346e07,Texas,Texas
Diving For Pearls,6,exact_text,1.0,5fec364e-e03f-4872-8475-13f9de4504fd,Diving for Pearls,Diving for Pearls
Abstrac',6,exact_text,1.0,ddc12198-9a34-4309-914a-2538ccdd2d7b,Abstrac',Abstrac'
Gorky Park,6,exact_text,1.0,72de01b4-59ea-45d2-9975-6239ce031072,Gorky Park,Gorky Park
Oaktown's 3.5.7,6,fuzzy,0.9655,2e058205-12ef-49b0-96aa-b52c714fbcfa,Oaktown’s 3.5.7,Oaktown’s 3.5.7
Cut 'N' Move,6,exact_text,1.0,3c74d64c-dee2-4c2d-95c2-b829596bdc6b,Cut ’n’ Move,Cut ’n’ Move
Kingofthehill,6,exact_text,1.0,5c57ec9a-cb23-48ea-9b0e-07812f15ffee,KingOfTheHill,KingOfTheHill
Grandmaster Slice,6,exact_text,1.0,3143da2b-6361-4a38-9ff8-9d77233d0f69,Grandmaster Slice,Grandmaster Slice
BeBe & CeCe Winans Featuring Mavis Staples,6,exact_text,1.0,471f35c4-5641-4f98-9108-afb841af5692,BeBe & CeCe Winans,BeBe & CeCe Winans
Nyasia,6,exact_text,1.0,66c97307-641c-4f0d-b584-2f234ccc41f0,Nyasia,Nyasia
East Coast Family,6,exact_text,1.0,64056589-c19d-4fb1-93b3-750062b2d5d9,East Coast Family,East Coast Family
Remedy,6,exact_text,1.0,5081d42e-29cd-47b3-8406-674435c0482c,Remedy,Remedy
MeShell Ndegeocello,6,exact_text,1.0,55a8b485-1cbf-47ee-ae15-d106200fafe8,Meshell Ndegeocello,Meshell Ndegeocello
Bjork,6,exact_text,1.0,87c5dedd-371d-4a53-9f7f-80522fb7f3cb,Björk,Björk
Shyheim,6,exact_text,1.0,fb09bb85-5a97-4092-b056-a9e50773974a,Shyheim,Shyheim
Reel 2 Real Featuring The Mad Stuntman,6,exact_text,1.0,0b14526c-8d99-47ac-9c3e-0d62ad178dd5,Reel 2 Real,Reel 2 Real
Tanya Blount,6,exact_text,1.0,4cece400-073b-4b2e-999e-c52b250cc487,Tanya Blount,Tanya Blount
Aimee Mann,6,exact_text,1.0,db3c0a20-bf05-4b30-ac22-f294aea24172,Aimee Mann,Aimee Mann
Juliana Hatfield,6,exact_text,1.0,f8bf63aa-9bc9-4c03-8673-396cfd5d3cab,Juliana Hatfield,Juliana Hatfield
SF Spanish Fly,6,exact_text,1.0,5d23f405-fd01-46a5-9f81-7f8c46209a26,SF Spanish Fly,SF Spanish Fly
Lorrie Morgan,6,exact_text,1.0,5f2dc270-3205-4aef-a8ea-119fb8b87294,Lorrie Morgan,Lorrie Morgan
Chucklebutt,6,exact_text,1.0,7d95a62e-0e77-4f29-a7e4-b20498bfa6b8,Chucklebutt,Chucklebutt
Daryle Singletary,6,exact_text,1.0,986eb3ea-901c-4b49-b1fa-5922394bf6e8,Daryle Singletary,Daryle Singletary
Rebekah,6,exact_text,1.0,10d274f0-a063-4fb6-a924-5631e9d9b633,Rebekah,Rebekah
EOL,6,exact_text,1.0,e9383d61-4f69-492c-95f2-48e4710c562c,EOL,EOL
Remy Shand,6,exact_text,1.0,4043e97e-8a69-424f-bf59-16bc8aac71e6,Remy Shand,Remy Shand
New Found Glory,6,exact_text,1.0,6acb932e-840d-47ac-8e0d-725ad8a6e52c,New Found Glory,New Found Glory
Fefe Dobson,6,exact_text,1.0,42f55e6a-7a8d-4e8f-bbc7-da411b41bd15,Fefe Dobson,Fefe Dobson
Lostprophets,6,exact_text,1.0,ef6e2e49-aa93-41bd-89b0-8c7d2f260a83,Lostprophets,Lostprophets
High School Musical Cast,6,exact_normalized,1.0,869b594f-c4f5-4747-ad57-cc9463fef491,The High School Musical Cast,The High School Musical Cast
Cheyenne Kimball,6,exact_text,1.0,e19729b9-e1b3-42fd-a6dd-bbfc8686cdea,Cheyenne Kimball,Cheyenne Kimball
Jordan Pruitt,6,exact_text,1.0,78a4c050-c724-45a6-b98a-d05ae56c63e3,Jordan Pruitt,Jordan Pruitt
Julianne Hough,6,exact_text,1.0,6c013efb-e919-4044-9e99-ef583c97f335,Julianne Hough,Julianne Hough
MGMT,6,exact_text,1.0,c485632c-b784-4ee9-8ea1-c5fb365681fc,MGMT,MGMT
Disney's Friends For Change,6,exact_text,1.0,9c657343-7f42-4468-8523-6bb31f942357,Disney's Friends for Change,Disney's Friends for Change
Javier Colon,6,exact_text,1.0,2c82d814-6ee6-4ed3-a9f7-0799b5f0ffd9,Javier Colon,Javier Colon
Edens Edge,6,exact_text,1.0,d2a498f2-f813-4b03-b3f9-22bac5bd5419,Edens Edge,Edens Edge
The Barden Bellas,6,exact_text,1.0,8b605782-3a16-4ab9-ba28-e0c30ccbc89e,The Barden Bellas,The Barden Bellas
Bonnie McKee,6,exact_text,1.0,0faaba05-d9b3-4bde-85d1-bbbbcb838ece,Bonnie McKee,Bonnie McKee
Jess Glynne,6,exact_text,1.0,89ccd7c3-b4f8-45a6-a53f-e903eaaf96be,Jess Glynne,Jess Glynne
Fletcher,6,exact_text,1.0,a66091aa-e093-46bb-916a-387aba16e15c,FLETCHER,FLETCHER
Popp Hunna,6,exact_text,1.0,7d9daa0a-ddc9-46f6-ad3a-18b7083c423c,Popp Hunna,Popp Hunna
Key Glock,6,exact_text,1.0,c5460e21-d5e7-4e26-ab4c-ba9c627809f8,Key Glock,Key Glock
Anitta,6,exact_text,1.0,d606b860-cc03-4959-a3fd-3a24bccf2560,Anitta,Anitta
Lay Bankz,6,exact_text,1.0,e5a2ad03-b5bd-4c56-97ce-bb574f00a19e,Lay Bankz,Lay Bankz
Laufey,6,exact_text,1.0,21a89505-10a9-4ac0-8388-833bc07b9f86,Laufey,Laufey
CHRYSTAL,6,exact_text,1.0,5344839a-3c03-4370-ad14-c50ed2c339de,Chrystal,Chrystal
Pierce the Veil,6,exact_text,1.0,8ed919fb-eaee-45a1-ba99-b3ede9ca5f1d,Pierce the Veil,Pierce the Veil
Tony And Joe,5,exact_text,1.0,5d20a143-44d1-4e45-8da7-60d6f73747c6,Tony & Joe,Tony & Joe
The DeCastro Sisters,5,exact_text,1.0,e69e52b5-ac09-40d7-bba0-ff26af2a5213,The DeCastro Sisters,The DeCastro Sisters
Georgia Gibbs,5,exact_text,1.0,c3e11026-3c05-42b7-9a28-00083e44c03e,Georgia Gibbs,Georgia Gibbs
Wade Flemons and the Newcomers,5,exact_text,1.0,e04c57a1-1078-4631-8734-f5e6def93a36,Wade Flemons & the Newcomers,Wade Flemons & the Newcomers
Danny Zella and his Zell Rocks,5,exact_text,1.0,f3373002-1c85-45ca-b7a1-b66cb68b1344,Danny Zella & His Zell Rocks,Danny Zella & His Zell Rocks
Cornbread & Biscuits,5,exact_text,1.0,b0f41fc0-7b53-4f95-870e-0cf0d1ebc922,Cornbread & Biscuits,Cornbread & Biscuits
The Blue Diamonds,5,exact_text,1.0,da9dca47-f4b8-4389-b5ed-350e1bdf2641,The Blue Diamonds,The Blue Diamonds
The New Yorkers,5,exact_normalized,1.0,3520567f-c6f9-48e9-91c8-608691eda596,New Yorkers,New Yorkers
Adrian Kimberly,5,exact_text,1.0,8ce8b9bb-cb30-4e7e-8e15-786437fc2b2c,Adrian Kimberly,Adrian Kimberly
Ray Ellis And His Orchestra,5,exact_text,1.0,d1e47f6d-4058-44f7-bf85-17c27d9dfcb0,Ray Ellis and His Orchestra,Ray Ellis and His Orchestra
The Preludes Five,5,exact_text,1.0,e11409cc-fa97-4a1d-b491-d63778326c59,The Preludes Five,The Preludes Five
The Four Sportsmen,5,exact_normalized,1.0,7b2fe42d-3dcc-4682-accc-dc76aa50d73c,Four Sportsmen,Four Sportsmen
Nino & The Ebb Tides,5,exact_text,1.0,d1ff89d3-8fb8-4ed6-8c7a-5107c69fb7cc,Nino & the Ebb Tides,Nino & the Ebb Tides
Burt Bacharach,5,exact_text,1.0,2882ffa3-dec9-4055-a842-a950728bcb02,Burt Bacharach,Burt Bacharach
Lefty Frizzell,5,exact_text,1.0,bc1c9fba-bb4a-4f4a-91d2-ecf891376434,Lefty Frizzell,Lefty Frizzell
Sugar Pie DeSanto,5,exact_text,1.0,f9659f26-1534-4b72-8e67-fc74adc36f72,Sugar Pie DeSanto,Sugar Pie DeSanto
The Greenwood County Singers,5,exact_text,1.0,fee728a2-ecde-47c1-b56e-b1f77cf3e8e0,The Greenwood County Singers,The Greenwood County Singers
Nella Dodds,5,exact_text,1.0,7b2fd7b7-00f6-42d8-aaa3-98e737f88c7b,Nella Dodds,Nella Dodds
Cal Tjader,5,exact_text,1.0,1015b5e3-8e3d-4d78-806a-c530cf742e66,Cal Tjader,Cal Tjader
The Knight Bros.,5,exact_text,1.0,0e3a75e1-16ac-4a72-9e16-c1eeadb87c6a,The Knight Bros.,The Knight Bros.
Bonnie & The Treasures,5,exact_text,1.0,3c184d88-d957-4aa4-906e-379d5db8e76d,Bonnie & the Treasures,Bonnie & the Treasures
Ian Whitcomb,5,exact_text,1.0,a03f80bf-0139-4034-bee4-d245002fe18c,Ian Whitcomb,Ian Whitcomb
The Ivy League,5,exact_normalized,1.0,8f791414-6c06-4db8-ac3b-248800c3a50c,Ivy League,Ivy League
Johnny and The Expressions,5,exact_text,1.0,85ea681c-8d9f-4cc4-8aa5-24bfb8d56b2d,Johnny & The Expressions,Johnny & The Expressions
Tim Tam And The Turn-Ons,5,exact_text,1.0,38b920f4-3354-4829-bed8-69d6b223ab86,Tim Tam & The Turn-Ons,Tim Tam & The Turn-Ons
The Mar-Keys,5,fuzzy,0.9565,afbb9b08-8d51-4df5-b8a3-d2c5a8b86f35,The Mar‐Keys,The Mar‐Keys
Jeannie Seely,5,exact_text,1.0,38491b0f-7994-46bc-9b45-80c72d8436d4,Jeannie Seely,Jeannie Seely
Marlena Shaw,5,exact_text,1.0,f94db5b3-9260-4e81-9d35-6806e50c713f,Marlena Shaw,Marlena Shaw
The Last Word,5,exact_normalized,1.0,11985edc-2007-4d9c-a5ba-3a16e952034a,Last Word,Last Word
Bill Wyman,5,exact_text,1.0,2d33fef2-f1c4-4123-af0e-12fd690b3687,Bill Wyman,Bill Wyman
Inez & Charlie Foxx,5,exact_text,1.0,39f350ba-d1d5-40a6-adba-ab8edb70d4a3,Inez & Charlie Foxx,Inez & Charlie Foxx
The Soulful Strings,5,exact_text,1.0,e54f96bb-866d-4a34-9c9a-d1b9648af1cb,The Soulful Strings,The Soulful Strings
Hamilton Camp,5,exact_text,1.0,c3bb4161-072f-4153-ac33-3c9c26522464,Hamilton Camp,Hamilton Camp
The Show Stoppers,5,exact_text,1.0,369f1350-142c-4d75-843a-2233d8f62e98,The Show Stoppers,The Show Stoppers
Flavor,5,exact_text,1.0,cd3256d0-b395-44e3-95db-ae1e6aa8d8be,Flavor,Flavor
Southwest F.O.B.,5,exact_text,1.0,dd39db33-1dbd-4dba-bb5b-a2170847d878,Southwest F.O.B.,Southwest F.O.B.
Everything Is Everything,5,exact_text,1.0,d7870abf-855d-4ad8-bcae-7f6dc8fba4dc,Everything Is Everything,Everything Is Everything
John & Anne Ryder,5,exact_text,1.0,52e5eb5a-3c14-4267-af63-1f82d679978a,John & Anne Ryder,John & Anne Ryder
Johnny Winter,5,exact_text,1.0,8300d0fa-d120-47f6-a84e-91f140c74767,Johnny Winter,Johnny Winter
Feather,5,exact_text,1.0,a64f84d6-569a-49d6-a11b-961fa52cfced,Feather,Feather
The Rattles,5,exact_text,1.0,350df790-01d6-4459-8d0f-26abdd440b0e,The Rattles,The Rattles
Alive 'N Kickin',5,exact_text,1.0,a3dc65be-156c-454e-b9b9-3d16d22d4050,Alive ’n Kickin’,Alive ’n Kickin’
Audience,5,exact_text,1.0,9e7b854c-c8af-4883-a7e4-d36a779c4421,Audience,Audience
New Riders Of The Purple Sage,5,exact_text,1.0,64c8fe79-1f93-483f-aace-b6a6e379e7d2,New Riders of the Purple Sage,New Riders of the Purple Sage
Jamestown Massacre,5,exact_text,1.0,d04335d8-f98d-41b7-af94-5c28bc8b4a4a,Jamestown Massacre,Jamestown Massacre
Maceo And The Macks,5,exact_text,1.0,6bd34fc8-84de-4c32-a2d5-1f43d148a177,Maceo & the Macks,Maceo & the Macks
Cooker,5,exact_text,1.0,eb63c68c-18b0-494d-bf9f-50af27df2eb8,Cooker,Cooker
Heartsfield,5,exact_text,1.0,dc428275-89fb-41ce-97a8-0949337afb79,Heartsfield,Heartsfield
Susan Jacks,5,exact_text,1.0,d35f89cc-0ef4-431a-9334-5758b90992c9,Susan Jacks,Susan Jacks
Nektar,5,exact_text,1.0,8a5c294f-8d3b-452d-a6f9-6332cfb408f3,Nektar,Nektar
Shirley Caesar,5,exact_text,1.0,2bb81df0-e9e2-42ee-9708-d30b0c85d946,Shirley Caesar,Shirley Caesar
Chocolate Milk,5,exact_text,1.0,c61d3f35-1d08-48e0-89c2-cb66f2a57f80,Chocolate Milk,Chocolate Milk
Christopher Paul And Shawn,5,exact_text,1.0,bca05992-0c75-4180-9f6f-f4ddb3ddb71e,Christopher Paul and Shawn,Christopher Paul and Shawn
Cotton| Lloyd & Christian,5,exact_text,1.0,2a5dae63-5b5f-4a0a-9aed-461da27ae48f,"Cotton, Lloyd & Christian","Cotton, Lloyd & Christian"
Yvonne Fair,5,exact_text,1.0,0333f705-90bb-4858-a8d3-ee1b3cb29143,Yvonne Fair,Yvonne Fair
The Keane Brothers,5,exact_text,1.0,4df60951-cda3-4fce-afa9-db511ef388ba,The Keane Brothers,The Keane Brothers
Bumble Bee Unlimited,5,exact_text,1.0,c4663c8a-de7e-475d-9da2-672b1c4e8c83,Bumble Bee Unlimited,Bumble Bee Unlimited
Cazz,5,exact_text,1.0,f92ccee1-069e-470b-80ee-d95f16060723,Cazz,Cazz
Judy Cheeks,5,exact_text,1.0,26348c6b-16ab-4460-82c8-4490be11141e,Judy Cheeks,Judy Cheeks
Goody Goody,5,exact_text,1.0,d4093b45-46a8-4df0-a747-696b6b0252ef,Goody Goody,Goody Goody
Arpeggio,5,exact_text,1.0,d7e412f8-9caf-438e-be58-cf8cdc89320b,Arpeggio,Arpeggio
Euclid Beach Band,5,exact_text,1.0,0a65ab68-9d4c-4e0e-9049-ca59f4f672b8,Euclid Beach Band,Euclid Beach Band
Orsa Lia,5,exact_text,1.0,9a191bbb-4331-4cd5-8430-1236baa6fe36,Orsa Lia,Orsa Lia
The Gibson Brothers,5,exact_normalized,1.0,d7bf8ced-b319-45c7-a515-9744771d6b1e,Gibson Brothers,Gibson Brothers
Buckeye,5,exact_text,1.0,d36c299d-bd98-478a-b4f0-3811d09fe294,Buckeye,Buckeye
Carolyne Mas,5,exact_text,1.0,8a24155a-9d34-4640-9d71-a40494e5c61a,Carolyne Mas,Carolyne Mas
Bama,5,exact_text,1.0,ecb0c5e7-0ad4-47f8-8e8a-a8bb85af52b7,Bama,Bama
Shoes,5,exact_text,1.0,d6ae350f-a837-44ad-be5d-d24e3964cd03,Shoes,Shoes
The Boomtown Rats,5,exact_text,1.0,47aa3e97-f623-4472-8e54-da886c6a6e20,The Boomtown Rats,The Boomtown Rats
Yipes!!,5,exact_text,1.0,432a0647-2581-4a4d-a2f8-deb6c2e3d331,Yipes!,Yipes!
Deliverance,5,exact_text,1.0,8d37ba6b-5474-4e49-9a93-7696aa08c0c3,Deliverance,Deliverance
Debra Laws,5,exact_text,1.0,41ba646f-120c-4518-bdd7-d8379aae9326,Debra Laws,Debra Laws
All Sports Band,5,exact_text,1.0,ce7ffa33-3880-46cc-9571-566d00261fa7,All Sports Band,All Sports Band
Kano,5,exact_text,1.0,2bf3971e-8595-4bd2-aace-8a71c42afb66,Kano,Kano
Madleen Kane,5,exact_text,1.0,3d9d1672-eab5-4723-976c-cb9504895a29,Madleen Kane,Madleen Kane
Spys,5,exact_text,1.0,3dce0428-6e49-43e9-81c3-9910f0c35f81,SPYS,SPYS
Hughes/Thrall,5,exact_text,1.0,aa84b7cc-0852-475a-8062-11b345417b61,Hughes/Thrall,Hughes/Thrall
Heaven 17,5,exact_text,1.0,0796f847-09ca-4526-b17e-44390dd536ba,Heaven 17,Heaven 17
Ultravox,5,exact_text,1.0,7e786a4c-c743-4713-9340-a6f12d8515d4,Ultravox,Ultravox
Haysi Fantayzee,5,exact_text,1.0,12f40f79-ea64-42e0-a54e-732cd32cbfa1,Haysi Fantayzee,Haysi Fantayzee
Kissing The Pink,5,exact_text,1.0,5e7138ab-863f-42d6-b0d7-1f161ffcca20,Kissing the Pink,Kissing the Pink
Streets,5,exact_normalized,1.0,6f607087-9c46-4bb2-a884-e4efc764554c,The Streets,The Streets
The American Comedy Network,5,exact_normalized,1.0,12cd3117-bb14-44ec-97c0-5c59ee14c800,American Comedy Network,American Comedy Network
Rubber Rodeo,5,exact_text,1.0,35ee9b9d-aed7-4739-86a8-b97a7551a812,Rubber Rodeo,Rubber Rodeo
Evelyn Thomas,5,exact_text,1.0,581d0ede-1cc9-4457-91f0-a5df738e9a31,Evelyn Thomas,Evelyn Thomas
Lorenzo Lamas,5,exact_text,1.0,5e923f16-d344-4334-8346-2f556a296df0,Lorenzo Lamas,Lorenzo Lamas
UTFO,5,exact_text,1.0,848a1f71-c8b5-458b-8b05-a20ea1e962de,UTFO,UTFO
Al Corley,5,exact_text,1.0,5045023e-a2c1-46ac-8108-27c6cfea48d2,Al Corley,Al Corley
Urgent,5,exact_text,1.0,d2d6771b-49cb-4974-abc6-001e29aa250e,Urgent,Urgent
Platinum Blonde,5,exact_text,1.0,fc05e5f2-680a-4d72-ac41-0d3325dae5b0,Platinum Blonde,Platinum Blonde
Secret Ties,5,exact_text,1.0,196729bc-f38d-4bac-82d6-9c8b36e548d6,Secret Ties,Secret Ties
Julio Iglesias Featuring Stevie Wonder,5,exact_text,1.0,3be4099e-f180-4038-af84-ae18a09eab02,Julio Iglesias,Julio Iglesias
Bros,5,exact_text,1.0,e9a9d23f-febe-4499-a6ec-d040b046a35b,Bros,Bros
Good Question,5,exact_text,1.0,6c519e85-8e72-4c96-9f7e-fe92ac547617,Good Question,Good Question
Midge Ure,5,exact_text,1.0,24cac374-29bd-499f-a0f8-72165d2f2f43,Midge Ure,Midge Ure
The 4 Of Us,5,exact_normalized,1.0,50d89c9d-8146-4e0c-8f63-32cfc45d7a4f,4 Of Us,4 Of Us
The Northern Pikes,5,exact_text,1.0,b9d6fbe8-2e33-4bb0-8900-7667d2832956,The Northern Pikes,The Northern Pikes
2 Hyped Brothers & A Dog,5,exact_text,1.0,44d5a610-62a1-4a75-ad23-31d277f787e5,2 Hyped Brothers & A Dog,2 Hyped Brothers & A Dog
Around The Way,5,exact_text,1.0,12f890be-6ee6-4ff0-8e17-71f980db6501,Around the Way,Around the Way
Funkdoobiest,5,exact_text,1.0,2a1a72fc-b9e1-40b2-823e-77c81b4b1062,Funkdoobiest,Funkdoobiest
Smif-N-Wessun,5,fuzzy,0.9167,6177f8df-469c-4e9d-a09f-524b29c4d849,Smif‐n‐Wessun,Smif‐n‐Wessun
Group Home,5,exact_text,1.0,2ef7dec5-941e-4d62-a97b-0f01c17fe703,Group Home,Group Home
Vybe,5,exact_text,1.0,ab873a3e-f78b-42d4-8869-639cebc29b14,Vybe,Vybe
The Chemical Brothers,5,exact_text,1.0,1946a82a-f927-40c2-8235-38d64f50d043,The Chemical Brothers,The Chemical Brothers
Gyrl,5,exact_text,1.0,8cd276d8-871a-4f03-818d-38ccfa95b833,Gyrl,Gyrl
Insane Clown Posse,5,exact_text,1.0,7a1eb805-2242-4daa-bd90-c1ed350e2e48,Insane Clown Posse,Insane Clown Posse
Sammy Kershaw,5,exact_text,1.0,55815bb6-ed69-4e5b-83d8-5408b48254a5,Sammy Kershaw,Sammy Kershaw
Phajja,5,exact_text,1.0,d56e44b4-faf7-40eb-bd48-025517f14c50,Phajja,Phajja
4 the Cause,5,exact_text,1.0,5681f2c8-2c78-464f-858e-2604838b16ec,4 the Cause,4 the Cause
Pharoahe Monch,5,exact_text,1.0,a4d62ced-2f87-488a-9c76-ab88ea7a2cbf,Pharoahe Monch,Pharoahe Monch
Philly's Most Wanted,5,fuzzy,0.9744,bcf78bed-40e9-475d-b251-c479ee6e6973,Philly’s Most Wanted,Philly’s Most Wanted
St. Lunatics,5,exact_text,1.0,51da3924-90e9-41fb-be47-58f30176a101,St. Lunatics,St. Lunatics
Pastor Troy Featuring Ms. Jade,5,exact_text,1.0,a016df3e-736e-415d-8026-d4c15552bbc1,Pastor Troy,Pastor Troy
Rebecca Lynn Howard,5,exact_text,1.0,c884a0fb-ab3b-4b06-898f-f5cb9b816ad4,Rebecca Lynn Howard,Rebecca Lynn Howard
Dilated Peoples Featuring Kanye West,5,exact_text,1.0,c71abd83-9d66-4c7b-9f0d-c9c36e85a955,Dilated Peoples,Dilated Peoples
Remy Ma,5,exact_text,1.0,1e882508-f664-4abb-919a-8e266f2fad63,Remy Ma,Remy Ma
Don Omar,5,exact_text,1.0,afbdfac9-2955-4404-ae22-c08bf1c1b51e,Don Omar,Don Omar
Trent Tomlinson,5,exact_text,1.0,db67b3ae-42e8-4cb3-87ec-b0a9238ad12a,Trent Tomlinson,Trent Tomlinson
Cartel,5,exact_text,1.0,0189c612-39a5-485d-8fc2-eca025b73861,Cartel,Cartel
Corbin Bleu,5,exact_text,1.0,393e3b99-a8dc-497c-81e7-f41f4fb49244,Corbin Bleu,Corbin Bleu
DragonForce,5,exact_text,1.0,ef58d4c9-0d40-42ba-bfab-9186c1483edd,DragonForce,DragonForce
Artists For Haiti,5,exact_text,1.0,5cb35548-f9a7-465a-bdfd-f484af1be5c8,Artists for Haiti,Artists for Haiti
Melanie Martinez,5,exact_text,1.0,0df563ec-1a79-486e-a46d-5b9862a40311,Melanie Martinez,Melanie Martinez
Empire of the Sun,5,exact_text,1.0,ac7e838c-3d95-47c2-92a9-81767ad7c217,Empire of the Sun,Empire of the Sun
Jonas Blue Featuring Dakota,5,exact_text,1.0,17678771-5799-4017-851a-319f25b6948d,Jonas Blue,Jonas Blue
Ben Rector,5,exact_text,1.0,9f478f13-554c-49fc-b5f6-fcf110010c39,Ben Rector,Ben Rector
Galantis,5,exact_text,1.0,a7229e38-bab7-48c1-9f35-9b4c49738b0f,Galantis,Galantis
Hey Violet,5,exact_text,1.0,dda7dcb6-154e-471e-a28d-6acbe11c7f2d,Hey Violet,Hey Violet
Sofi Tukker Featuring NERVO| The Knocks & Alisa Ueno,5,exact_text,1.0,4ac723f4-8be8-4a0d-a3ae-d5dda20f0a9a,Sofi Tukker,Sofi Tukker
Blac Youngsta,5,exact_text,1.0,d952658a-d6cd-4f93-ab80-4776a958e3e7,Blac Youngsta,Blac Youngsta
Runaway June,5,exact_text,1.0,6edbfdce-57ec-4181-bdbd-ace81b52b694,Runaway June,Runaway June
4*TOWN (From Disney And Pixar's Turning Red),5,exact_text,1.0,c5375deb-a41f-4444-9811-807188214d6a,4*TOWN,4*TOWN
Yahritza y Su Esencia,5,exact_text,1.0,8d953b16-01b8-4901-8986-6203cac5d16c,Yahritza y su Esencia,Yahritza y su Esencia
Finesse2Tymes,5,exact_text,1.0,2debc153-336e-4b45-93e0-712f61e8efea,Finesse2tymes,Finesse2tymes
JENNIE,5,exact_text,1.0,779351de-0da5-4943-928b-495a3c40e8c0,JENNIE,JENNIE
Ariana Grande & Cynthia Erivo,5,exact_text,1.0,818493bd-e032-4927-94b5-c639c9afcbb2,Ariana Grande & Cynthia Erivo,Ariana Grande & Cynthia Erivo
Augie Rios,4,exact_text,1.0,03a62df3-6ca1-4edc-9daa-cf6cae086f3c,Augie Rios,Augie Rios
Edmundo Ros and His Orchestra,4,exact_text,1.0,1ddad291-2b4b-4351-b9f0-d7880e351953,Edmundo Ros and His Orchestra,Edmundo Ros and His Orchestra
Pat and the Satellites,4,exact_text,1.0,9ed6e7ea-84ff-4aa5-bb7c-43921eb42223,Pat & the Satellites,Pat & the Satellites
Eddie and Betty,4,exact_text,1.0,06b74ffa-1a38-436d-8e94-0c4a6c55a87c,Eddie and Betty,Eddie and Betty
Bobby Vee and The Shadows,4,exact_text,1.0,d9bb20bc-9716-4087-be76-59251224e115,Bobby Vee & The Shadows,Bobby Vee & The Shadows
Jivin' Gene And The Jokers,4,exact_text,1.0,b164478e-aa7b-43c8-b3af-fbfc57762d9b,Jivin’ Gene & the Jokers,Jivin’ Gene & the Jokers
Mitch Miller,4,exact_text,1.0,99f8c41c-4edc-433c-8620-5e9b90f3c084,Mitch Miller,Mitch Miller
Sir Chauncey and his exciting strings,4,exact_text,1.0,1e9c3e26-fa0c-4d21-82a0-40a8a9b56e2e,Sir Chauncey & His Exciting Strings,Sir Chauncey & His Exciting Strings
Frankie Lymon,4,exact_text,1.0,8e4bd349-122c-4490-b33e-d556d9824124,Frankie Lymon,Frankie Lymon
Paul Chaplain and his Emeralds,4,exact_text,1.0,724da8c1-64d8-4ff4-8d32-14dad2c506fe,Paul Chaplain and His Emeralds,Paul Chaplain and His Emeralds
The Blue Notes,4,exact_normalized,1.0,09b73670-3139-4c2f-812a-19ce4a69c350,Blue Notes,Blue Notes
Ray Conniff His Orchestra And Chorus,4,exact_text,1.0,80cf8942-4802-4a22-bb67-c793a049adf9,"Ray Conniff, His Orchestra & Chorus","Ray Conniff, His Orchestra & Chorus"
"The ""5"" Royales",4,exact_text,1.0,bcf6bbb0-72cb-4963-851c-6e6851dc700d,The “5” Royales,The “5” Royales
Otis Williams And His Charms,4,fuzzy,0.9286,30e81941-562a-4342-9d62-246cc9cf29bd,Otis Williams & the Charms,Otis Williams & the Charms
Merv Griffin,4,exact_text,1.0,234a106a-b458-4f9c-ad21-8fa2762cb0b3,Merv Griffin,Merv Griffin
The Van Dykes,4,exact_text,1.0,c0470841-a59d-48ba-83ad-8b4d1d901da3,The Van Dykes,The Van Dykes
The Miniature Men,4,exact_text,1.0,131d96c9-b4a1-4bac-97d2-ec26df36dd71,The Miniature Men,The Miniature Men
The Toy Dolls,4,exact_text,1.0,c1c10a2a-241a-403a-a020-61545f31d374,The Toy Dolls,The Toy Dolls
Rockin' Rebels,4,exact_text,1.0,79913806-c9ef-4f8a-8c40-2a5cd9a53ddc,Rockin' Rebels,Rockin' Rebels
The Smothers Brothers,4,exact_text,1.0,0a6e8e8e-5c68-41bd-91ca-fc42e737df75,The Smothers Brothers,The Smothers Brothers
Debbie Dovale,4,exact_text,1.0,1928f390-344b-4411-8801-277e5981c695,Debbie Dovale,Debbie Dovale
The Four-Evers,4,exact_normalized,1.0,b72166f0-20e4-4811-820a-16b1a1c67cfa,Four Evers,Four Evers
Lee Morgan,4,exact_text,1.0,a1235272-3650-4ed7-9317-5a55a08701ec,Lee Morgan,Lee Morgan
Thee Midniters,4,exact_text,1.0,490de4d1-4d76-4086-8f74-944afdf278bc,Thee Midniters,Thee Midniters
Sam & Bill,4,exact_text,1.0,af67ca11-d83b-4f87-a48f-b7e98f3e8a19,Sam & Bill,Sam & Bill
Dallas Frazier,4,exact_text,1.0,66902918-02fa-4a00-aaab-a4c37a3751ac,Dallas Frazier,Dallas Frazier
Larry Williams & Johnny Watson,4,exact_text,1.0,db9138c7-0688-43c8-8acd-dbb09a3a0a58,Larry Williams & Johnny Watson,Larry Williams & Johnny Watson
The Rainy Daze,4,exact_normalized,1.0,ec513f5e-4e57-48bf-92df-f2688b2ff17a,Rainy Daze,Rainy Daze
The Blades Of Grass,4,exact_text,1.0,7cbaa437-5a49-4e00-b580-2cc3812a8538,The Blades of Grass,The Blades of Grass
The Lewis & Clarke Expedition,4,exact_text,1.0,ead6cba9-38ab-4290-8649-ff89aa833d29,The Lewis & Clarke Expedition,The Lewis & Clarke Expedition
Lou Donaldson,4,exact_text,1.0,db147d97-f5cf-4e80-9e1a-08ddcb1d0bf8,Lou Donaldson,Lou Donaldson
Sally Field,4,exact_text,1.0,dab64926-fbf3-4a87-9ac2-a0c8029a4074,Sally Field,Sally Field
Every Father's Teenage Son,4,exact_text,1.0,082c235b-4c72-44bc-a2bb-303f999f0ddb,Every Father's Teenage Son,Every Father's Teenage Son
Jimmy Delphs,4,exact_text,1.0,ea4e4b54-ea64-4e3d-b3d4-1eae186cf094,Jimmy Delphs,Jimmy Delphs
The Soul Clan,4,exact_normalized,1.0,47ad65d4-7c3a-423c-8ed6-ea2f90568747,Soul Clan,Soul Clan
The James Boys,4,exact_text,1.0,2e03ba74-f614-4a7d-ab8d-a804db32ff74,The James Boys,The James Boys
The Fun And Games,4,exact_text,1.0,3838c137-8c94-4a2c-883c-cda3e3bcef40,The Fun & Games,The Fun & Games
Porter Wagoner,4,exact_text,1.0,942123a3-df28-463f-9f6e-202b69b8e253,Porter Wagoner,Porter Wagoner
The Smoke Ring,4,exact_normalized,1.0,51af0fc4-fc76-4d0d-b619-2c4249c92a91,Smoke Ring,Smoke Ring
Ruby Winters,4,exact_text,1.0,212e1edd-8258-49a4-879d-6b58d5ffc051,Ruby Winters,Ruby Winters
MC5,4,exact_text,1.0,08b736bb-1c82-40b4-8b0b-49e2182a067a,MC5,MC5
Tompall & The Glaser Brothers,4,exact_text,1.0,f6697421-61ca-4002-853d-4858701dcfdc,Tompall and The Glaser Brothers,Tompall and The Glaser Brothers
Marva Whitney,4,exact_text,1.0,9f2f2db6-8756-42d5-a05c-259866cad47b,Marva Whitney,Marva Whitney
Thomas & Richard Frost,4,exact_text,1.0,80cc6898-332d-458c-b964-0039ba16d092,Thomas & Richard Frost,Thomas & Richard Frost
Fabulous Counts,4,exact_normalized,1.0,54c20b2a-a1db-4b81-a853-5afb64d28d07,The Fabulous Counts,The Fabulous Counts
Mavis Staples,4,exact_text,1.0,04f57a2d-2449-400e-8fff-5b1c5af9560b,Mavis Staples,Mavis Staples
Ballin' Jack,4,exact_text,1.0,611a5ad0-593a-4dbf-a628-56b65d6928ed,Ballin’ Jack,Ballin’ Jack
Ronnie Spector,4,exact_text,1.0,e0718a77-e7a0-4602-9592-a0d8d4764c32,Ronnie Spector,Ronnie Spector
Cochise,4,exact_text,1.0,385e7301-9fd0-4be4-b79e-df9808b57ba6,Cochise,Cochise
The Electric Express,4,exact_text,1.0,1cbba257-4703-4fdc-95d4-1042fd26a62d,The Electric Express,The Electric Express
James Last,4,exact_text,1.0,0b7ee619-16ed-4e60-b871-6a2111c12b76,James Last,James Last
The Magic Lantern,4,exact_normalized,1.0,0d8e83e6-8039-4a72-9a32-a8d7ebeef5f7,Magic Lantern,Magic Lantern
The Fabulous Rhinestones,4,exact_text,1.0,904109cd-7114-4fa6-99c0-5be2f3f966ec,The Fabulous Rhinestones,The Fabulous Rhinestones
National Lampoon,4,exact_text,1.0,769f3506-5104-4cb5-a5ac-7b3e40aa3bfe,National Lampoon,National Lampoon
Anacostia,4,exact_text,1.0,9afaade2-5c1b-4dd4-a592-6b3149fe3741,Anacostia,Anacostia
Drupi,4,exact_text,1.0,a29d86de-91d5-46f4-b017-c28580b02cec,Drupi,Drupi
Dorothy Norwood,4,exact_text,1.0,387ed135-0389-4dbb-88cf-52ba1d780a4d,Dorothy Norwood,Dorothy Norwood
Southcote,4,exact_text,1.0,6cc0102b-4353-4ebd-b92b-d70c4333e2e4,Southcote,Southcote
Sylvia And The Moments,4,exact_text,1.0,f20c1f49-4b5a-46af-a351-ed4f83443ca7,Sylvia and the Moments,Sylvia and the Moments
Johnny T. Angel,4,exact_text,1.0,c7252196-a89c-4e56-8bfc-294d281da41d,Johnny T. Angel,Johnny T. Angel
Andy & David Williams,4,exact_text,1.0,f727ed0d-d178-4090-b9a8-9fa31851716f,Andy & David Williams,Andy & David Williams
Lena Zavaroni,4,exact_text,1.0,aff837a0-055d-4ed2-b894-676b6930f755,Lena Zavaroni,Lena Zavaroni
Larry Gatlin,4,exact_text,1.0,953f4a7b-9129-405c-a675-260dc06e73b6,Larry Gatlin,Larry Gatlin
Al Downing,4,exact_text,1.0,3a5ad478-7e04-490c-89fd-2f87a0cf99c3,Al Downing,Al Downing
Randy Edelman,4,exact_text,1.0,7cbdfc61-30a9-4f17-b2fc-dcae3757adba,Randy Edelman,Randy Edelman
Duke & The Drivers,4,exact_text,1.0,1829c7a1-1bda-472b-b141-145b4b2a0f65,Duke and the Drivers,Duke and the Drivers
John Dawson Read,4,exact_text,1.0,70526037-0b2a-404e-ad8e-3afe2a4f0403,John Dawson Read,John Dawson Read
The Choice Four,4,exact_text,1.0,dc738422-cb3d-4f42-a27d-e36d6b607c8f,The Choice Four,The Choice Four
Rusty Wier,4,exact_text,1.0,96cd1247-9921-4ee8-8def-87a768adea52,Rusty Wier,Rusty Wier
The Atlanta Disco Band,4,exact_text,1.0,46f05c6e-5943-4cdf-bcf5-e343ba265aec,The Atlanta Disco Band,The Atlanta Disco Band
Houston Person,4,exact_text,1.0,88dce64c-3e5e-4c2a-b82c-4fb391ea8afe,Houston Person,Houston Person
The Steve Gibbons Band,4,exact_text,1.0,caf89a79-b433-4eaf-8562-1bf5376759b7,The Steve Gibbons Band,The Steve Gibbons Band
Pratt & McClain,4,exact_text,1.0,586d887b-c194-4014-8969-ccc2865b29b4,Pratt & McClain,Pratt & McClain
The Deadly Nightshade,4,exact_normalized,1.0,b74950b0-a19c-4338-b5bf-de812329822a,Deadly Nightshade,Deadly Nightshade
Broadway,4,exact_text,1.0,036f87e1-3df6-445f-a1c8-99246c04e775,BROADWAY,BROADWAY
Whirlwind,4,exact_text,1.0,bdb77608-4475-4dd9-9997-3723fbe281b9,Whirlwind,Whirlwind
American Flyer,4,exact_text,1.0,43727463-9f0d-4707-b637-81111e2bf8ff,American Flyer,American Flyer
Laverne & Shirley,4,exact_text,1.0,1162e49b-7518-454e-baa6-24e7694c10fe,Laverne & Shirley,Laverne & Shirley
Cody Jameson,4,exact_text,1.0,fed63877-dbb1-4019-9f0e-36ade627e9e5,Cody Jameson,Cody Jameson
The Hollywood Stars,4,exact_text,1.0,2d94bb58-8808-40f1-9746-edf10c3fdda5,The Hollywood Stars,The Hollywood Stars
Philadelphia International All Stars,4,exact_text,1.0,b93d8790-a18b-4c1b-80bf-2a53102ae4d5,Philadelphia International All Stars,Philadelphia International All Stars
Karen Nelson And Billy T,4,exact_text,1.0,dc3d2dc7-a224-4943-9efd-c99997fd63b2,Karen Nelson and Billy T,Karen Nelson and Billy T
Belle Epoque,4,exact_text,1.0,7b99c737-aa49-4c1d-be72-d804b271e892,Belle Epoque,Belle Epoque
British Lions,4,exact_text,1.0,d365d7ff-f7a1-469e-bf16-ac8caf2fef32,British Lions,British Lions
Wendy Waldman,4,exact_text,1.0,8f5ddbbf-445c-40d6-b2de-f7127057de46,Wendy Waldman,Wendy Waldman
John Davis And The Monster Orchestra,4,exact_text,1.0,888ae19d-7a90-48c6-bbd5-4fab297955fb,John Davis and the Monster Orchestra,John Davis and the Monster Orchestra
T.M.G.,4,exact_text,1.0,4d864319-0d47-4641-bede-6011a6351cfa,T.M.G.,T.M.G.
Fabulous Poodles,4,exact_text,1.0,bf10b951-004a-47e9-8fb2-136dbab03f9c,Fabulous Poodles,Fabulous Poodles
Taka Boom,4,exact_text,1.0,1f8679f2-6e0b-4bfe-97f6-2c9f0c8f756e,Taka Boom,Taka Boom
Lazy Racer,4,exact_text,1.0,c3d67ac9-2e27-48f7-aaf6-67e100006264,Lazy Racer,Lazy Racer
Flash And The Pan,4,exact_text,1.0,411ac9fd-15a2-4366-9ced-c15fee3d93e9,Flash and the Pan,Flash and the Pan
Southside Johnny & The Asbury Jukes,4,exact_text,1.0,d7bc97fb-4bd3-453b-98a1-9081f89c52f0,Southside Johnny & The Asbury Jukes,Southside Johnny & The Asbury Jukes
Ellen Foley,4,exact_text,1.0,cebef2c4-a8b1-4c02-b4e1-1fd60a8e4af3,Ellen Foley,Ellen Foley
Cugini,4,exact_text,1.0,894697cb-cb38-45b6-8507-de5736818475,Cugini,Cugini
Breathless,4,exact_text,1.0,1d47143d-25e7-4dc8-bc9a-5696248a8341,Breathless,Breathless
Alessi,4,exact_text,1.0,3849799a-bcba-48a4-b74a-22967a4f2871,Alessi,Alessi
Single Bullet Theory,4,exact_text,1.0,729f387f-8f0a-4c69-bb91-68e830b73426,Single Bullet Theory,Single Bullet Theory
Peter Tosh,4,exact_text,1.0,7db6aae5-6644-4513-9bfc-ca2e79d4469c,Peter Tosh,Peter Tosh
Dragon,4,exact_text,1.0,aae96072-e23c-496a-9016-8637be8c67bc,Dragon,Dragon
The Del Fuegos,4,exact_normalized,1.0,77b5897a-649c-459b-96bf-0260e259c7fe,Del Fuegos,Del Fuegos
One To One,4,exact_text,1.0,de4eecca-76c1-4533-8f8e-182a139edddf,One to One,One to One
Far Corporation,4,exact_text,1.0,ac466e71-6688-42c2-bfea-b4de207a3c4d,Far Corporation,Far Corporation
Laban,4,exact_text,1.0,54075a5c-1118-4582-be47-684024fb2fbf,Laban,Laban
Ron And The D.C. Crew,4,exact_text,1.0,7e934c59-2488-40b0-b214-b6e4964e7c60,Ron and the D.C. Crew,Ron and the D.C. Crew
Julian Cope,4,exact_text,1.0,09d878d8-bc2e-4d04-b4aa-57ab614f93ab,Julian Cope,Julian Cope
Amazulu,4,exact_text,1.0,44c0262f-97b2-4227-b5eb-fac46f1e8880,Amazulu,Amazulu
The California Raisins,4,exact_text,1.0,cfde2ddb-f733-4467-879a-5a7d7f9fe412,The California Raisins,The California Raisins
Book Of Love,4,exact_text,1.0,874b3a85-db6e-49f2-b8bf-747ca5c10d27,Book of Love,Book of Love
Easterhouse,4,exact_text,1.0,7249a2b2-95cb-45d4-ac9c-4135407aa755,Easterhouse,Easterhouse
Mica Paris,4,exact_text,1.0,8e999f06-978a-4bff-8f18-9832403c1da6,Mica Paris,Mica Paris
Sinitta,4,exact_text,1.0,3cd38610-cab5-4d8b-8bd8-68d76b95a461,Sinitta,Sinitta
Mantronix Featuring Wondress,4,exact_text,1.0,2d09279c-a477-4c45-8df7-fe91dd7a59f8,Mantronix,Mantronix
Jimmy Somerville,4,exact_text,1.0,09bc57df-6fc7-40f7-b7e6-2261481f801e,Jimmy Somerville,Jimmy Somerville
Betty Boo,4,exact_text,1.0,b00ad5ac-6169-45cb-9a58-59eaed1d6e69,Betty Boo,Betty Boo
The Peace Choir,4,exact_normalized,1.0,6d72bf52-417d-4ca0-84db-dea062bb2fe0,Peace Choir,Peace Choir
Yasmin,4,exact_text,1.0,e3fb5bd1-0b1a-44c5-8523-da2cfef5d69f,Yasmin,Yasmin
MC Skat Kat & The Stray Mob,4,exact_text,1.0,0b87239c-66a7-4749-b4eb-3214e63a9a35,MC Skat Kat and The Stray Mob,MC Skat Kat and The Stray Mob
Eric B. & Rakim,4,exact_text,1.0,925228de-bbe5-4c7b-b76f-78e382ec9148,Eric B. & Rakim,Eric B. & Rakim
Me Phi Me,4,exact_text,1.0,e46f9ae9-a4b6-4be9-98f2-8f672cee35a7,Me Phi Me,Me Phi Me
The Flavor Unit MC's,4,fuzzy,0.9744,21317863-f04a-4b11-9389-72013143148e,The Flavor Unit MCs,The Flavor Unit MCs
1 Of The Girls,4,exact_text,1.0,c653c820-39ad-4700-9269-a38b61f5f6c6,1 of the Girls,1 of the Girls
MC Ren,4,exact_text,1.0,a6f5f408-e37e-444a-a0dc-ea41a152dfcf,MC Ren,MC Ren
Jeru The Damaja,4,exact_text,1.0,6593c2bc-9327-4adf-a8b2-b315e4f5c0bb,Jeru the Damaja,Jeru the Damaja
Rayvon,4,exact_text,1.0,991b7af2-d245-4533-bcfa-9b52cda62519,Rayvon,Rayvon
Charm Farm,4,exact_text,1.0,1e600470-32ba-4bcf-9591-b8e7117b71c8,Charm Farm,Charm Farm
Brady Seals,4,exact_text,1.0,3fdb5ffd-4bd5-45b4-9380-1d220ae7555b,Brady Seals,Brady Seals
QT,4,exact_text,1.0,94664708-96f0-4bc9-aa21-7cbb0f344925,QT,QT
Damage,4,exact_text,1.0,a2b9f1ba-dfc5-421e-a03b-1571c09ffbc6,Damage,Damage
Spacemonkeyz,4,exact_text,1.0,8df68f6c-40c0-4c9a-9343-ed949cb5ffcd,Spacemonkeyz,Spacemonkeyz
Brooklyn Bounce,4,exact_text,1.0,d0e2adbb-6b1c-4631-aa42-32462fdc2493,Brooklyn Bounce,Brooklyn Bounce
Ms. Jade,4,exact_text,1.0,43de6887-21d9-4849-b9da-b592d1db9237,Ms. Jade,Ms. Jade
TRUSTcompany,4,exact_text,1.0,6ae8c8fe-143b-4386-882e-eb23a331f318,TRUSTcompany,TRUSTcompany
Maria Mena,4,exact_text,1.0,88679ca2-2080-4cea-8669-41ab4b8d865d,Maria Mena,Maria Mena
Mudvayne,4,exact_text,1.0,f1c8da15-b408-4149-b863-f1cbe9971f19,Mudvayne,Mudvayne
The Cheetah Girls,4,exact_text,1.0,36175c07-3a8f-476b-85e5-24cf9f1c9d68,The Cheetah Girls,The Cheetah Girls
Artists Stand Up To Cancer,4,exact_text,1.0,7b7ff1b1-4eb1-41fc-9468-39759fcc909b,Artists Stand Up to Cancer,Artists Stand Up to Cancer
Alice in Chains,4,exact_text,1.0,4bd95eea-b9f6-4d70-a36c-cfea77431553,Alice in Chains,Alice in Chains
Young the Giant,4,exact_text,1.0,7fe96b15-5608-430e-ad25-77a01353c5d9,Young the Giant,Young the Giant
Matt McAndrew,4,exact_text,1.0,b757ff7a-742f-4c05-926b-af2d8ee6cd29,Matt McAndrew,Matt McAndrew
Nate Ruess,4,exact_text,1.0,a049a513-f794-4b8d-8c3a-f106cfd22841,Nate Ruess,Nate Ruess
Chedda Da Connect,4,exact_text,1.0,6cce4042-c517-41b5-bb9e-b8aae47dca99,Chedda Da Connect,Chedda Da Connect
Artists Of Then| Now & Forever,4,exact_text,1.0,1f988d75-7f1c-4a74-b810-b6435a7f4fb4,"Artists of Then, Now & Forever","Artists of Then, Now & Forever"
Ugly God,4,exact_text,1.0,4bafe97c-81d4-4a8e-b54b-7f6e60ea7abe,Ugly God,Ugly God
Lord Huron,4,exact_text,1.0,51c76d97-0635-433c-b26d-66beb81657f8,Lord Huron,Lord Huron
Loren Allred,4,exact_text,1.0,ffb45b37-1bab-4fe1-9e31-5509acb3fd94,Loren Allred,Loren Allred
SOB X RBE,4,exact_text,1.0,4072e225-336f-49f9-bac1-c94be913cb65,SOB X RBE,SOB X RBE
Pusha T,4,exact_text,1.0,14ecd19f-7121-4192-8549-e5056241a42f,Pusha T,Pusha T
Tom MacDonald,4,exact_text,1.0,171a57fb-1a66-4094-8373-72c7d1b0c621,Tom MacDonald,Tom MacDonald
LISA,4,exact_text,1.0,85d76093-9865-4605-97fa-8c910929d366,LiSA,LiSA
RealestK,4,exact_text,1.0,6cc07d10-d725-4a42-b6c2-4e8498ab3509,RealestK,RealestK
Emmy Meli,4,exact_text,1.0,4a9ee909-7f71-4fd3-a8d5-60dfbaecf14d,Emmy Meli,Emmy Meli
Mac DeMarco,4,exact_text,1.0,f2492c31-54a8-4347-a1fc-f81f72873bbf,Mac DeMarco,Mac DeMarco
Ozuna Featuring Feid,4,exact_text,1.0,f2651b63-a44d-4d1d-ba64-d981d971ecd1,Ozuna,Ozuna
Dominic Fike,4,exact_text,1.0,e337c918-098f-418e-97a2-81dc224b1bf9,Dominic Fike,Dominic Fike
Cris Mj,4,exact_text,1.0,a89326cc-8fb3-4cdd-9fc6-69386e95cbd2,Cris MJ,Cris MJ
Jan & Arnie,3,exact_text,1.0,54c32ecd-dbaf-4623-9c7f-d85bbeaa6b39,Jan & Arnie,Jan & Arnie
Ivory Joe Hunter,3,exact_text,1.0,ccf7253d-96b7-4cf3-9e11-ad916081a37b,Ivory Joe Hunter,Ivory Joe Hunter
Stan Freberg,3,exact_text,1.0,04190e55-fc9d-4552-843c-0a2610a0ced8,Stan Freberg,Stan Freberg
The Four Knights,3,exact_text,1.0,332fc353-8113-4a55-8534-e5980fbfe27f,The Four Knights,The Four Knights
Graduates,3,exact_normalized,1.0,0217ce78-ddd5-49a0-9048-cb571f09e50c,The Graduates,The Graduates
The Mary Kaye Trio,3,exact_text,1.0,0db10fea-6152-4f6b-8da2-9b195da9e359,The Mary Kaye Trio,The Mary Kaye Trio
Huelyn Duvall,3,exact_text,1.0,99baf42f-0e15-459c-a64a-83d305338315,Huelyn Duvall,Huelyn Duvall
Rusty York,3,exact_text,1.0,3e57fee0-275d-455d-9144-ce2c870b658a,Rusty York,Rusty York
The Singing Belles,3,exact_text,1.0,9a0bef58-d478-47b0-b4ab-49a780282cb1,The Singing Belles,The Singing Belles
The Dyna-Sores,3,exact_text,1.0,8fa48f0b-e08a-4bb5-aea4-49f596f67d6d,The Dyna-Sores,The Dyna-Sores
Rosemary Clooney,3,exact_text,1.0,b6f69ada-cb4f-4083-913f-a00f47bfbe4b,Rosemary Clooney,Rosemary Clooney
The Piltdown Men,3,exact_text,1.0,40f01927-7567-48ce-a517-3fa1ede59abf,The Piltdown Men,The Piltdown Men
Bing Crosby,3,exact_text,1.0,2437980f-513a-44fc-80f1-b90d9d7fcf8f,Bing Crosby,Bing Crosby
Edith Piaf,3,exact_text,1.0,4f8ef4a3-40fa-46b5-8773-97686a8424f4,Édith Piaf,Édith Piaf
Junior Parker,3,exact_text,1.0,79bd0f86-95f0-4e2b-806f-7d78640cf683,Junior Parker,Junior Parker
Mary Ann Fisher,3,exact_text,1.0,b5aebc00-2c61-41d2-b101-51df37a5f894,Mary Ann Fisher,Mary Ann Fisher
Anita & Th' So-And-So's,3,fuzzy,0.9787,bf415980-fad1-40a3-a0a8-709e857e07d4,Anita & Th’ So-And-So’s,Anita & Th’ So-And-So’s
Cathy Carroll,3,exact_text,1.0,a5bc649c-4e6d-448b-901d-0d1e3729ce3d,Cathy Carroll,Cathy Carroll
Roosevelt Fountain And Pens Of Rhythm,3,exact_text,1.0,9e771f2c-cba0-4dee-be1b-6894ced19aa5,Roosevelt Fountain and Pens of Rhythm,Roosevelt Fountain and Pens of Rhythm
Phyllis McGuire,3,exact_text,1.0,19c6cc12-7167-4e0e-9473-0815d77ea902,Phyllis McGuire,Phyllis McGuire
The Kids Next Door,3,exact_text,1.0,398f7834-895d-4c5c-91e1-8a1ed70afa7e,The Kids Next Door,The Kids Next Door
The Changin' Times,3,exact_text,1.0,cabf76f0-85bb-44cf-afff-741c1ef9713d,The Changin' Times,The Changin' Times
Sharpees,3,exact_normalized,1.0,a176f63a-fb78-4c0a-bfc5-b938d489ba9b,The Sharpees,The Sharpees
Darrow Fletcher,3,exact_text,1.0,4b266652-ef2b-46a1-9779-d81501ab4e3b,Darrow Fletcher,Darrow Fletcher
Googie Rene Combo,3,exact_text,1.0,fcc3db10-cff9-4082-a024-e8b072d94829,Googie Rene Combo,Googie Rene Combo
Cab Calloway,3,exact_text,1.0,315bd083-892b-4e76-a9f0-91a7408168fc,Cab Calloway,Cab Calloway
Alan Price Set,3,exact_text,1.0,fa4d300f-d434-4a94-b042-eb0b372e25fb,Alan Price Set,Alan Price Set
Big Maybelle,3,exact_text,1.0,55a434d9-d3d3-462f-9aa9-749938dcf172,Big Maybelle,Big Maybelle
The Peanut Butter Conspiracy,3,exact_text,1.0,dff87a49-88bd-44cd-b9e3-a8c51c07e5b7,The Peanut Butter Conspiracy,The Peanut Butter Conspiracy
2 Of Clubs,3,exact_text,1.0,88f8470b-4a42-4764-984a-7bab5362ed32,2 of Clubs,2 of Clubs
Ellie Greenwich,3,exact_text,1.0,4c857e19-d9bb-460e-b3ec-2d1ea24c3247,Ellie Greenwich,Ellie Greenwich
The Johnny Mann Singers,3,exact_text,1.0,405b79cc-146d-4fd6-b208-041aaded9e84,The Johnny Mann Singers,The Johnny Mann Singers
The Magnificent Men,3,exact_text,1.0,0be9eee9-38ae-4421-8b9d-0b9d60df7c8f,The Magnificent Men,The Magnificent Men
The Baltimore And Ohio Marching Band,3,exact_normalized,1.0,cbcfb4ca-fdbc-431b-8a45-443e7ee922c5,Baltimore & Ohio Marching Band,Baltimore & Ohio Marching Band
Jim & Jean,3,exact_text,1.0,3a333771-86c2-45c0-8548-2bb2e4ba8bce,Jim & Jean,Jim & Jean
The Will-O-Bees,3,exact_text,1.0,5161e23e-314f-4fa3-8be5-fda084148a44,The Will-O-Bees,The Will-O-Bees
Troy Keyes,3,exact_text,1.0,a2838644-6c92-4f83-8a24-0937098c1a7b,Troy Keyes,Troy Keyes
Bobby Cole,3,exact_text,1.0,2d8679f9-35c8-41b0-a09c-4ea3d85baa4d,Bobby Cole,Bobby Cole
Otis Clay,3,exact_text,1.0,566c5190-cbec-41d0-822d-883f6ac61695,Otis Clay,Otis Clay
Professor Morrison's Lollipop,3,exact_text,1.0,c354d8d8-ff11-4045-bfdc-afcc6293542f,Professor Morrison's Lollipop,Professor Morrison's Lollipop
The Maskman & The Agents,3,exact_text,1.0,97840252-c81d-428b-abb9-8d77bb631872,The Maskman & the Agents,The Maskman & the Agents
Ola & The Janglers,3,exact_text,1.0,ca651bf3-7d62-49d5-bfeb-401df8df999b,Ola & the Janglers,Ola & the Janglers
Eddie Lovette,3,exact_text,1.0,a0bfdc8a-0695-48d3-8f30-c396405b6038,Eddie Lovette,Eddie Lovette
John Mayall,3,exact_text,1.0,18c1e06b-fe76-4802-b070-53a2f6b707bd,John Mayall,John Mayall
King Crimson,3,exact_text,1.0,b38225b8-8e5f-42aa-bcdc-7bae5b5bdab3,King Crimson,King Crimson
Liquid Smoke,3,exact_text,1.0,650173a4-2e8b-437f-aa50-c1f92913e90d,Liquid Smoke,Liquid Smoke
Daybreak,3,exact_text,1.0,9df428e4-3eab-49a3-aa69-991fa21b9d7d,Daybreak,Daybreak
Gene & Jerry,3,exact_text,1.0,4e49271c-062d-4f85-ba84-6c59687a68fb,Gene And Jerry,Gene And Jerry
Apollo 100,3,exact_text,1.0,f022fc87-1831-40ad-844a-d2a1596e1209,Apollo 100,Apollo 100
Martin Mull and Orchestra,3,exact_text,1.0,89d21214-0095-4864-9630-2b208921212e,Martin Mull and Orchestra,Martin Mull and Orchestra
Fire And Rain,3,exact_text,1.0,fbf79a83-39b1-4d23-849a-6cf50bcc610f,Fire & Rain,Fire & Rain
Maggie Bell,3,exact_text,1.0,d95739ef-ce62-4878-92f7-4e3430330509,Maggie Bell,Maggie Bell
Reuben Howell,3,exact_text,1.0,8c0c37f1-0c00-42f2-9ec4-e8432ade0101,Reuben Howell,Reuben Howell
Andy Fairweather Low,3,fuzzy,0.9744,7abb4b9b-6772-47ee-81b5-5da95a726e2a,Andy Fairweather‐Low,Andy Fairweather‐Low
Billy Thunderkloud & The Chieftones,3,exact_text,1.0,b0301f5d-252e-43c1-ab72-1947eb747012,Billy Thunderkloud And The Chieftones,Billy Thunderkloud And The Chieftones
Reparata,3,exact_text,1.0,042562a8-7697-4beb-a1ab-882ba0832646,Reparata,Reparata
Love Childs Afro Cuban Blues Band,3,exact_text,1.0,5b9b3ac5-75b2-4b46-afdb-88c41e39f7fa,Love Childs Afro Cuban Blues Band,Love Childs Afro Cuban Blues Band
Steve Harley And Cockney Rebel,3,exact_text,1.0,9a07b4ae-7c2f-4473-b019-c63c3d5db45c,Steve Harley & Cockney Rebel,Steve Harley & Cockney Rebel
Andre Gagnon,3,exact_text,1.0,69e58679-1e3a-43b6-bb3e-f1ac588b42b5,André Gagnon,André Gagnon
Ozo,3,exact_text,1.0,59a4e5aa-e3d8-449f-80ef-bdf03250688b,OZO,OZO
Ellison Chase,3,exact_text,1.0,83cc854d-bd95-46db-938d-bf2a9d3aeb83,Ellison Chase,Ellison Chase
Donny Most,3,exact_text,1.0,e713bb0f-0372-46cd-ac0d-9dabe573249b,Donny Most,Donny Most
Brainstorm,3,exact_text,1.0,563ace2c-6e94-4b64-b544-40099a96b86d,Brainstorm,Brainstorm
Santa Esmeralda,3,exact_text,1.0,b233a9a9-2538-4c5b-986a-5843650e2611,Santa Esmeralda,Santa Esmeralda
Continental Miniatures,3,exact_text,1.0,48f64563-fc4c-456c-948b-1233d76099d5,Continental Miniatures,Continental Miniatures
Spellbound,3,exact_text,1.0,fcdc3230-34c0-424e-8c67-6624c80cc2c9,Spellbound,Spellbound
Ultimate,3,exact_text,1.0,cb11dadd-65ed-4f59-85c1-faec6a19afed,Ultimate,Ultimate
Frannie Golde,3,fuzzy,0.96,908970dd-d969-40fa-9453-de2cbb523242,Franne Golde,Franne Golde
The Barron Knights,3,exact_text,1.0,c5d23282-3ebd-4d68-a44e-6c6518112abe,The Barron Knights,The Barron Knights
Cherie & Marie Currie,3,exact_text,1.0,ca8233be-1dd9-4052-b82a-7a3e6341addd,Cherie & Marie Currie,Cherie & Marie Currie
Cory Daye,3,exact_text,1.0,e122186a-9c1a-42ca-a6dd-741620d4e796,Cory Daye,Cory Daye
Tim Curry,3,exact_text,1.0,33ce4a70-005d-4563-bb6e-2d253fab9842,Tim Curry,Tim Curry
Pages,3,exact_text,1.0,114447c1-79e1-4034-ac30-eed57f540212,Pages,Pages
Jim Kirk And The Tm Singers,3,exact_text,1.0,6a9ac061-7cf4-4fb0-ba6d-9a9dad7b14ac,Jim Kirk and the TM Singers,Jim Kirk and the TM Singers
Vaughan Mason And Crew,3,exact_text,1.0,bfb35d28-432c-42d5-993e-68e1b8999b43,Vaughan Mason & Crew,Vaughan Mason & Crew
Robin Lane & The Chartbusters,3,exact_text,1.0,457bf9b5-3f88-48a1-acd1-f11664973ae4,Robin Lane & the Chartbusters,Robin Lane & the Chartbusters
"Willis ""The Guard"" & Vigorish",3,exact_text,1.0,12d95bc1-4efb-4ce1-a4de-4c02f37aac53,"Willis ""The Guard"" & Vigorish","Willis ""The Guard"" & Vigorish"
Lani Hall,3,exact_text,1.0,f7b4213c-d766-47d4-80c7-d6de66380f30,Lani Hall,Lani Hall
Shamus M'Cool,3,exact_text,1.0,c6b393a5-28f1-4545-a7d2-85f4607a40f6,Shamus M'Cool,Shamus M'Cool
Silverado,3,exact_text,1.0,d46ddb36-9bbd-4d64-b41d-00d10e346d28,Silverado,Silverado
Tight Fit,3,exact_text,1.0,b299aed1-a9ac-4fc5-bd4a-022eecc46d08,Tight Fit,Tight Fit
Joe Fagin,3,exact_text,1.0,5b90f06e-eb6f-4e43-ae28-175d136cf8f6,Joe Fagin,Joe Fagin
Tiggi Clay,3,exact_text,1.0,6c45518a-4410-40e3-940c-feaea8294824,Tiggi Clay,Tiggi Clay
Jeff Lynne,3,exact_text,1.0,372304d0-5e6a-4030-bc2b-09bdb0ee8abb,Jeff Lynne,Jeff Lynne
Whodini,3,exact_text,1.0,1cc9fbfc-6221-409f-ac5a-b9373b1f192f,Whodini,Whodini
Robey,3,exact_text,1.0,812bd313-6639-490c-b76a-699ef3259153,Robey,Robey
Nile Rodgers,3,exact_text,1.0,c6d571dd-c0ae-4ac8-9500-780b1b9b25e5,Nile Rodgers,Nile Rodgers
Jon Butcher Axis,3,exact_text,1.0,bc5f7c46-354d-4cf6-8243-7d4bd084ba28,Jon Butcher Axis,Jon Butcher Axis
Rob Jungklas,3,exact_text,1.0,009e2c11-417f-414b-92f5-fb17d389d11e,Rob Jungklas,Rob Jungklas
Stabilizers,3,exact_text,1.0,1d2b14ee-13b4-477d-b904-d8224a8a0091,Stabilizers,Stabilizers
Transvision Vamp,3,exact_text,1.0,968f61f8-c6e1-400a-95cb-114c9d67dd8e,Transvision Vamp,Transvision Vamp
Gary Moore,3,exact_text,1.0,a8806b5c-3ee0-4277-94d3-1a5427a7707c,Gary Moore,Gary Moore
Pretty In Pink,3,exact_text,1.0,c7131f9d-d559-45a6-a210-6af01aa55987,Pretty in Pink,Pretty in Pink
Charm,3,exact_text,1.0,b3a03884-6154-420c-b2c2-9d9a605c867f,Charm,Charm
Midi Maxi & Efti,3,exact_text,1.0,622cb9b1-fb05-4965-a8c2-a22f91dbf9ed,"Midi, Maxi & Efti","Midi, Maxi & Efti"
Bobby Ross Avila,3,exact_text,1.0,3cc18154-6486-40e4-8521-6c3b85872c2d,Bobby Ross Avila,Bobby Ross Avila
The Sounds Of Blackness,3,exact_normalized,1.0,4f9d560b-f378-4bdb-9676-8b7aa7744821,Sounds of Blackness,Sounds of Blackness
PMD,3,exact_text,1.0,703ff9ba-5ab8-4852-8909-c9379d98afd3,PMD,PMD
Sass Jordan,3,exact_text,1.0,3bbd6c44-385e-4e51-8250-fbb23435f165,Sass Jordan,Sass Jordan
Slick Rick,3,exact_text,1.0,486af4f0-a79b-468f-be73-527cd4caf6ea,Slick Rick,Slick Rick
K5,3,exact_text,1.0,b9c26e36-4e20-464c-af86-7b378d5894b1,K5,K5
O.C. Featuring Yvette Michele,3,exact_text,1.0,f804d8c0-bf16-4e15-92db-e3642d629f95,O.C.,O.C.
Forest For The Trees,3,exact_text,1.0,716fbc1b-0918-40c9-a90b-61800982c51f,Forest for the Trees,Forest for the Trees
The Brian Setzer Orchestra,3,exact_text,1.0,3c98e32e-5bf5-4484-bdab-bd8d1736112a,The Brian Setzer Orchestra,The Brian Setzer Orchestra
Mulberry Lane,3,exact_text,1.0,bdb36f1b-3f48-4028-a8f7-4181e5946a83,Mulberry Lane,Mulberry Lane
Amel Larrieux,3,exact_text,1.0,a5dbe358-13c1-42f8-872f-f63a551fcf93,Amel Larrieux,Amel Larrieux
Anastacia,3,exact_text,1.0,d3b2bec4-b70e-460e-b433-a865ceac2de8,Anastacia,Anastacia
Hitman Sammy Sam,3,exact_text,1.0,415982c5-ab7d-4e8b-8037-ca9b64916ff9,Hitman Sammy Sam,Hitman Sammy Sam
BT,3,exact_text,1.0,88e2147d-0332-46f6-85b2-b5f463ba957b,BT,BT
Smokie Norful,3,exact_text,1.0,a66ab26a-ea04-4134-ae67-97e64d33f6fe,Smokie Norful,Smokie Norful
Ben Folds,3,exact_text,1.0,51b7f46f-6c0f-46f2-9496-08c9ec2624d4,Ben Folds,Ben Folds
Anais,3,exact_text,1.0,dfd0087e-64e2-4677-9d31-23f25974c138,Anaïs,Anaïs
RKM & Ken-Y,3,fuzzy,0.96,262d255a-6374-41c5-9ce8-2a4586dd3051,RKM & Ken‐Y,RKM & Ken‐Y
Mana,3,exact_text,1.0,55441123-89a2-49ab-ae3f-df7a3e86835a,Maná,Maná
Zac Efron,3,exact_text,1.0,b25c6c3f-3861-4687-be1d-3c8d238cfb34,Zac Efron,Zac Efron
CSS,3,exact_text,1.0,23b58ea2-1cc3-468a-9e76-5027e196e851,CSS,CSS
Day26,3,exact_text,1.0,ce21c231-7e3f-4817-8c1c-a8b4c180388c,DAY26,DAY26
Cast Of Camp Rock,3,exact_text,1.0,413678b0-3523-449c-bce8-b658b9209740,Cast of Camp Rock,Cast of Camp Rock
Chrisette Michele,3,exact_text,1.0,197db30d-0886-41ad-908e-c9dd70e62739,Chrisette Michele,Chrisette Michele
General Larry Platt,3,exact_text,1.0,3be80f58-f9ab-4290-94cd-2927e995795c,General Larry Platt,General Larry Platt
Vicci Martinez,3,exact_text,1.0,6aabc385-f85b-4c98-8f68-684891a44c81,Vicci Martinez,Vicci Martinez
Pistol Annies,3,exact_text,1.0,c8b457e5-cfb7-42bf-99a2-af151867f6cc,Pistol Annies,Pistol Annies
Emblem3,3,exact_text,1.0,2ff61fb7-cf59-4a82-a15c-fa24dc8b16d0,Emblem3,Emblem3
Tegan and Sara,3,exact_text,1.0,d13f0f47-36f9-4661-87fe-2de56f45c649,Tegan and Sara,Tegan and Sara
Christina Grimmie,3,exact_text,1.0,94d40ba7-2b35-48ae-86f1-66ea06102693,Christina Grimmie,Christina Grimmie
Jacob Sartorius,3,exact_text,1.0,d5c4569c-1ba2-44fd-861c-8e4bbc43ab56,Jacob Sartorius,Jacob Sartorius
DJ Suede The Remix God,3,exact_text,1.0,c5c53620-ccdf-4e39-9e53-b5e615dae7bb,DJ Suede the Remix God,DJ Suede the Remix God
Lauren Duski,3,exact_text,1.0,01bd67cf-7c1b-44cf-98e7-182d9832f26f,Lauren Duski,Lauren Duski
Alice Merton,3,exact_text,1.0,7292ba91-0465-4679-a697-6891570ae06c,Alice Merton,Alice Merton
TakeOff,3,exact_text,1.0,70f5bb6e-9b87-4500-9c9f-2e1d373d07da,Takeoff,Takeoff
Ambjaay,3,exact_text,1.0,7ee3be0d-8e34-4ee2-a613-7d223076ba73,Ambjaay,Ambjaay
Baby Keem,3,exact_text,1.0,81d12ca7-5b89-4d21-8736-860b7400b4eb,Baby Keem,Baby Keem
Mulatto,3,exact_text,1.0,3c995c10-19f4-450a-9472-da132aad1177,Mulatto,Mulatto
WhoHeem,3,exact_text,1.0,6754ed77-de48-4f08-8ca2-a2e3a50793cc,WhoHeem,WhoHeem
Grupo Firme,3,exact_text,1.0,f8549adf-74e1-4955-b06a-2933ede7bb04,Grupo Firme,Grupo Firme
Lil Shordie Scott,3,exact_text,1.0,3005c19e-3f77-49dc-a734-468ca0ee9b38,Lil Shordie Scott,Lil Shordie Scott
Stray Kids,3,exact_text,1.0,142b343d-bf5a-428c-a64f-6d1a7566bbe9,Stray Kids,Stray Kids
That Mexican OT,3,exact_text,1.0,115dc8c9-cb04-4dd6-859e-39739eb57215,That Mexican OT,That Mexican OT
Le Sserafim,3,exact_text,1.0,1ee37742-1e3d-4e61-84d2-bc85f4c1459a,LE SSERAFIM,LE SSERAFIM
Drew Baldridge,3,exact_text,1.0,b76a4fc2-52ad-4819-858e-c13524e4b1ea,Drew Baldridge,Drew Baldridge
Tame Impala,3,exact_text,1.0,63aa26c3-d59b-4da4-84ac-716b54f1ef4d,Tame Impala,Tame Impala
Gerry Granahan,2,exact_text,1.0,5b48dd77-81c6-45f0-897c-96c8322cb95f,Gerry Granahan,Gerry Granahan
The Three G's,2,fuzzy,0.96,6eba3bf3-dae7-4455-a5d9-8da4b7f46214,The Three G’s,The Three G’s
Tennessee Ernie Ford,2,exact_text,1.0,947163f5-f306-4d78-a316-8c3fb317ae50,Tennessee Ernie Ford,Tennessee Ernie Ford
The Kirby Stone Four,2,exact_text,1.0,b6ed670f-b1cb-46d6-8680-b073a6da3a07,The Kirby Stone Four,The Kirby Stone Four
Warren Storm,2,exact_text,1.0,4c2bef45-237f-4d20-bdeb-beda8850e1f8,Warren Storm,Warren Storm
Cyclones,2,exact_text,1.0,8ab590fe-746f-4199-91a8-4b4a6c5f976a,Cyclones,Cyclones
Nappy Brown,2,exact_text,1.0,8f9fe421-4255-485e-8180-638fbe1f3401,Nappy Brown,Nappy Brown
Marie & Rex,2,exact_text,1.0,0e74d208-25b8-4b1f-840e-6863ae850760,Marie & Rex,Marie & Rex
Jimmy Beck & His Orchestra,2,exact_text,1.0,b71c8c75-2edb-4346-8ae4-9d0c073928e8,Jimmy Beck & His Orchestra,Jimmy Beck & His Orchestra
Vaughn Monroe,2,exact_text,1.0,f6c901bc-145f-4075-b07f-ed9b93b3e6c3,Vaughn Monroe,Vaughn Monroe
Carl Perkins,2,exact_text,1.0,068bd7ab-c38e-4fae-8ed2-cb0c153ed68f,Carl Perkins,Carl Perkins
Hawkshaw Hawkins,2,exact_text,1.0,2a233c17-72e1-4da0-b7df-99da708f518c,Hawkshaw Hawkins,Hawkshaw Hawkins
Clyde Stacy,2,exact_text,1.0,e4129f63-feef-42c9-b047-54a3098050c8,Clyde Stacy,Clyde Stacy
Nat Kendrick And The Swans,2,exact_text,1.0,69349d77-f9c9-44b7-8112-142f67c9ed1b,Nat Kendrick and the Swans,Nat Kendrick and the Swans
Art Mooney And His Orchestra,2,exact_text,1.0,1a2e489d-c6e5-4983-ae09-d8d80025c0c4,Art Mooney & His Orchestra,Art Mooney & His Orchestra
Johnnie & Joe,2,exact_text,1.0,cadc5ed0-2713-4d08-9c2a-a555cfd40421,Johnnie & Joe,Johnnie & Joe
The 3 Friends,2,exact_text,1.0,b98dda37-8665-4280-97e7-38e9289a8852,The 3 Friends,The 3 Friends
Bull Moose Jackson,2,exact_text,1.0,47f8bda1-f1f1-48d1-a02e-473aac07d418,Bull Moose Jackson,Bull Moose Jackson
Valadiers,2,exact_normalized,1.0,72eb153e-d3a9-4c3d-9f22-54ccacae1b93,The Valadiers,The Valadiers
The Jack Halloran Singers,2,exact_text,1.0,52f7921b-36b4-46ea-93d7-190398e5e40d,The Jack Halloran Singers,The Jack Halloran Singers
Tico And The Triumphs,2,exact_text,1.0,4b1c53f5-e01d-4a1b-b200-1da0b6bc1ecb,Tico & The Triumphs,Tico & The Triumphs
Pearlettes,2,exact_text,1.0,db8e45b0-fe82-42aa-a56b-640041e4e603,Pearlettes,Pearlettes
Bobby Vee and The Crickets,2,exact_text,1.0,e70aabd5-c9c2-40cb-b92f-af0893a0b58f,Bobby Vee & The Crickets,Bobby Vee & The Crickets
The Shepherd Sisters,2,exact_text,1.0,4c212014-b128-4dbc-9a0c-af5d27bb0cb0,The Shepherd Sisters,The Shepherd Sisters
Chris Columbo Quintet,2,exact_text,1.0,658c175b-7937-42f8-8295-890d60841a3e,Chris Columbo Quintet,Chris Columbo Quintet
T.K. Hulin,2,exact_text,1.0,1ab33272-6837-4fac-8f40-793b4b9b909a,T.K. Hulin,T.K. Hulin
Lena Horne,2,exact_text,1.0,0031bc7a-1b6f-4620-99db-5202405b0749,Lena Horne,Lena Horne
The Drew-Vels,2,exact_text,1.0,71b97a6f-30ad-43be-85df-5a4e5c0b1bea,The Drew-Vels,The Drew-Vels
The Crampton Sisters,2,exact_text,1.0,58eff735-4034-4a2f-a58a-01f600bc6d00,The Crampton Sisters,The Crampton Sisters
B.B. King And His Orchestra,2,exact_text,1.0,53e74442-a01c-4e74-8bbd-13b023d45b0b,B.B. King and His Orchestra,B.B. King and His Orchestra
Barbara & The Browns,2,exact_text,1.0,7d46c63c-08ab-4ae9-aecc-532540367a19,Barbara & the Browns,Barbara & the Browns
Christine Quaite,2,exact_text,1.0,7b430fc9-20f6-406c-a6c5-15cc889bec83,Christine Quaite,Christine Quaite
Brian Poole And The Tremeloes,2,fuzzy,0.9655,c6b1ab3d-f352-4b65-a15c-4b15a9aedfdd,Brain Poole & The Tremeloes,Brain Poole & The Tremeloes
Adam Faith,2,exact_text,1.0,e3cd1a30-7c61-49b0-bbdd-39425200334b,Adam Faith,Adam Faith
The Dixie Drifter,2,exact_normalized,1.0,faca42f7-1011-4c64-b6b4-2de4a17078ab,Dixie Drifter,Dixie Drifter
P.F. Sloan,2,exact_text,1.0,4a9b6d5d-cdaf-412b-8fa1-381f51b81a3f,P.F. Sloan,P.F. Sloan
Jamo Thomas & His Party Brothers Orchestra,2,exact_text,1.0,e1294b9a-728d-4ed3-b591-a6ec05fb6bb5,Jamo Thomas & His Party Brothers Orchestra,Jamo Thomas & His Party Brothers Orchestra
The Abbey Tavern Singers,2,exact_text,1.0,2fb91f99-17d5-44d3-aa3a-e3d42c15dc5d,The Abbey Tavern Singers,The Abbey Tavern Singers
"Richard ""Groove"" Holmes",2,exact_text,1.0,726cfe69-c905-4161-a10c-accb13d9ec26,Richard “Groove” Holmes,Richard “Groove” Holmes
The Traits,2,exact_text,1.0,3abecfbe-5218-48b7-ab8d-fd18a9c383e8,The Traits,The Traits
Gary And The Hornets,2,exact_text,1.0,422b8ede-1c22-4341-9826-31f50cdc0a50,Gary and the Hornets,Gary and the Hornets
The In Crowd,2,exact_text,1.0,e1461504-72d8-4051-953c-ed4cb144c9e1,The In Crowd,The In Crowd
The Blues Project,2,exact_text,1.0,10017fb7-c3b0-41c6-9bc5-719cf51c9ce6,The Blues Project,The Blues Project
Country Joe & The Fish,2,exact_text,1.0,5c57506f-9967-4503-9dc0-0b9254b6697b,Country Joe and the Fish,Country Joe and the Fish
Jimmy Roselli,2,exact_text,1.0,3ceb5723-878f-4007-896e-4345dd0f7948,Jimmy Roselli,Jimmy Roselli
Jon & Robin,2,exact_text,1.0,36ef435a-546d-4da7-84e5-9d34b99f6740,Jon & Robin,Jon & Robin
Long John Baldry,2,exact_text,1.0,e43ab2d7-beac-453b-aa02-83756951d71c,Long John Baldry,Long John Baldry
The Four Sonics,2,exact_text,1.0,0b4cf41e-5922-447e-9284-8287e654d312,The Four Sonics,The Four Sonics
The Baskerville Hounds,2,exact_text,1.0,08070e2f-5fe3-4d47-ad81-edd6fc8877b9,The Baskerville Hounds,The Baskerville Hounds
The New Establishment,2,exact_normalized,1.0,0722e5dd-cf1a-4ec7-a7b6-505be9719710,New Establishment,New Establishment
Brother Jack McDuff,2,exact_text,1.0,e0cd33e5-f664-4a21-b7eb-f0b07dd2c1d0,“Brother” Jack McDuff,“Brother” Jack McDuff
Rotary Connection,2,exact_text,1.0,3b7698a3-7ab2-4481-8425-f5ab45f91a75,Rotary Connection,Rotary Connection
Willie Henderson And The Soul Explosions,2,exact_text,1.0,5118f377-ed83-4d40-90a5-50108f23b2d7,Willie Henderson and the Soul Explosions,Willie Henderson and the Soul Explosions
Jamul,2,exact_text,1.0,ad3b5264-b542-471d-bc98-855d82ed5c43,Jamul,Jamul
Ginger Baker's Air Force,2,fuzzy,0.9787,0ea29c8a-a10e-4031-a514-4c9646d3657f,Ginger Baker’s Air Force,Ginger Baker’s Air Force
Laura Nyro,2,exact_text,1.0,bb0a1e95-9444-4a05-a1bb-22b8d7ed7844,Laura Nyro,Laura Nyro
Brian Auger & The Trinity,2,exact_text,1.0,6c3412f5-aa21-4ecf-a641-9d9ae885b1e5,Brian Auger & the Trinity,Brian Auger & the Trinity
Dunn & McCashen,2,exact_text,1.0,8c96aed5-322b-4fb4-8714-169d36a91095,Dunn and McCashen,Dunn and McCashen
Lally Stott,2,exact_text,1.0,a4301fcd-44f1-43ce-b5a7-09303831f9a8,Lally Stott,Lally Stott
Cissy Houston,2,exact_text,1.0,eb3bcef2-0a08-4afc-8315-1730c3c35c59,Cissy Houston,Cissy Houston
Johnny Paycheck,2,exact_text,1.0,fae7b17e-03e9-44ea-9734-f4ed92246f9f,Johnny Paycheck,Johnny Paycheck
Billy Lee Riley,2,exact_text,1.0,1721d81d-1207-48ce-add0-ecf141d5f84e,Billy Lee Riley,Billy Lee Riley
Bones,2,exact_text,1.0,e3f7631b-e50b-4923-9049-2fa84dfcaf71,BONES,BONES
Philly Devotions,2,exact_text,1.0,d091c32a-b9f4-4317-9b0e-1b91f9b21299,Philly Devotions,Philly Devotions
The Champs' Boys Orchestra,2,exact_text,1.0,ea9dd930-34f6-4c14-b58f-d65868b934a5,The Champs' Boys Orchestra,The Champs' Boys Orchestra
Impact,2,exact_text,1.0,190415de-6147-4b6b-af5f-63e62b221510,Impact,Impact
Revelation,2,exact_text,1.0,2f469ca4-30d0-4fd7-89f5-8555a703504c,Revelation,Revelation
Blaze,2,exact_text,1.0,65e331ed-ab1b-475a-81d1-4dad7e55043b,Blaze,Blaze
Kerry Chater,2,exact_text,1.0,a5fca179-617d-429d-aa3e-420e67c7a843,Kerry Chater,Kerry Chater
Idris Muhammad,2,exact_text,1.0,318c02c2-d766-4843-9035-e186531fc98c,Idris Muhammad,Idris Muhammad
The Wonder Band,2,exact_normalized,1.0,872442df-ff4b-40f1-bcf9-a8fe69736af6,Wonder Band,Wonder Band
Grey & Hanks,2,exact_text,1.0,5eb8edf7-334a-4c08-8aa3-014d51e914c6,Grey and Hanks,Grey and Hanks
Suzanne Fellini,2,exact_text,1.0,62f68536-92f8-4c9b-bb47-82bb9a718747,Suzanne Fellini,Suzanne Fellini
Grace Slick,2,exact_text,1.0,5015d411-eec3-4126-a613-60532e33d5cb,Grace Slick,Grace Slick
Sky (Arista),2,exact_text,1.0,e1219f90-2de7-470e-b938-562c99097e2a,Sky,Sky
Larry John McNally,2,exact_text,1.0,6c10f888-5277-4f4a-a7cc-1d9bfb0cee6b,Larry John McNally,Larry John McNally
Snuff,2,exact_text,1.0,3f909c24-94e3-42bd-b7e0-e720306bb3b0,Snuff,Snuff
Minor Detail,2,exact_text,1.0,4674d7bc-e5f6-43e2-a125-e13b296400e6,Minor Detail,Minor Detail
Graham Parker,2,exact_text,1.0,f9227504-4fa5-44ee-b205-5301a1f86936,Graham Parker,Graham Parker
Hagar| Schon| Aaronson| Shrieve,2,exact_text,1.0,15a6af1e-307c-4159-bc00-b98efc98175d,"Hagar, Schon, Aaronson, Shrieve","Hagar, Schon, Aaronson, Shrieve"
Eddie & The Tide,2,exact_text,1.0,af50c7b1-cd37-4a38-aeaa-12c1fe1f8a74,Eddie and the Tide,Eddie and the Tide
Tia,2,exact_text,1.0,b2f213d8-bf96-4bd5-99f0-cad1431a3000,Tia,Tia
3 Man Island,2,exact_text,1.0,e90b5ac4-6e33-434b-8ac8-d0b2b6101f86,3 Man Island,3 Man Island
Britny Fox,2,exact_text,1.0,e6f73e88-1a75-4f96-b024-0b7a05531d53,Britny Fox,Britny Fox
Chubb Rock,2,exact_text,1.0,54a783d6-1066-4a3d-b3ee-d12547ea5daa,Chubb Rock,Chubb Rock
Jinny,2,exact_text,1.0,45a484af-f846-41fc-b018-6253ad8723d0,Jinny,Jinny
T.P.E.,2,exact_text,1.0,42d9181f-9220-410d-91a3-7a9ed1010b25,T.P.E.,T.P.E.
Degrees Of Motion,2,exact_text,1.0,64032259-aa1d-423b-8126-f34fd66c809a,Degrees of Motion,Degrees of Motion
Martha Wash,2,exact_text,1.0,e34a3db6-ad81-44f1-aa85-fe1b020b5aef,Martha Wash,Martha Wash
Dina Carroll,2,exact_text,1.0,e4a10ad0-3c15-4c47-b376-6b34ae48f38a,Dina Carroll,Dina Carroll
M.C. Breed,2,fuzzy,0.9412,c16424b2-0679-4358-89a8-41ae279a7059,MC Breed,MC Breed
Darden Smith,2,exact_text,1.0,ae2a2620-fac8-456b-b9ea-14b609879dca,Darden Smith,Darden Smith
The Jesus and Mary Chain,2,exact_text,1.0,e938a15c-b17e-4e7a-9f68-ff0d536cab44,The Jesus and Mary Chain,The Jesus and Mary Chain
Fabu,2,exact_text,1.0,06a9ff31-4529-477a-bc66-d69cc5106424,Fabu,Fabu
Crooklyn Dodgers '95,2,exact_text,1.0,04ee9491-e977-4976-9f53-c5e32d9f97f2,Crooklyn Dodgers ’95,Crooklyn Dodgers ’95
Sadat X,2,exact_text,1.0,bd6f11fd-b4a8-42bd-9a6b-d1cc3616a6d4,Sadat X,Sadat X
Southsyde B.O.I.Z.,2,exact_text,1.0,169232fa-d59a-4903-b530-f317de55912b,Southsyde B.O.I.Z.,Southsyde B.O.I.Z.
Leschea,2,exact_text,1.0,10b2a4bf-de8f-4652-ae14-294b57fc1dba,Leschea,Leschea
Sons Of Funk,2,exact_text,1.0,a4a98254-9d46-4652-81fc-399e9a504854,Sons of Funk,Sons of Funk
Innerlude,2,exact_text,1.0,3892d84a-2f9b-467b-8e5c-f1bc1bb01be2,Innerlude,Innerlude
Emilia,2,exact_text,1.0,025df4dd-aaab-46e2-ba0c-6c6909a4ffe6,Emilia,Emilia
Adam Sandler,2,exact_text,1.0,dfc6d0b8-3d0b-4b33-9b3f-dff972e25594,Adam Sandler,Adam Sandler
Zombie Nation,2,exact_text,1.0,e26fa4b0-ea73-4a33-a745-44077a0d5a59,Zombie Nation,Zombie Nation
NewSong,2,exact_text,1.0,b902715e-669a-4761-8008-9f56b0389008,NewSong,NewSong
Boomkat,2,exact_text,1.0,a0601ca1-ba4e-4d55-a1ba-40f2a4438ed0,Boomkat,Boomkat
Mr. Vegas,2,exact_text,1.0,a1b20750-6757-4bf6-8235-4e1fc45cc46b,Mr. Vegas,Mr. Vegas
Cherie,2,exact_text,1.0,04ba33d2-74c7-4faa-94b5-9f128b6f3ef1,Cherie,Cherie
Sugababes,2,exact_text,1.0,dfa715ac-b536-44df-af43-570d3ea3edec,Sugababes,Sugababes
The Mars Volta,2,exact_text,1.0,20883363-1ea4-4d72-ad72-c0e767038f3e,The Mars Volta,The Mars Volta
HiM,2,exact_text,1.0,4cc51547-88ae-49a2-bf7e-0ef65ee7a94c,HIM,HIM
10 Years,2,exact_text,1.0,b18bc9c4-6f22-4f1b-a918-e9c86a39fe7a,10 Years,10 Years
Lustra,2,exact_text,1.0,b9b082f5-e4d9-4cf2-8fce-8b1e2d8cb6c4,Lustra,Lustra
Chris Cornell,2,exact_text,1.0,cbf9738d-8f81-4a92-bc64-ede09341652d,Chris Cornell,Chris Cornell
Landon Pigg,2,exact_text,1.0,142db9a8-d42d-44f4-8f3c-db20e5bdfd78,Landon Pigg,Landon Pigg
Kate Voegele,2,exact_text,1.0,5c0c9c6a-e85b-4544-a139-a8bb028ce69d,Kate Voegele,Kate Voegele
Joshua Radin,2,exact_text,1.0,24762087-34ce-4f65-b743-7d8402cf30dd,Joshua Radin,Joshua Radin
Mitchel Musso,2,exact_text,1.0,5fa27bba-a086-4363-a6a7-ff1b3be6cc7e,Mitchel Musso,Mitchel Musso
Matt And Kim,2,exact_text,1.0,28537bf2-22c5-4840-91fc-fcb98e8c7379,Matt and Kim,Matt and Kim
Susan Boyle,2,exact_text,1.0,eefcf168-6b1b-46ec-9b75-f8a01161abb5,Susan Boyle,Susan Boyle
Nick Jonas & The Administration,2,exact_text,1.0,40a7d5b5-5e58-4938-9e73-9f4e836f01db,Nick Jonas & the Administration,Nick Jonas & the Administration
Chiddy Bang,2,exact_text,1.0,d452681b-41e0-46a0-bb17-e77d23dfc220,Chiddy Bang,Chiddy Bang
Gwyneth Paltrow,2,exact_text,1.0,dc71c08e-3ee5-409d-ae0d-f4fd9050e170,Gwyneth Paltrow,Gwyneth Paltrow
Xenia,2,exact_text,1.0,ff791b02-8e03-4e75-bf86-255e56a27159,Xenia,Xenia
Hugh Laurie,2,exact_text,1.0,4b90c344-31bd-48d1-aa58-8e061a8251c9,Hugh Laurie,Hugh Laurie
China Anne McClain,2,exact_text,1.0,3d97031d-65c9-4363-8cce-9c262989f2ae,China Anne McClain,China Anne McClain
Bella Thorne,2,exact_text,1.0,53c336fa-358f-4ce5-8681-ab7909922874,Bella Thorne,Bella Thorne
Juliet Simms,2,exact_text,1.0,0cd47028-76b6-4baf-a89c-38069385da5c,Juliet Simms,Juliet Simms
Alabama Shakes,2,exact_text,1.0,40419b33-18e9-4d5a-a674-30b4bb14bac2,Alabama Shakes,Alabama Shakes
Zach Sobiech,2,exact_text,1.0,b9cde97c-d8ea-45bf-9d3b-0b3d8674dd14,Zach Sobiech,Zach Sobiech
Michelle Chamuel,2,exact_text,1.0,2d4ddc45-1219-4bea-a169-9c4fe93f37e8,Michelle Chamuel,Michelle Chamuel
Tessanne Chin,2,exact_text,1.0,e7fd6685-38da-4b3b-9796-09a2562e3cd7,Tessanne Chin,Tessanne Chin
N.W.A,2,exact_text,1.0,3a54bffa-2314-44a2-927b-60144119c780,N.W.A,N.W.A
A Great Big World Featuring FUTURISTIC,2,exact_text,1.0,6958e806-1e14-4844-a0a7-07a27756aa0f,A Great Big World,A Great Big World
Adam Wakefield,2,exact_text,1.0,efacb5be-6e0e-4a89-8543-a979675fef22,Adam Wakefield,Adam Wakefield
Solange,2,exact_text,1.0,410e7fd3-b865-4fa0-bb18-1b7fd53382ca,Solange,Solange
Sundance Head,2,exact_text,1.0,cb13adb3-d73c-4015-a1cd-6d58254710a8,Sundance Head,Sundance Head
Calum Scott,2,exact_text,1.0,68fdc9cc-1094-48bb-942f-66492343e41c,Calum Scott,Calum Scott
Chloe Kohanski,2,exact_text,1.0,517ec1a9-a7d1-43cd-a100-3f4cd77db027,Chloe Kohanski,Chloe Kohanski
Joyner Lucas Featuring Logic,2,exact_text,1.0,cb862d76-90a8-4733-b8f6-69240d60d805,Joyner Lucas,Joyner Lucas
BRELAND,2,exact_text,1.0,9c3601d4-2630-4330-8a08-28c7354b081a,BRELAND,BRELAND
Clinton Kane,2,exact_text,1.0,39de519c-ee75-4e33-b3c6-bd9a23f47433,Clinton Kane,Clinton Kane
EST Gee Featuring Lil Baby| 42 Dugg & Rylo Rodriguez,2,exact_text,1.0,b299e6fc-a7cb-4c7d-a798-0692b60b9e48,EST Gee,EST Gee
Sueco,2,exact_text,1.0,82cbe859-5255-4bbd-bda3-7610a3f857dc,Sueco,Sueco
Ghost,2,exact_text,1.0,2bcf2e02-5bc3-4c76-bf76-41126cb11444,Ghost,Ghost
Kanii,2,exact_text,1.0,1df4ebe1-48d3-4397-bf44-04323af730d0,Kanii,Kanii
Rylo Rodriguez Featuring NoCap,2,exact_text,1.0,1c4b484c-746c-48b8-88b2-40f09e15159d,Rylo Rodriguez,Rylo Rodriguez
Carin Leon,2,exact_text,1.0,db8efd58-7cd0-4ca8-a538-14ad6b44640b,Carin León,Carin León
Fridayy,2,exact_text,1.0,cb9c2a2b-96c2-44d7-bd31-04ef87572b57,Fridayy,Fridayy
Richy Mitch And The Coal Miners,2,exact_text,1.0,fb13c1b2-7962-45b0-9d57-0be39398ce1b,Richy Mitch and the Coal Miners,Richy Mitch and the Coal Miners
Chuckyy,2,exact_text,1.0,72a6f25a-9ca8-4fbc-b9ab-2731fe80a168,Chuckyy,Chuckyy
ATEEZ,2,exact_text,1.0,cf0dbc16-4e24-4957-b5b4-955c8978f690,ATEEZ,ATEEZ
BabyChiefDoit,2,exact_text,1.0,df033c30-93af-439f-9124-431b00c392a8,BabyChiefDoit,BabyChiefDoit
Phil Wickham,2,exact_text,1.0,b635a97f-a971-4d53-8317-b21d3ca4f901,Phil Wickham,Phil Wickham
Diplo Featuring Trippie Redd,2,exact_text,1.0,a56bd8f9-8ef8-4d63-89a4-794ed1360dd2,Diplo,Diplo
Lee Andrews And The Hearts,1,exact_text,1.0,2032b70e-91b2-4202-9eac-a79245f5ecd1,Lee Andrews & the Hearts,Lee Andrews & the Hearts
Kitty Wells,1,exact_text,1.0,5a5eeab3-e4b7-42e9-8ae9-b90eeb210b96,Kitty Wells,Kitty Wells
Lee Allen And His Band,1,exact_text,1.0,dc5e0ca8-e6c2-4d5a-964b-243b6cda0a06,Lee Allen & His Band,Lee Allen & His Band
Lord Rockingham's XI,1,fuzzy,0.9744,c40311f7-c4ec-4e65-a9c2-cab1299fc565,Lord Rockingham’s XI,Lord Rockingham’s XI
Jodie Sands,1,exact_text,1.0,75928a3e-b716-4831-a708-59eb5cfa8eaa,Jodie Sands,Jodie Sands
The Fontane Sisters,1,exact_text,1.0,20a8b01a-d82e-4063-8f50-6f0263696dde,The Fontane Sisters,The Fontane Sisters
The 5 Chanels,1,exact_text,1.0,900da26d-9a65-452a-af15-572cf65eeb51,The 5 Chanels,The 5 Chanels
The Quarter Notes,1,exact_text,1.0,09be17b3-cc9d-456a-8e11-861f7b9c8ff3,The Quarter Notes,The Quarter Notes
Lee and Paul,1,exact_text,1.0,d74d5e95-8cfa-4721-bfd8-3915056df978,Lee & Paul,Lee & Paul
Leslie Uggams,1,exact_text,1.0,0cc74454-f49b-4ce6-bf66-206259f6273f,Leslie Uggams,Leslie Uggams
Hank Thompson,1,exact_text,1.0,80f22a87-7a82-4aff-a60d-8ef0d025ce96,Hank Thompson,Hank Thompson
Ernestine Anderson,1,exact_text,1.0,d4fed395-5b9d-4b70-b45a-c6cbb0b46c9e,Ernestine Anderson,Ernestine Anderson
Mina,1,exact_text,1.0,a56f5af0-3e87-4877-b68f-390f62903381,Mina,Mina
Richard Hayman And His Orchestra,1,exact_text,1.0,fa880e75-00d7-4a29-b05a-8664e38b198a,Richard Hayman and His Orchestra,Richard Hayman and His Orchestra
Helen Shapiro,1,exact_text,1.0,267f7395-1854-4eda-9d07-49368181fc14,Helen Shapiro,Helen Shapiro
Marlowe Morris Quintet,1,exact_text,1.0,4b133289-2a99-4a21-9c30-bd65c5e01ec1,Marlowe Morris Quintet,Marlowe Morris Quintet
Ray And Bob,1,exact_text,1.0,601bed8d-ceb4-4b10-a129-78e7348ad47e,Ray & Bob,Ray & Bob
The Castle Sisters,1,exact_normalized,1.0,d6f5e2f1-9e29-48c6-8614-c77510de41cf,Castle Sisters,Castle Sisters
The Victor Feldman Quartet,1,exact_normalized,1.0,ef8e504c-73ad-4421-b058-52aedbdb1cc2,Victor Feldman Quartet,Victor Feldman Quartet
Lawrence Welk,1,exact_text,1.0,d369e39b-325e-45cf-8ea3-7b0007384140,Lawrence Welk,Lawrence Welk
Mahalia Jackson,1,exact_text,1.0,1bebb19e-9305-4da8-a3fd-5dd40a6e517e,Mahalia Jackson,Mahalia Jackson
Pookie Hudson,1,exact_text,1.0,29dc9009-015f-47c4-bd17-ed2af6d2ae0c,Pookie Hudson,Pookie Hudson
Percy Mayfield,1,exact_text,1.0,21711e9c-3722-4b88-8cd4-5a1b6c9adba4,Percy Mayfield,Percy Mayfield
Clarence Ashe,1,exact_text,1.0,e09b0df7-846d-41e0-9f38-ef522d98bc61,Clarence Ashe,Clarence Ashe
The Hollyridge Strings,1,exact_text,1.0,760b58f4-b0cd-4122-8c93-5d658566ff15,The Hollyridge Strings,The Hollyridge Strings
The Ska Kings,1,exact_text,1.0,98f524eb-66ec-4292-b703-600b1988b918,The Ska Kings,The Ska Kings
Jimmy Witherspoon,1,exact_text,1.0,1eaf1688-4f52-49e8-98bc-743828fe3e7e,Jimmy Witherspoon,Jimmy Witherspoon
The Ron-Dels,1,exact_normalized,1.0,79d98530-44bf-4188-97fd-462f4919bdcd,Ron-Dels,Ron-Dels
Chris Andrews,1,exact_text,1.0,6606ea78-d757-4070-95d5-feac46c561b4,Chris Andrews,Chris Andrews
Richard And The Young Lions,1,exact_text,1.0,30aa22d8-3661-4a1c-967b-512be80a37ac,Richard and the Young Lions,Richard and the Young Lions
The Magic Mushrooms,1,exact_normalized,1.0,221053a7-376f-4f8a-a89e-ecc326cc879d,Magic Mushrooms,Magic Mushrooms
Liverpool Five,1,exact_text,1.0,b02eb04e-730b-462a-9e93-64ffd37b4097,Liverpool Five,Liverpool Five
Soul Brothers Six,1,exact_text,1.0,2f00ed3e-79a5-41ca-a862-8cc359167de7,Soul Brothers Six,Soul Brothers Six
Jean & The Darlings,1,fuzzy,0.9545,1296afa5-e123-434d-a023-5fd3a750a2a9,Jeanne and the Darlings,Jeanne and the Darlings
Grapefruit,1,exact_text,1.0,6f73bc4d-e85e-403a-b8be-0263ae477f90,Grapefruit,Grapefruit
Rejoice!,1,exact_text,1.0,3a76729b-e3ee-4e9c-9b91-582ccb8652d8,Rejoice,Rejoice
Frankie Karl & The Dreams,1,exact_text,1.0,b2347e3b-9193-487e-a8e7-966076a63e20,Frankie Karl and the Dreams,Frankie Karl and the Dreams
The Banana Splits,1,exact_text,1.0,710ac829-5739-43eb-a1c3-92894adc5f48,The Banana Splits,The Banana Splits
Buddy Miles Express,1,exact_text,1.0,52948307-613a-4a5b-9956-64af21b2225e,Buddy Miles Express,Buddy Miles Express
A.B. Skhy,1,exact_text,1.0,2d73bfee-888a-4b89-a846-33fd1aab6365,A.B. Skhy,A.B. Skhy
Rozetta Johnson,1,exact_text,1.0,6a0748f2-dee3-47f4-adde-5deadd419704,Rozetta Johnson,Rozetta Johnson
The 21st Century,1,exact_normalized,1.0,490d996f-f87c-4f32-906b-ed3cf627d0e7,21st Century,21st Century
Moonlion,1,exact_text,1.0,3180e083-0cf6-4df0-bffa-c080f396bdd0,Moonlion,Moonlion
Siedah Garrett,1,exact_text,1.0,69407e6e-8cc1-4d48-91f8-7e07b94032a0,Siedah Garrett,Siedah Garrett
1927,1,exact_text,1.0,63dd51fd-ed5b-4f03-aa7d-d8c853f9430f,1927,1927
Utah Saints,1,exact_text,1.0,6de1f94d-3d2e-40dd-a5e7-3170332a6a93,Utah Saints,Utah Saints
Super Cat,1,exact_text,1.0,2d5fbbfd-27a7-4b74-848a-2b1f24fa1d0a,Super Cat,Super Cat
Elmo & Patsy,1,exact_text,1.0,adcb6655-ba5c-4cf9-9d7a-94aaedbc478b,Elmo & Patsy,Elmo & Patsy
Reel Tight,1,exact_text,1.0,4d4abfe8-0977-4f3f-a433-854f57a29261,Reel Tight,Reel Tight
Fragma,1,exact_text,1.0,ae79ff82-e327-4230-9b29-880d92634365,Fragma,Fragma
Ric-A-Che Featuring Darija,1,exact_text,1.0,05242292-cd54-469a-9f82-9924868e9ab7,Ric-A-Che,Ric-A-Che
The Postal Service,1,exact_text,1.0,299278d3-25dd-4f30-bae4-5b571c28034d,The Postal Service,The Postal Service
John Mayer Trio,1,exact_text,1.0,64ecce47-720d-4caa-a59d-350380c3ced1,John Mayer Trio,John Mayer Trio
Aventura Featuring Don Omar,1,exact_text,1.0,5f2cb99a-7e59-429f-a44d-3a880edccfb1,Aventura,Aventura
Cristian Castro,1,exact_text,1.0,8cc00e45-94c9-40e0-882b-0e76dd5b472b,Cristian Castro,Cristian Castro
Tenacious D,1,exact_text,1.0,148ddea2-6839-4354-8e2c-5dfadf136b7f,Tenacious D,Tenacious D
Alejandro Sanz,1,exact_text,1.0,9bacf78f-9132-43da-8873-8a9eb49da0e9,Alejandro Sanz,Alejandro Sanz
The Naked Brothers Band,1,exact_text,1.0,2a378783-434c-4cdf-abc9-01ddb7b0a909,The Naked Brothers Band,The Naked Brothers Band
AnnaSophia Robb,1,exact_text,1.0,813aa384-260d-46f8-a611-fa421b6e118f,AnnaSophia Robb,AnnaSophia Robb
Joss Stone,1,exact_text,1.0,dbbc47a5-1338-4830-9298-a8d0b11c0a46,Joss Stone,Joss Stone
Brandi Carlile,1,exact_text,1.0,baf05baf-69fb-47dd-93c2-033536b8c385,Brandi Carlile,Brandi Carlile
Serj Tankian,1,exact_text,1.0,e471b63c-c3b5-4f62-a971-cd0b2273838f,Serj Tankian,Serj Tankian
Meryl Streep,1,exact_text,1.0,eb8b0a8a-dc7d-480c-b83a-70a069150d05,Meryl Streep,Meryl Streep
Silversun Pickups,1,exact_text,1.0,b5bd9f88-962e-4730-84a7-795592ba42e8,Silversun Pickups,Silversun Pickups
Skillet,1,exact_text,1.0,16a43d5e-c52d-4eaa-9c3b-00b2c1d8e816,Skillet,Skillet
Anya Marina,1,exact_text,1.0,84b0af1a-8f10-433f-a1ed-948e71712b16,Anya Marina,Anya Marina
Francesca Battistelli,1,exact_text,1.0,9e8b297d-e183-4524-a325-7a4b214dfbf1,Francesca Battistelli,Francesca Battistelli
Eddie Vedder,1,exact_text,1.0,1a60d6dd-9d3e-40fc-a66d-3184f9ee0d61,Eddie Vedder,Eddie Vedder
Shiny Toy Guns,1,exact_text,1.0,ad61e25e-5516-41e1-b60d-744e8220986e,Shiny Toy Guns,Shiny Toy Guns
Danny Gokey,1,exact_text,1.0,2bfdbebe-e54a-4cab-9087-88141d440479,Danny Gokey,Danny Gokey
Alpha Rev,1,exact_text,1.0,3aee5f8b-d69e-4f89-9f97-ade90989b6a2,Alpha Rev,Alpha Rev
Crystal Bowersox,1,exact_text,1.0,23644c2d-7351-4690-81c0-0153e4652847,Crystal Bowersox,Crystal Bowersox
Soundgarden,1,exact_text,1.0,153c9281-268f-4cf3-8938-f5a4593e5df4,Soundgarden,Soundgarden
A Rocket To The Moon,1,exact_text,1.0,4b7aee58-83e6-48f1-b8df-dcc473faf613,A Rocket to the Moon,A Rocket to the Moon
Rise Against,1,exact_text,1.0,606bf117-494f-4864-891f-09d63ff6aa4b,Rise Against,Rise Against
Duck Sauce,1,exact_text,1.0,5269d3d2-63c6-4b8f-8200-6908ffa365d5,Duck Sauce,Duck Sauce
Ashton Shepherd,1,exact_text,1.0,9f1c4795-60fb-42e7-a90c-fe75f4a1f4bb,Ashton Shepherd,Ashton Shepherd
Rej3ctz,1,exact_text,1.0,5e83e580-eb90-4ed9-a671-01ecb14d29f8,Rej3ctz,Rej3ctz
Casey Weston,1,exact_text,1.0,7ab0d993-25c7-4e57-96f6-c9f46b9c0c11,Casey Weston,Casey Weston
Five Finger Death Punch,1,exact_text,1.0,7e8571b1-7c5a-4739-bc51-73d422ee9d74,Five Finger Death Punch,Five Finger Death Punch
Kaskade Featuring Neon Trees,1,exact_text,1.0,29ed4a49-fb99-4a5c-8713-609cabe6f34a,Kaskade,Kaskade
Lindsey Pavao,1,exact_text,1.0,a642ad14-71d4-4b7e-9f42-182ce9548d5a,Lindsey Pavao,Lindsey Pavao
Deadmau5 Featuring Greta Svabo Bech,1,exact_text,1.0,4a00ec9d-c635-463a-8cd4-eb61725f0c60,deadmau5,deadmau5
Grace Potter & The Nocturnals,1,exact_text,1.0,9501a1d0-04a2-47ee-828d-9d016c315bb7,Grace Potter & the Nocturnals,Grace Potter & the Nocturnals
Samantha Barks,1,exact_text,1.0,74a9e761-8ce3-4818-bbff-ad44e9cb2604,Samantha Barks,Samantha Barks
Candice Glover,1,exact_text,1.0,e502b863-c08b-41f4-9fde-bd18fbea2935,Candice Glover,Candice Glover
Armin van Buuren Featuring Trevor Guthrie,1,exact_text,1.0,477b8c0c-c5fc-4ad2-b5b2-191f0bf2a9df,Armin van Buuren,Armin van Buuren
Will Champlin,1,exact_text,1.0,3e3b43db-8d12-4f0c-8d21-e7355bcd7433,Will Champlin,Will Champlin
Lea Michele,1,exact_text,1.0,6bb57027-e15a-40fe-974e-fa788711cb75,Lea Michele,Lea Michele
Lucy Hale,1,exact_text,1.0,55489cf2-1d70-420f-a364-44b4e0eb276c,Lucy Hale,Lucy Hale
Soko,1,exact_text,1.0,02e3d15f-4f86-41b7-b4c2-9ba2ec98af83,SoKo,SoKo
Jake Worthington,1,exact_text,1.0,3548b790-9f39-47d5-9398-15ecbc1140ed,Jake Worthington,Jake Worthington
Jack & Jack,1,exact_text,1.0,51f447ee-e5ba-4cc1-b27c-42ea5a6103ec,Jack & Jack,Jack & Jack
Band Aid 30,1,exact_text,1.0,a3c1211b-9422-43be-a75c-5b6778e7c0b6,Band Aid 30,Band Aid 30
I Prevail,1,exact_text,1.0,1921c28c-ec61-4725-8e35-38dd656f7923,I Prevail,I Prevail
Who is Fancy,1,exact_text,1.0,fba41dcd-103d-43de-ac55-328cd2a56b19,Who Is Fancy,Who Is Fancy
Kimberly Nichole,1,exact_text,1.0,85b81364-7462-41ae-9a8a-045123cf5435,Kimberly Nichole,Kimberly Nichole
Koryn Hawthorne,1,exact_text,1.0,db760d20-6304-4a84-a7c9-fe0dc831c2c3,Koryn Hawthorne,Koryn Hawthorne
Nick Fradiani,1,exact_text,1.0,a90c76ab-7b3b-43d9-a676-16f29afcd4d9,Nick Fradiani,Nick Fradiani
Meghan Linsey,1,exact_text,1.0,33f101d3-fd9d-4963-a5e2-14c4cad8cdb3,Meghan Linsey,Meghan Linsey
How I Became The Bomb,1,exact_text,1.0,c1184f0a-78de-49ab-b85b-995d39e9093e,How I Became the Bomb,How I Became the Bomb
Barrett Baber,1,exact_text,1.0,e7ca6db5-dee1-4460-8d38-35f36b61c961,Barrett Baber,Barrett Baber
Emily Ann Roberts,1,exact_text,1.0,a3d61d68-13ce-47a5-a600-e86bc896b170,Emily Ann Roberts,Emily Ann Roberts
Lindsey Stirling,1,exact_text,1.0,53e40f93-f4af-4f8c-819c-7bbe4b6f0a1c,Lindsey Stirling,Lindsey Stirling
Curren$y Featuring August Alsina & Lil Wayne,1,exact_text,1.0,4ce1c576-305a-4b82-82fa-5e5359056219,Curren$y,Curren$y
Hannah Huston,1,exact_text,1.0,91d94417-1d40-443f-b6a0-95757438a421,Hannah Huston,Hannah Huston
Alisan Porter,1,exact_text,1.0,f87e19fb-1590-4f62-ae7d-a973c1efbc1b,Alisan Porter,Alisan Porter
Broadway for Orlando,1,exact_text,1.0,e3060a6d-cf30-4573-82c0-14f0f5d33b50,Broadway For Orlando,Broadway For Orlando
CL,1,exact_text,1.0,549c659d-bd39-4acd-b664-d0691036e71a,CL,CL
Leonard Cohen,1,exact_text,1.0,65314b12-0e08-43fa-ba33-baaa7b874c15,Leonard Cohen,Leonard Cohen
Olivia O'Brien,1,fuzzy,0.963,f60ec1c3-7099-4a59-945e-4e63184ab842,Olivia O’Brien,Olivia O’Brien
Lin-Manuel Miranda Featuring Artists For Puerto Rico,1,fuzzy,0.9714,925c7673-0e85-410f-b7e4-d9705a7aa619,Lin‐Manuel Miranda,Lin‐Manuel Miranda
Lil Peep,1,exact_text,1.0,92da4329-77a4-425c-8e92-4280110cace9,Lil Peep,Lil Peep
Addison Agen,1,exact_text,1.0,78f1faa9-9ee5-4ae2-a101-51bdf500ad30,Addison Agen,Addison Agen
Janelle Monae,1,exact_text,1.0,ee190f6b-7d98-43ec-b924-da5f8018eca0,Janelle Monáe,Janelle Monáe
Swae Lee Featuring Slim Jxmmi,1,exact_text,1.0,a17ce9c3-8f6f-4dcc-a1b7-2a04ab9e31f0,Swae Lee,Swae Lee
Steve Aoki Featuring BTS,1,exact_text,1.0,a39acc4a-985e-4173-a9ed-f325f2d3bc1c,Steve Aoki,Steve Aoki
for KING & COUNTRY,1,exact_text,1.0,594beb50-0853-4e48-b3b9-b9ce1c3b72c9,for KING & COUNTRY,for KING & COUNTRY
Anuel AA,1,exact_text,1.0,87a75fc3-59e7-4598-925c-8e230bce5db9,Anuel AA,Anuel AA
Why Don't We,1,fuzzy,0.9565,1c68773d-b1db-4529-b9ac-51810ced1a19,Why Don’t We,Why Don’t We
Clairo,1,exact_text,1.0,d786f59b-1836-4ddb-8393-ab753edbe984,Clairo,Clairo
Larray,1,exact_text,1.0,7292a1cf-3f5b-4ec5-a4a7-ec91afc556aa,Larray,Larray
Kid Cudi| Skepta & Pop Smoke,1,exact_text,1.0,04fcb3eb-5101-47bb-960f-e2b3bef2b249,"Kid Cudi, Skepta & Pop Smoke","Kid Cudi, Skepta & Pop Smoke"
Ant Clemons Featuring Justin Timberlake,1,exact_text,1.0,0843b9d2-da32-406b-8c31-2ac4a18e42a8,Ant Clemons,Ant Clemons
Nessa Barrett,1,exact_text,1.0,da0c8f4f-f4f4-4e91-86ca-e31108bb5706,Nessa Barrett,Nessa Barrett
Yung Miami,1,exact_text,1.0,7e987fc0-7606-4637-8eb1-8c9c3e57a65c,Yung Miami,Yung Miami
Carlos Vives,1,exact_text,1.0,ac367c2e-7783-41e5-a184-131da6b0c166,Carlos Vives,Carlos Vives
Taeyang Featuring Jimin,1,exact_text,1.0,d84e5667-3cbe-4556-b551-9d7e4be95d71,TAEYANG,TAEYANG
ThxSoMch,1,exact_text,1.0,7e576af7-21e0-4926-bada-135d16a3e5ad,ThxSoMch,ThxSoMch
Falling in Reverse,1,exact_text,1.0,e56ab1ae-1cfa-4d0e-b33b-af31bff677c7,Falling in Reverse,Falling in Reverse
Kim Petras Featuring Nicki Minaj,1,exact_text,1.0,54fc0558-12b5-4854-9d57-9441bcd73a72,Kim Petras,Kim Petras
Hailey Whitters,1,exact_text,1.0,684875cb-f334-4979-8043-ee8ec91000b9,Hailey Whitters,Hailey Whitters
Andre 3000,1,exact_text,1.0,f563a1a9-069b-41ed-8b3b-e1b1a6f5b34b,André 3000,André 3000
ILLIT,1,exact_text,1.0,6b128dd7-e998-4edb-a4f5-400fef190445,ILLIT,ILLIT
Royel Otis,1,exact_text,1.0,2244c1f9-773f-4541-a4fe-ee6dc4f2ce60,Royel Otis,Royel Otis
Surf Curse,1,exact_text,1.0,89ea85c2-c90a-46ea-93db-9bed95d5c8f8,Surf Curse,Surf Curse
Odetari,1,exact_text,1.0,2d8be86e-dccf-481a-a01c-faf9e48edd6d,Odetari,Odetari
PinkPantheress,1,exact_text,1.0,7441014f-f8f5-494f-81db-ff166fbc078d,PinkPantheress,PinkPantheress
